Topic 1	Topic 2	Topic 3	Topic 4	Topic 5	Topic 6	Topic 7	Topic 8	Topic 9	Topic 10	Topic 11	Topic 12	Topic 13	Topic 14	Topic 15	Topic 16	Topic 17	Topic 18	Topic 19	Topic 20	Topic 21	Topic 22	Topic 23	Topic 24	Topic 25	Topic 26	Topic 27	Topic 28	Topic 29	Topic 30	Topic 31	Topic 32	Topic 33	Topic 34	Topic 35
ENSG00000034510	ENSG00000211890	ENSG00000111341	ENSG00000171428	ENSG00000141424	ENSG00000090382	ENSG00000143632	ENSG00000202198	ENSG00000143369	ENSG00000153002	ENSG00000244734	ENSG00000131771	ENSG00000133048	ENSG00000145824	ENSG00000186832	ENSG00000104332	ENSG00000075624	ENSG00000161634	ENSG00000188257	ENSG00000179593	ENSG00000211895	ENSG00000124107	ENSG00000105825	ENSG00000159212	ENSG00000129437	ENSG00000121769	ENSG00000161055	ENSG00000163220	ENSG00000159763	ENSG00000160180	ENSG00000163631	ENSG00000172551	ENSG00000178372	ENSG00000189058	ENSG00000225972
ENSG00000108298	ENSG00000132465	ENSG00000164919	ENSG00000117472	ENSG00000115461	ENSG00000169245	ENSG00000162896	ENSG00000200087	ENSG00000095321	ENSG00000135346	ENSG00000165272	ENSG00000064886	ENSG00000105894	ENSG00000159388	ENSG00000102837	ENSG00000109846	ENSG00000184009	ENSG00000100604	ENSG00000229314	ENSG00000183569	ENSG00000211896	ENSG00000186847	ENSG00000167653	ENSG00000136457	ENSG00000114200		ENSG00000185559	ENSG00000143556			ENSG00000171564	ENSG00000175535			ENSG00000230076
ENSG00000143320	ENSG00000170323	ENSG00000099194	ENSG00000233622	ENSG00000110092	ENSG00000179862	ENSG00000104879	ENSG00000212232	ENSG00000115457	ENSG00000243480	ENSG00000173267	ENSG00000047457	ENSG00000163017	ENSG00000152661	ENSG00000124102	ENSG00000160307	ENSG00000112306	ENSG00000089199	ENSG00000182853	ENSG00000134201	ENSG00000211677	ENSG00000186081	ENSG00000269235	ENSG00000169347			ENSG00000146453	ENSG00000143546			ENSG00000171557				
ENSG00000197956	ENSG00000173432	ENSG00000109062	ENSG00000003989	ENSG00000109436	ENSG00000163520	ENSG00000196091	ENSG00000252481	ENSG00000162078	ENSG00000226085	ENSG00000122679	ENSG00000121039	ENSG00000049540	ENSG00000113739	ENSG00000196754	ENSG00000168309	ENSG00000203875	ENSG00000268751	ENSG00000091513	ENSG00000096088	ENSG00000211893	ENSG00000118849		ENSG00000110169			ENSG00000185615	ENSG00000163221			ENSG00000171560				
ENSG00000126709	ENSG00000100985	ENSG00000187837	ENSG00000108176	ENSG00000183779	ENSG00000242265	ENSG00000175084	ENSG00000238741	ENSG00000148344		ENSG00000174938	ENSG00000135744	ENSG00000165474	ENSG00000138449	ENSG00000205420	ENSG00000073756	ENSG00000227615	ENSG00000184226	ENSG00000132693	ENSG00000158104	ENSG00000211679	ENSG00000148346		ENSG00000204936			ENSG00000143536								
ENSG00000160862	ENSG00000099953	ENSG00000187608	ENSG00000162482	ENSG00000074410	ENSG00000171346	ENSG00000146648	ENSG00000212443	ENSG00000166825		ENSG00000166165	ENSG00000164764	ENSG00000243955	ENSG00000187244	ENSG00000167768	ENSG00000136842	ENSG00000143333		ENSG00000257017	ENSG00000172250	ENSG00000211899	ENSG00000163347		ENSG00000235454			ENSG00000272817								
ENSG00000117984	ENSG00000122176	ENSG00000169710	ENSG00000164403	ENSG00000197249	ENSG00000169442	ENSG00000229344	ENSG00000251791	ENSG00000140443		ENSG00000198125	ENSG00000107984	ENSG00000132692	ENSG00000071967	ENSG00000167656	ENSG00000237248	ENSG00000168758		ENSG00000158874	ENSG00000241720	ENSG00000211892	ENSG00000188505					ENSG00000168925								
ENSG00000206503	ENSG00000130208	ENSG00000120738	ENSG00000163040	ENSG00000109472	ENSG00000172724	ENSG00000111245	ENSG00000208772	ENSG00000124466		ENSG00000125144	ENSG00000129167	ENSG00000175646	ENSG00000134352	ENSG00000188508	ENSG00000187699	ENSG00000235162		ENSG00000118137	ENSG00000258926	ENSG00000211897	ENSG00000163739					ENSG00000142789								
ENSG00000149273	ENSG00000197766	ENSG00000185499	ENSG00000106688	ENSG00000146476	ENSG00000137077	ENSG00000164879	ENSG00000168298	ENSG00000158406		ENSG00000142875	ENSG00000169085	ENSG00000233196	ENSG00000214530	ENSG00000171401	ENSG00000261616	ENSG00000139194		ENSG00000110245	ENSG00000099984	ENSG00000254709	ENSG00000111215					ENSG00000219073								
ENSG00000130303	ENSG00000168209	ENSG00000170345	ENSG00000237940	ENSG00000176907	ENSG00000186395	ENSG00000101470	ENSG00000259001	ENSG00000166920		ENSG00000134184	ENSG00000225792	ENSG00000231346	ENSG00000101210	ENSG00000092758		ENSG00000213553		ENSG00000242252	ENSG00000227242	ENSG00000099958	ENSG00000112299					ENSG00000172016								
ENSG00000185885	ENSG00000121966	ENSG00000012660	ENSG00000156011	ENSG00000013588	ENSG00000107317	ENSG00000168530	ENSG00000184260	ENSG00000152137		ENSG00000099994	ENSG00000198400		ENSG00000157303	ENSG00000178934		ENSG00000136689		ENSG00000136872		ENSG00000253364	ENSG00000152463													
ENSG00000116133	ENSG00000143196	ENSG00000120129	ENSG00000164404	ENSG00000104267	ENSG00000211772	ENSG00000125414	ENSG00000263740	ENSG00000105048		ENSG00000188536	ENSG00000255118		ENSG00000109814	ENSG00000189001		ENSG00000243199		ENSG00000091583		ENSG00000259772	ENSG00000101670													
ENSG00000142173	ENSG00000106565	ENSG00000142871	ENSG00000137825	ENSG00000148154	ENSG00000105369	ENSG00000092054	ENSG00000201302	ENSG00000132329		ENSG00000155093			ENSG00000074527	ENSG00000169469		ENSG00000153487		ENSG00000162267		ENSG00000233296	ENSG00000115386													
ENSG00000189334	ENSG00000095739	ENSG00000133321	ENSG00000164406	ENSG00000124126	ENSG00000105374	ENSG00000130598	ENSG00000238795	ENSG00000114115		ENSG00000175315			ENSG00000168743	ENSG00000170477		ENSG00000250182		ENSG00000118520		ENSG00000239839	ENSG00000228238													
ENSG00000118523	ENSG00000130707	ENSG00000171223	ENSG00000240891	ENSG00000164125	ENSG00000188404	ENSG00000114854	ENSG00000199477	ENSG00000130513		ENSG00000178363			ENSG00000179456	ENSG00000169474		ENSG00000269981		ENSG00000141505		ENSG00000249142	ENSG00000168484													
ENSG00000142156	ENSG00000167676	ENSG00000237973		ENSG00000134202	ENSG00000227507	ENSG00000130595	ENSG00000269900	ENSG00000180694		ENSG00000205362			ENSG00000153714	ENSG00000140519		ENSG00000167600		ENSG00000226416																
ENSG00000160932	ENSG00000123689	ENSG00000169908		ENSG00000143248	ENSG00000077984	ENSG00000180209	ENSG00000254911	ENSG00000104381		ENSG00000205364			ENSG00000064651	ENSG00000204248		ENSG00000213293																		
ENSG00000225630	ENSG00000115380	ENSG00000101439		ENSG00000245532	ENSG00000112936	ENSG00000177791	ENSG00000212283	ENSG00000172602		ENSG00000164309			ENSG00000171236	ENSG00000241794																				
ENSG00000120885	ENSG00000041982	ENSG00000137331		ENSG00000112562	ENSG00000104894	ENSG00000158887	ENSG00000202058	ENSG00000102886		ENSG00000176153			ENSG00000243649	ENSG00000163209																				
ENSG00000130203	ENSG00000166819	ENSG00000110492		ENSG00000013583	ENSG00000117091	ENSG00000170290	ENSG00000255823	ENSG00000019102		ENSG00000101298			ENSG00000224389	ENSG00000203782																				
ENSG00000175899	ENSG00000104419	ENSG00000141736		ENSG00000104368	ENSG00000107742	ENSG00000077522	ENSG00000197714	ENSG00000105290		ENSG00000034971			ENSG00000244731	ENSG00000172005																				
ENSG00000107796	ENSG00000175445	ENSG00000111716		ENSG00000140526	ENSG00000140379	ENSG00000239474	ENSG00000212664	ENSG00000162746		ENSG00000174939			ENSG00000156853	ENSG00000108602																				
ENSG00000143387	ENSG00000169439	ENSG00000125730		ENSG00000092068	ENSG00000100385	ENSG00000196296	ENSG00000212607	ENSG00000132821		ENSG00000173991			ENSG00000187097	ENSG00000203785																				
ENSG00000118785	ENSG00000103257	ENSG00000141232		ENSG00000143412	ENSG00000136490	ENSG00000068976	ENSG00000151012	ENSG00000204421		ENSG00000185482			ENSG00000163072	ENSG00000168878																				
ENSG00000135480	ENSG00000117394	ENSG00000104763		ENSG00000150687	ENSG00000139193	ENSG00000129170	ENSG00000270640	ENSG00000132639		ENSG00000108515			ENSG00000075886	ENSG00000174564																				
ENSG00000125148	ENSG00000266469	ENSG00000104341		ENSG00000178935	ENSG00000126353	ENSG00000156885	ENSG00000228663	ENSG00000203685		ENSG00000170835			ENSG00000139970	ENSG00000133710																				
ENSG00000198502	ENSG00000196616	ENSG00000175061		ENSG00000112996	ENSG00000007312	ENSG00000164776	ENSG00000239884	ENSG00000197837		ENSG00000143318			ENSG00000167549	ENSG00000115590																				
ENSG00000128016	ENSG00000172893	ENSG00000101443		ENSG00000155906	ENSG00000172543	ENSG00000160808	ENSG00000240877	ENSG00000164929		ENSG00000106927			ENSG00000231852	ENSG00000169509																				
ENSG00000084207	ENSG00000116741	ENSG00000165949		ENSG00000134759	ENSG00000117594	ENSG00000197893	ENSG00000235082	ENSG00000108309		ENSG00000080493			ENSG00000266903	ENSG00000092295																				
ENSG00000196154	ENSG00000167588	ENSG00000107438		ENSG00000196177	ENSG00000241106	ENSG00000101605	ENSG00000272072	ENSG00000203814		ENSG00000109072			ENSG00000188996	ENSG00000166682																				
ENSG00000159189	ENSG00000138207	ENSG00000135052		ENSG00000075275	ENSG00000105639	ENSG00000036448	ENSG00000251136	ENSG00000213144		ENSG00000131094			ENSG00000125780	ENSG00000234964																				
ENSG00000173372	ENSG00000233913	ENSG00000180573		ENSG00000168350	ENSG00000104814	ENSG00000131730	ENSG00000270108	ENSG00000129991		ENSG00000125895			ENSG00000146205	ENSG00000118194																				
ENSG00000129538	ENSG00000196878	ENSG00000121858		ENSG00000180530	ENSG00000173762	ENSG00000159173	ENSG00000174501	ENSG00000186806		ENSG00000225978			ENSG00000253203	ENSG00000236264																				
ENSG00000173369	ENSG00000187288	ENSG00000147677		ENSG00000084444	ENSG00000247774	ENSG00000120729	ENSG00000254165	ENSG00000029534		ENSG00000203943			ENSG00000250261	ENSG00000182333																				
ENSG00000177606	ENSG00000138061	ENSG00000137309		ENSG00000139211	ENSG00000115523	ENSG00000122367	ENSG00000254604	ENSG00000125966		ENSG00000165995				ENSG00000173338																				
ENSG00000155368	ENSG00000117115	ENSG00000182326		ENSG00000142102	ENSG00000089692	ENSG00000086967	ENSG00000255968	ENSG00000099822		ENSG00000160097				ENSG00000122852																				
ENSG00000141367	ENSG00000006210	ENSG00000147684		ENSG00000272335	ENSG00000197540	ENSG00000183091	ENSG00000222112	ENSG00000023839		ENSG00000130528				ENSG00000172867																				
ENSG00000112378	ENSG00000134824	ENSG00000168528		ENSG00000171791	ENSG00000123329	ENSG00000148677	ENSG00000259116	ENSG00000269889		ENSG00000176919				ENSG00000148600																				
ENSG00000160213	ENSG00000004776	ENSG00000245910		ENSG00000100003	ENSG00000012124	ENSG00000124701	ENSG00000262663	ENSG00000146054		ENSG00000166343				ENSG00000066230																				
ENSG00000105202	ENSG00000092621	ENSG00000123975		ENSG00000124171	ENSG00000175463	ENSG00000196218	ENSG00000235159	ENSG00000074317		ENSG00000214872				ENSG00000203876																				
ENSG00000115415	ENSG00000165795	ENSG00000175567		ENSG00000144218	ENSG00000198286	ENSG00000240045	ENSG00000233098			ENSG00000105697				ENSG00000232656																				
ENSG00000125995	ENSG00000090104	ENSG00000181019		ENSG00000269867	ENSG00000072818	ENSG00000178343	ENSG00000238279			ENSG00000122477				ENSG00000249790																				
ENSG00000146731	ENSG00000198682	ENSG00000187840		ENSG00000137501	ENSG00000124772	ENSG00000176826	ENSG00000224220			ENSG00000133878				ENSG00000259098																				
ENSG00000011465	ENSG00000226278	ENSG00000026508		ENSG00000127663	ENSG00000140459	ENSG00000109061	ENSG00000246859			ENSG00000118004				ENSG00000213931																				
ENSG00000002834	ENSG00000203760	ENSG00000182481		ENSG00000108932	ENSG00000111913	ENSG00000155657	ENSG00000272037			ENSG00000184185																								
ENSG00000129009	ENSG00000172201	ENSG00000172057		ENSG00000154153	ENSG00000163568	ENSG00000182676	ENSG00000237705			ENSG00000100628																								
ENSG00000186340	ENSG00000167779	ENSG00000143753		ENSG00000163536	ENSG00000009790	ENSG00000108823	ENSG00000271843			ENSG00000177453																								
ENSG00000215845	ENSG00000130176	ENSG00000158373		ENSG00000166780	ENSG00000198846	ENSG00000212719	ENSG00000135976			ENSG00000165646																								
ENSG00000148180	ENSG00000182253	ENSG00000104447		ENSG00000174827	ENSG00000147465	ENSG00000165887	ENSG00000261069			ENSG00000175564																								
ENSG00000122862	ENSG00000125686	ENSG00000175793		ENSG00000169047	ENSG00000159958	ENSG00000148935	ENSG00000270115			ENSG00000206172																								
ENSG00000156587	ENSG00000163815	ENSG00000108344		ENSG00000139631	ENSG00000068831	ENSG00000249825	ENSG00000138336			ENSG00000169885																								
ENSG00000149257	ENSG00000002933	ENSG00000085733		ENSG00000150995	ENSG00000065675	ENSG00000143028	ENSG00000271964			ENSG00000087250																								
ENSG00000011600	ENSG00000130600	ENSG00000136235		ENSG00000185133	ENSG00000244617	ENSG00000159251	ENSG00000272498			ENSG00000260246																								
ENSG00000231389	ENSG00000180543	ENSG00000211445		ENSG00000183044	ENSG00000224858	ENSG00000139914	ENSG00000272367			ENSG00000130649																								
ENSG00000111799	ENSG00000157404	ENSG00000135046		ENSG00000156650	ENSG00000159753	ENSG00000172399	ENSG00000015479			ENSG00000186628																								
ENSG00000108829	ENSG00000079435	ENSG00000143578		ENSG00000198466	ENSG00000145287	ENSG00000077009	ENSG00000239300			ENSG00000229107																								
ENSG00000166226	ENSG00000104783	ENSG00000246705		ENSG00000068078	ENSG00000247982	ENSG00000138100	ENSG00000270426			ENSG00000134571																								
ENSG00000130635	ENSG00000163431	ENSG00000163993		ENSG00000150667	ENSG00000185245	ENSG00000010282	ENSG00000260872			ENSG00000196565																								
ENSG00000173457	ENSG00000069702	ENSG00000181788		ENSG00000156671	ENSG00000083454	ENSG00000158022	ENSG00000234332			ENSG00000229859																								
ENSG00000079462	ENSG00000162551	ENSG00000072310		ENSG00000179715	ENSG00000241556	ENSG00000162461	ENSG00000237672																											
ENSG00000112759	ENSG00000167258	ENSG00000196562		ENSG00000232815	ENSG00000023171	ENSG00000163827	ENSG00000242100																											
ENSG00000169738	ENSG00000162998	ENSG00000136997		ENSG00000147642	ENSG00000148795	ENSG00000151320	ENSG00000270427																											
ENSG00000182809	ENSG00000164530	ENSG00000108179		ENSG00000109452	ENSG00000248099	ENSG00000092529	ENSG00000270061																											
ENSG00000177666	ENSG00000133392	ENSG00000008283		ENSG00000235978	ENSG00000261448	ENSG00000234638	ENSG00000215630																											
ENSG00000160888	ENSG00000180914	ENSG00000141741		ENSG00000181826	ENSG00000254667	ENSG00000120937	ENSG00000215158																											
ENSG00000260260	ENSG00000081277	ENSG00000136770		ENSG00000069020	ENSG00000142615	ENSG00000197616	ENSG00000256973																											
ENSG00000162576	ENSG00000134339	ENSG00000062716		ENSG00000160345		ENSG00000258444	ENSG00000224020																											
ENSG00000170458	ENSG00000062282	ENSG00000184678		ENSG00000269343			ENSG00000181722																											
ENSG00000103024	ENSG00000119927	ENSG00000167900		ENSG00000163704			ENSG00000273243																											
ENSG00000129103	ENSG00000173898	ENSG00000105974		ENSG00000273472			ENSG00000235957																											
ENSG00000089327	ENSG00000135069	ENSG00000168461		ENSG00000124243			ENSG00000269997																											
ENSG00000169692	ENSG00000157150	ENSG00000198467		ENSG00000086619			ENSG00000232729																											
ENSG00000166482	ENSG00000054598	ENSG00000106483		ENSG00000004838			ENSG00000272588																											
ENSG00000131844	ENSG00000132561	ENSG00000117632		ENSG00000214193			ENSG00000257509																											
ENSG00000152082	ENSG00000137699	ENSG00000176485		ENSG00000007516			ENSG00000253167																											
ENSG00000077942	ENSG00000151914	ENSG00000170017		ENSG00000257270			ENSG00000250906																											
ENSG00000083444	ENSG00000189129	ENSG00000100979		ENSG00000168280			ENSG00000231119																											
ENSG00000124422	ENSG00000135447	ENSG00000169919		ENSG00000140479			ENSG00000245711																											
ENSG00000174080	ENSG00000249992	ENSG00000140545		ENSG00000111052			ENSG00000262180																											
ENSG00000136167	ENSG00000148926	ENSG00000196396		ENSG00000114529			ENSG00000236772																											
ENSG00000146386	ENSG00000104490	ENSG00000138615		ENSG00000160188			ENSG00000256436																											
ENSG00000214078	ENSG00000269936	ENSG00000175063		ENSG00000164850			ENSG00000261770																											
ENSG00000165507	ENSG00000157368	ENSG00000116774		ENSG00000213085			ENSG00000232912																											
ENSG00000146674	ENSG00000255071	ENSG00000232573		ENSG00000108852			ENSG00000263220																											
ENSG00000189159	ENSG00000064300	ENSG00000139629		ENSG00000182575			ENSG00000175106																											
ENSG00000123124	ENSG00000163710	ENSG00000102575		ENSG00000134020			ENSG00000225313																											
ENSG00000170801	ENSG00000120049	ENSG00000182704		ENSG00000141294			ENSG00000245275																											
ENSG00000121691	ENSG00000147889	ENSG00000115255		ENSG00000161653			ENSG00000271817																											
ENSG00000042445	ENSG00000223573	ENSG00000120875		ENSG00000213062			ENSG00000240522																											
ENSG00000128283	ENSG00000184113	ENSG00000074181		ENSG00000078053			ENSG00000233912																											
ENSG00000167085	ENSG00000254682	ENSG00000008441		ENSG00000204514			ENSG00000241782																											
ENSG00000024422	ENSG00000163975	ENSG00000196405		ENSG00000235681			ENSG00000240395																											
ENSG00000132432	ENSG00000152766	ENSG00000151552		ENSG00000249592			ENSG00000250568																											
ENSG00000169715	ENSG00000108306	ENSG00000104549		ENSG00000250510			ENSG00000270130																											
ENSG00000122861	ENSG00000135094	ENSG00000161395		ENSG00000273350			ENSG00000225891																											
ENSG00000168394	ENSG00000107159	ENSG00000143401		ENSG00000268362			ENSG00000241983																											
ENSG00000184557	ENSG00000173641	ENSG00000075618		ENSG00000244265			ENSG00000230084																											
ENSG00000169604	ENSG00000006016	ENSG00000114631		ENSG00000240970			ENSG00000254509																											
ENSG00000172216	ENSG00000144354	ENSG00000100292		ENSG00000139547			ENSG00000232043																											
ENSG00000175895	ENSG00000169429	ENSG00000004799		ENSG00000203709			ENSG00000196912																											
ENSG00000025708	ENSG00000167771	ENSG00000076604		ENSG00000255443			ENSG00000255670																											
ENSG00000163513	ENSG00000018625	ENSG00000077152		ENSG00000121101			ENSG00000273302																											
ENSG00000116752	ENSG00000103044	ENSG00000125740		ENSG00000265791			ENSG00000233025																											
ENSG00000162545	ENSG00000013297	ENSG00000088325		ENSG00000232545			ENSG00000270614																											
ENSG00000173334	ENSG00000090530	ENSG00000104738		ENSG00000268201			ENSG00000226318																											
ENSG00000065054	ENSG00000136943	ENSG00000135218		ENSG00000172232			ENSG00000269951																											
ENSG00000006831	ENSG00000163032	ENSG00000142694		ENSG00000197182			ENSG00000212124																											
ENSG00000038427	ENSG00000182600	ENSG00000197457		ENSG00000237781			ENSG00000230280																											
ENSG00000125398	ENSG00000227591	ENSG00000235174		ENSG00000244161			ENSG00000249252																											
ENSG00000134531	ENSG00000106123	ENSG00000134057		ENSG00000273449			ENSG00000212125																											
ENSG00000106333	ENSG00000241644	ENSG00000141582		ENSG00000267274			ENSG00000269938																											
ENSG00000170525	ENSG00000005513	ENSG00000186480		ENSG00000273338			ENSG00000229325																											
ENSG00000179344	ENSG00000124253	ENSG00000130193		ENSG00000198003			ENSG00000263235																											
ENSG00000066583	ENSG00000143882	ENSG00000135929		ENSG00000234500			ENSG00000229598																											
ENSG00000145632	ENSG00000130294	ENSG00000181218		ENSG00000214439			ENSG00000180747																											
ENSG00000123983	ENSG00000166292	ENSG00000196205		ENSG00000172264			ENSG00000230732																											
ENSG00000119917	ENSG00000186603	ENSG00000168283		ENSG00000273284			ENSG00000233578																											
ENSG00000151726	ENSG00000134548	ENSG00000117399		ENSG00000234268			ENSG00000230872																											
ENSG00000116016	ENSG00000128965	ENSG00000168615		ENSG00000105146			ENSG00000235837																											
ENSG00000206341	ENSG00000180139	ENSG00000104140		ENSG00000226259			ENSG00000235530																											
ENSG00000106538	ENSG00000132016	ENSG00000157613		ENSG00000143847			ENSG00000272918																											
ENSG00000182154	ENSG00000128268	ENSG00000127528		ENSG00000006128			ENSG00000262652																											
ENSG00000006327	ENSG00000149596	ENSG00000178896		ENSG00000111834			ENSG00000226380																											
ENSG00000154096	ENSG00000152270	ENSG00000138434		ENSG00000138115			ENSG00000271043																											
ENSG00000131759	ENSG00000183036	ENSG00000091947		ENSG00000273474			ENSG00000253330																											
ENSG00000108349	ENSG00000126218	ENSG00000109586		ENSG00000235772			ENSG00000259118																											
ENSG00000198832	ENSG00000181856	ENSG00000130005		ENSG00000244124			ENSG00000267560																											
ENSG00000100342	ENSG00000143127	ENSG00000132688		ENSG00000155530			ENSG00000139351																											
ENSG00000179967	ENSG00000260807	ENSG00000133195		ENSG00000232224			ENSG00000228060																											
ENSG00000107562	ENSG00000118729	ENSG00000106003		ENSG00000237118			ENSG00000250116																											
ENSG00000187193	ENSG00000165568	ENSG00000122952		ENSG00000259799			ENSG00000233231																											
ENSG00000176046	ENSG00000178750	ENSG00000110090		ENSG00000095932			ENSG00000236526																											
ENSG00000140105	ENSG00000152154	ENSG00000131471		ENSG00000261396			ENSG00000255449																											
ENSG00000008394	ENSG00000128298	ENSG00000008838		ENSG00000223609			ENSG00000180189																											
ENSG00000135916	ENSG00000131015	ENSG00000113368		ENSG00000230408			ENSG00000240751																											
ENSG00000163131	ENSG00000160801	ENSG00000144476		ENSG00000183579			ENSG00000224093																											
ENSG00000132470	ENSG00000133069	ENSG00000100504					ENSG00000225527																											
ENSG00000157601	ENSG00000135437	ENSG00000119699					ENSG00000261596																											
ENSG00000103490	ENSG00000188763	ENSG00000079308					ENSG00000228446																											
ENSG00000106366	ENSG00000254615	ENSG00000144655					ENSG00000011590																											
ENSG00000142552	ENSG00000117013	ENSG00000167700					ENSG00000250602																											
ENSG00000100304	ENSG00000162747	ENSG00000010292					ENSG00000269924																											
ENSG00000123384	ENSG00000154655	ENSG00000108551					ENSG00000273245																											
ENSG00000091409	ENSG00000120088	ENSG00000213088					ENSG00000265194																											
ENSG00000074201	ENSG00000213420	ENSG00000131748					ENSG00000126861																											
ENSG00000011028	ENSG00000104833	ENSG00000158669					ENSG00000272843																											
ENSG00000159199	ENSG00000272931	ENSG00000137804					ENSG00000235481																											
ENSG00000174807	ENSG00000273237	ENSG00000135549					ENSG00000226312																											
ENSG00000120708	ENSG00000115138	ENSG00000101224					ENSG00000234369																											
ENSG00000136859	ENSG00000266964	ENSG00000113296					ENSG00000267632																											
ENSG00000102760	ENSG00000170509	ENSG00000183160					ENSG00000227945																											
ENSG00000243678	ENSG00000064692	ENSG00000112297					ENSG00000239653																											
ENSG00000068079	ENSG00000164266	ENSG00000006118					ENSG00000171217																											
ENSG00000110799	ENSG00000101049	ENSG00000143126					ENSG00000273138																											
ENSG00000116285	ENSG00000130173	ENSG00000112796					ENSG00000204380																											
ENSG00000156804	ENSG00000168490	ENSG00000073111					ENSG00000229127																											
ENSG00000244398	ENSG00000154263	ENSG00000085377					ENSG00000229502																											
ENSG00000250722	ENSG00000124097	ENSG00000188783					ENSG00000223642																											
ENSG00000138080	ENSG00000261490	ENSG00000147872					ENSG00000249835																											
ENSG00000237039	ENSG00000177335	ENSG00000164949					ENSG00000271580																											
ENSG00000227081	ENSG00000050767	ENSG00000163141					ENSG00000270903																											
ENSG00000137965	ENSG00000174171	ENSG00000187653					ENSG00000265218																											
ENSG00000185215	ENSG00000232803	ENSG00000156802					ENSG00000227409																											
ENSG00000138074	ENSG00000066923	ENSG00000183386					ENSG00000262482																											
ENSG00000147471	ENSG00000256271	ENSG00000079257					ENSG00000228677																											
ENSG00000166147	ENSG00000154548	ENSG00000073060					ENSG00000261669																											
ENSG00000185745	ENSG00000255750	ENSG00000165092					ENSG00000127364																											
ENSG00000091986	ENSG00000010438	ENSG00000147813					ENSG00000225213																											
ENSG00000115306	ENSG00000157017	ENSG00000136826					ENSG00000224855																											
ENSG00000143119	ENSG00000260941	ENSG00000172172					ENSG00000224505																											
ENSG00000171222	ENSG00000131095	ENSG00000170312					ENSG00000253607																											
ENSG00000111885	ENSG00000183570	ENSG00000105011					ENSG00000229591																											
ENSG00000099624	ENSG00000105376	ENSG00000162073					ENSG00000259659																											
ENSG00000072274	ENSG00000173868	ENSG00000164611					ENSG00000227227																											
ENSG00000183722	ENSG00000160117	ENSG00000114737					ENSG00000249593																											
ENSG00000188895	ENSG00000185955	ENSG00000111674					ENSG00000177688																											
ENSG00000111335	ENSG00000189423	ENSG00000057663					ENSG00000245148																											
ENSG00000120694	ENSG00000160282	ENSG00000176890					ENSG00000154874																											
ENSG00000198380	ENSG00000131400	ENSG00000096060					ENSG00000251666																											
ENSG00000162910	ENSG00000138161	ENSG00000237649					ENSG00000244357																											
ENSG00000171130	ENSG00000204044	ENSG00000137563					ENSG00000235852																											
ENSG00000107833	ENSG00000214544	ENSG00000236439					ENSG00000232682																											
ENSG00000122378	ENSG00000241081	ENSG00000218175					ENSG00000229190																											
ENSG00000181924	ENSG00000091704	ENSG00000170873					ENSG00000249180																											
ENSG00000159399	ENSG00000267328	ENSG00000104524					ENSG00000269560																											
ENSG00000054793	ENSG00000156150	ENSG00000095637					ENSG00000241007																											
ENSG00000067064	ENSG00000261054	ENSG00000198901					ENSG00000261560																											
ENSG00000179241	ENSG00000100142	ENSG00000099337					ENSG00000257246																											
ENSG00000221869	ENSG00000258451	ENSG00000180596					ENSG00000267800																											
ENSG00000076706	ENSG00000221946	ENSG00000105088					ENSG00000232499																											
ENSG00000159063	ENSG00000145248	ENSG00000176209					ENSG00000255158																											
ENSG00000186665	ENSG00000166947	ENSG00000083168					ENSG00000225408																											
ENSG00000051523	ENSG00000232460	ENSG00000131626					ENSG00000239801																											
ENSG00000074219	ENSG00000226102	ENSG00000183077					ENSG00000266912																											
ENSG00000178531	ENSG00000172179	ENSG00000070501					ENSG00000228318																											
ENSG00000178695	ENSG00000164816	ENSG00000137310					ENSG00000264924																											
ENSG00000103187	ENSG00000255725	ENSG00000107672					ENSG00000271840																											
ENSG00000243364		ENSG00000172236					ENSG00000230397																											
ENSG00000115758		ENSG00000111206					ENSG00000250848																											
ENSG00000137166		ENSG00000167107					ENSG00000271664																											
ENSG00000162645		ENSG00000134690					ENSG00000271789																											
ENSG00000142798		ENSG00000121552					ENSG00000243107																											
ENSG00000176788		ENSG00000126803					ENSG00000255843																											
ENSG00000112667		ENSG00000003249					ENSG00000198590																											
ENSG00000182165		ENSG00000101412					ENSG00000215244																											
ENSG00000070081		ENSG00000166250					ENSG00000261002																											
ENSG00000130508		ENSG00000264281					ENSG00000105988																											
ENSG00000169021		ENSG00000157456					ENSG00000259712																											
ENSG00000079739		ENSG00000229152					ENSG00000254099																											
ENSG00000154473		ENSG00000145386					ENSG00000257243																											
ENSG00000164022		ENSG00000087586					ENSG00000270066																											
ENSG00000177685		ENSG00000179388					ENSG00000233893																											
ENSG00000183087		ENSG00000175287					ENSG00000219355																											
ENSG00000147535		ENSG00000127585					ENSG00000259442																											
ENSG00000105176		ENSG00000159423					ENSG00000214650																											
ENSG00000157992		ENSG00000164687					ENSG00000231731																											
ENSG00000005249		ENSG00000151725					ENSG00000223901																											
ENSG00000128228		ENSG00000198848					ENSG00000223442																											
ENSG00000162976		ENSG00000070731					ENSG00000269148																											
ENSG00000085117		ENSG00000138821					ENSG00000235910																											
ENSG00000145730		ENSG00000140511					ENSG00000260949																											
ENSG00000067113		ENSG00000122877					ENSG00000226890																											
ENSG00000112096		ENSG00000168040					ENSG00000259544																											
ENSG00000111331		ENSG00000108106					ENSG00000232457																											
ENSG00000011260		ENSG00000151468					ENSG00000260037																											
ENSG00000175324		ENSG00000154277					ENSG00000261386																											
ENSG00000146433		ENSG00000197892					ENSG00000255585																											
ENSG00000163565		ENSG00000116661					ENSG00000225602																											
ENSG00000162444		ENSG00000070669					ENSG00000240695																											
ENSG00000213281		ENSG00000144802					ENSG00000220305																											
ENSG00000146729		ENSG00000233476					ENSG00000227176																											
ENSG00000117479		ENSG00000233762					ENSG00000255539																											
ENSG00000135245		ENSG00000090006					ENSG00000203327																											
ENSG00000118363		ENSG00000086300					ENSG00000263624																											
ENSG00000112655		ENSG00000130349					ENSG00000224891																											
ENSG00000163110		ENSG00000158186					ENSG00000228169																											
ENSG00000095970		ENSG00000169026					ENSG00000259314																											
ENSG00000149269		ENSG00000101447					ENSG00000266498																											
ENSG00000162817		ENSG00000011426					ENSG00000259201																											
ENSG00000174775		ENSG00000142945					ENSG00000249035																											
ENSG00000117228		ENSG00000179094					ENSG00000254898																											
ENSG00000136436		ENSG00000213462					ENSG00000136206																											
ENSG00000185507		ENSG00000141401					ENSG00000241772																											
ENSG00000110717		ENSG00000107669					ENSG00000259924																											
ENSG00000250479		ENSG00000049089					ENSG00000234136																											
ENSG00000155792		ENSG00000136960					ENSG00000257279																											
ENSG00000115902		ENSG00000103485					ENSG00000267724																											
ENSG00000112685		ENSG00000146670					ENSG00000226803																											
ENSG00000162337		ENSG00000153551					ENSG00000261872																											
ENSG00000145675		ENSG00000198624					ENSG00000235522																											
ENSG00000204642		ENSG00000171227					ENSG00000265451																											
ENSG00000197614		ENSG00000107738					ENSG00000268942																											
ENSG00000198363		ENSG00000185633					ENSG00000263606																											
ENSG00000088882		ENSG00000148468					ENSG00000223899																											
ENSG00000155760		ENSG00000162733					ENSG00000234818																											
ENSG00000060138		ENSG00000168497					ENSG00000181800																											
ENSG00000128340		ENSG00000185090					ENSG00000236065																											
ENSG00000110719		ENSG00000171793					ENSG00000229044																											
ENSG00000146072		ENSG00000160957					ENSG00000259326																											
ENSG00000172197		ENSG00000185437					ENSG00000265625																											
ENSG00000105619		ENSG00000105971					ENSG00000231579																											
ENSG00000176014		ENSG00000213058					ENSG00000260439																											
ENSG00000115963		ENSG00000064655					ENSG00000269984																											
ENSG00000108582		ENSG00000076382					ENSG00000219682																											
ENSG00000111666		ENSG00000012171					ENSG00000240553																											
ENSG00000135842		ENSG00000153132					ENSG00000265907																											
ENSG00000072210		ENSG00000100968					ENSG00000258034																											
ENSG00000138814		ENSG00000156968					ENSG00000259628																											
ENSG00000129691		ENSG00000088881					ENSG00000246851																											
ENSG00000156675		ENSG00000131153					ENSG00000231859																											
ENSG00000107201		ENSG00000166851					ENSG00000254907																											
ENSG00000065809		ENSG00000128606					ENSG00000257941																											
ENSG00000139318		ENSG00000254198					ENSG00000230154																											
ENSG00000178685		ENSG00000178814					ENSG00000224875																											
ENSG00000171812		ENSG00000169499					ENSG00000264044																											
ENSG00000008513		ENSG00000175643					ENSG00000259158																											
ENSG00000162407		ENSG00000140525					ENSG00000251224																											
ENSG00000089127		ENSG00000141378					ENSG00000219085																											
ENSG00000074370		ENSG00000112242					ENSG00000263388																											
ENSG00000188042		ENSG00000205246					ENSG00000220161																											
ENSG00000213442		ENSG00000131016					ENSG00000272160																											
ENSG00000108691		ENSG00000145604					ENSG00000251013																											
ENSG00000147475		ENSG00000136158					ENSG00000257818																											
ENSG00000128311		ENSG00000106462					ENSG00000273018																											
ENSG00000163923		ENSG00000070718					ENSG00000259521																											
ENSG00000103260		ENSG00000196549					ENSG00000271757																											
ENSG00000099284		ENSG00000167034					ENSG00000213077																											
ENSG00000132481		ENSG00000071539					ENSG00000234203																											
ENSG00000108826		ENSG00000170412					ENSG00000235426																											
ENSG00000128626		ENSG00000104611					ENSG00000237481																											
ENSG00000162772		ENSG00000186193					ENSG00000235958																											
ENSG00000167972		ENSG00000200534					ENSG00000253816																											
ENSG00000076924		ENSG00000214578					ENSG00000248873																											
ENSG00000104976		ENSG00000076864					ENSG00000262905																											
ENSG00000119787		ENSG00000160972					ENSG00000042832																											
ENSG00000108439		ENSG00000110660					ENSG00000181322																											
ENSG00000127990		ENSG00000100526					ENSG00000270154																											
ENSG00000122741		ENSG00000137714					ENSG00000259595																											
ENSG00000164930		ENSG00000167702					ENSG00000260621																											
ENSG00000121316		ENSG00000168913					ENSG00000241073																											
ENSG00000101773		ENSG00000154553					ENSG00000233994																											
ENSG00000169490		ENSG00000068489					ENSG00000236986																											
ENSG00000172292		ENSG00000143228					ENSG00000266171																											
ENSG00000160255		ENSG00000220842					ENSG00000126500																											
ENSG00000095015		ENSG00000260219					ENSG00000171790																											
ENSG00000077782		ENSG00000167513					ENSG00000268056																											
ENSG00000156127		ENSG00000130348					ENSG00000233351																											
ENSG00000206337		ENSG00000198794					ENSG00000258486																											
ENSG00000090339		ENSG00000198300					ENSG00000254129																											
ENSG00000008517		ENSG00000161249					ENSG00000261243																											
ENSG00000123095		ENSG00000102802					ENSG00000258891																											
ENSG00000067057		ENSG00000088002					ENSG00000255438																											
ENSG00000132819		ENSG00000156170					ENSG00000246250																											
ENSG00000107262		ENSG00000100162					ENSG00000259516																											
ENSG00000071575		ENSG00000111247					ENSG00000270751																											
ENSG00000182628		ENSG00000154856					ENSG00000231104																											
ENSG00000139182		ENSG00000121152					ENSG00000248254																											
ENSG00000168994		ENSG00000125378					ENSG00000235674																											
ENSG00000167775		ENSG00000063180					ENSG00000228509																											
ENSG00000139083		ENSG00000147804					ENSG00000250138																											
ENSG00000169750		ENSG00000112964					ENSG00000261329																											
ENSG00000147862		ENSG00000122863					ENSG00000267207																											
ENSG00000125827		ENSG00000135424					ENSG00000268896																											
ENSG00000109084		ENSG00000144485					ENSG00000273090																											
ENSG00000173193		ENSG00000121653					ENSG00000269487																											
ENSG00000134013		ENSG00000250571					ENSG00000242797																											
ENSG00000050165		ENSG00000107821					ENSG00000250902																											
ENSG00000063660		ENSG00000106025					ENSG00000234945																											
ENSG00000116729		ENSG00000173894					ENSG00000258177																											
ENSG00000115107		ENSG00000232931					ENSG00000223390																											
ENSG00000198053		ENSG00000136982					ENSG00000228737																											
ENSG00000174348		ENSG00000156398					ENSG00000231329																											
ENSG00000143013		ENSG00000076555					ENSG00000226441																											
ENSG00000136603		ENSG00000132170					ENSG00000259649																											
ENSG00000140092		ENSG00000179954					ENSG00000235191																											
ENSG00000215030		ENSG00000127955					ENSG00000241409																											
ENSG00000006282		ENSG00000261716					ENSG00000245293																											
ENSG00000173992		ENSG00000253368					ENSG00000224490																											
ENSG00000137393		ENSG00000160867					ENSG00000251186																											
ENSG00000112578		ENSG00000152926					ENSG00000253961																											
ENSG00000213654		ENSG00000129596					ENSG00000258745																											
ENSG00000106484		ENSG00000019169					ENSG00000236051																											
ENSG00000196843		ENSG00000169418					ENSG00000246477																											
ENSG00000122694		ENSG00000127564					ENSG00000223704																											
ENSG00000111275		ENSG00000253716					ENSG00000263934																											
ENSG00000163584		ENSG00000149485					ENSG00000253875																											
ENSG00000099849		ENSG00000124635					ENSG00000229894																											
ENSG00000126878		ENSG00000230953					ENSG00000267291																											
ENSG00000106799		ENSG00000113924					ENSG00000240254																											
ENSG00000182578		ENSG00000155367					ENSG00000260447																											
ENSG00000119922		ENSG00000166816					ENSG00000257225																											
ENSG00000164056		ENSG00000119535					ENSG00000125631																											
ENSG00000084636		ENSG00000186469					ENSG00000237786																											
ENSG00000115594		ENSG00000081041					ENSG00000266941																											
ENSG00000173821		ENSG00000168993					ENSG00000244332																											
ENSG00000102890		ENSG00000136717					ENSG00000212076																											
ENSG00000127337		ENSG00000198720					ENSG00000224722																											
ENSG00000240065		ENSG00000137285					ENSG00000105679																											
ENSG00000172889		ENSG00000137726					ENSG00000259589																											
ENSG00000123505		ENSG00000200090					ENSG00000179751																											
ENSG00000133027		ENSG00000144649					ENSG00000272814																											
ENSG00000197345		ENSG00000134955					ENSG00000254846																											
ENSG00000116667		ENSG00000105173					ENSG00000259678																											
ENSG00000115641		ENSG00000099256					ENSG00000247473																											
ENSG00000125968		ENSG00000162614					ENSG00000266002																											
ENSG00000123358		ENSG00000163661					ENSG00000257715																											
ENSG00000112576		ENSG00000138131					ENSG00000243613																											
ENSG00000137193		ENSG00000154175					ENSG00000253358																											
ENSG00000116717		ENSG00000226976					ENSG00000240527																											
ENSG00000184371		ENSG00000164330																																
ENSG00000070540		ENSG00000107954																																
ENSG00000140403		ENSG00000073605																																
ENSG00000230202		ENSG00000138356																																
ENSG00000028137		ENSG00000205517																																
ENSG00000141574		ENSG00000259366																																
ENSG00000177706		ENSG00000204839																																
ENSG00000111077		ENSG00000149716																																
ENSG00000171475		ENSG00000230551																																
ENSG00000127995		ENSG00000053438																																
ENSG00000184489		ENSG00000124713																																
ENSG00000105357		ENSG00000116711																																
ENSG00000119138		ENSG00000198523																																
ENSG00000176845		ENSG00000168477																																
ENSG00000115267		ENSG00000228502																																
ENSG00000087884		ENSG00000116883																																
ENSG00000138698		ENSG00000168010																																
ENSG00000109610		ENSG00000111665																																
ENSG00000104213		ENSG00000175265																																
ENSG00000144810		ENSG00000171208																																
ENSG00000126005		ENSG00000198732																																
ENSG00000105835		ENSG00000185697																																
ENSG00000185641		ENSG00000121211																																
ENSG00000198959		ENSG00000189366																																
ENSG00000159210		ENSG00000224543																																
ENSG00000159200		ENSG00000168389																																
ENSG00000181751		ENSG00000214456																																
ENSG00000148700		ENSG00000135604																																
ENSG00000033170		ENSG00000167874																																
ENSG00000168268		ENSG00000104369																																
ENSG00000093072		ENSG00000214485																																
ENSG00000113083		ENSG00000175592																																
ENSG00000103196		ENSG00000156113																																
ENSG00000105472		ENSG00000232415																																
ENSG00000066336		ENSG00000174871																																
ENSG00000119900		ENSG00000092607																																
ENSG00000158106		ENSG00000215861																																
ENSG00000128039		ENSG00000270157																																
ENSG00000221963		ENSG00000133401																																
ENSG00000108021		ENSG00000267523																																
ENSG00000166002		ENSG00000143434																																
ENSG00000145860		ENSG00000175040																																
ENSG00000161677		ENSG00000272172																																
ENSG00000117525		ENSG00000131398																																
ENSG00000152952		ENSG00000185900																																
ENSG00000049323		ENSG00000128591																																
ENSG00000112651		ENSG00000173727																																
ENSG00000198740		ENSG00000187134																																
ENSG00000166225		ENSG00000138640																																
ENSG00000074416		ENSG00000232888																																
ENSG00000146757		ENSG00000254815																																
ENSG00000118898		ENSG00000158089																																
ENSG00000005884		ENSG00000160191																																
ENSG00000019549		ENSG00000224114																																
ENSG00000137509		ENSG00000213757																																
ENSG00000106809		ENSG00000101194																																
ENSG00000130396		ENSG00000254909																																
ENSG00000101460		ENSG00000073150																																
ENSG00000135698		ENSG00000242588																																
ENSG00000102879		ENSG00000178502																																
ENSG00000105519		ENSG00000228314																																
ENSG00000127824		ENSG00000091129																																
ENSG00000164292		ENSG00000229891																																
ENSG00000197321		ENSG00000229124																																
ENSG00000073849		ENSG00000147536																																
ENSG00000157240		ENSG00000117407																																
ENSG00000127920		ENSG00000167371																																
ENSG00000125967		ENSG00000116194																																
ENSG00000132274		ENSG00000261324																																
ENSG00000154978		ENSG00000116678																																
ENSG00000151208		ENSG00000272468																																
ENSG00000154734		ENSG00000164038																																
ENSG00000147548		ENSG00000132563																																
ENSG00000119938		ENSG00000261220																																
ENSG00000176171		ENSG00000246451																																
ENSG00000149809		ENSG00000166592																																
ENSG00000242299		ENSG00000131773																																
ENSG00000121073		ENSG00000182175																																
ENSG00000143797		ENSG00000259479																																
ENSG00000089177		ENSG00000262877																																
ENSG00000130755		ENSG00000154920																																
ENSG00000132849		ENSG00000172159																																
ENSG00000229833		ENSG00000272449																																
ENSG00000151458		ENSG00000154330																																
ENSG00000122641		ENSG00000008516																																
ENSG00000169231		ENSG00000196418																																
ENSG00000168961		ENSG00000269888																																
ENSG00000130222		ENSG00000179841																																
ENSG00000159231		ENSG00000163884																																
ENSG00000125266		ENSG00000269825																																
ENSG00000141295		ENSG00000255836																																
ENSG00000211455		ENSG00000042062																																
ENSG00000134463		ENSG00000229097																																
ENSG00000104723		ENSG00000162706																																
ENSG00000198189		ENSG00000141068																																
ENSG00000083720		ENSG00000129194																																
ENSG00000164985		ENSG00000260618																																
ENSG00000101132		ENSG00000134121																																
ENSG00000170989		ENSG00000260442																																
ENSG00000115339		ENSG00000254595																																
ENSG00000158321		ENSG00000165028																																
ENSG00000241878		ENSG00000154258																																
ENSG00000170899		ENSG00000169252																																
ENSG00000133315		ENSG00000249379																																
ENSG00000140263		ENSG00000176438																																
ENSG00000131069		ENSG00000271347																																
ENSG00000047346		ENSG00000262766																																
ENSG00000139146		ENSG00000159164																																
ENSG00000101000		ENSG00000100473																																
ENSG00000170955		ENSG00000058404																																
ENSG00000162654		ENSG00000196668																																
ENSG00000108395		ENSG00000103316																																
ENSG00000154640		ENSG00000165996																																
ENSG00000005243		ENSG00000263006																																
ENSG00000162688		ENSG00000224080																																
ENSG00000171992		ENSG00000169313																																
ENSG00000175602		ENSG00000165071																																
ENSG00000198722		ENSG00000272574																																
ENSG00000139926		ENSG00000174514																																
ENSG00000174059		ENSG00000188573																																
ENSG00000242574		ENSG00000259884																																
ENSG00000162738		ENSG00000154358																																
ENSG00000137970		ENSG00000259820																																
ENSG00000090971		ENSG00000250067																																
ENSG00000127951		ENSG00000246985																																
ENSG00000168140		ENSG00000145358																																
ENSG00000213064		ENSG00000154229																																
ENSG00000214517		ENSG00000100033																																
ENSG00000197930		ENSG00000118402																																
ENSG00000167772		ENSG00000262372																																
ENSG00000073584		ENSG00000223878																																
ENSG00000174276		ENSG00000215187																																
ENSG00000123104		ENSG00000173114																																
ENSG00000181649		ENSG00000125845																																
ENSG00000051128		ENSG00000108370																																
ENSG00000105559		ENSG00000127561																																
ENSG00000161281		ENSG00000087237																																
ENSG00000126368		ENSG00000104808																																
ENSG00000143772		ENSG00000244363																																
ENSG00000165424		ENSG00000249119																																
ENSG00000152818		ENSG00000178222																																
ENSG00000139289		ENSG00000233806																																
ENSG00000137628		ENSG00000186281																																
ENSG00000138604		ENSG00000108786																																
ENSG00000182240		ENSG00000106631																																
ENSG00000177575		ENSG00000204983																																
ENSG00000149212		ENSG00000171195																																
ENSG00000173272		ENSG00000231233																																
ENSG00000108960		ENSG00000088340																																
ENSG00000180354		ENSG00000106327																																
ENSG00000142910		ENSG00000169962																																
ENSG00000255198		ENSG00000214290																																
ENSG00000131941		ENSG00000185303																																
ENSG00000143507		ENSG00000238018																																
ENSG00000198246		ENSG00000187595																																
ENSG00000110400		ENSG00000125657																																
ENSG00000156735		ENSG00000273108																																
ENSG00000163472		ENSG00000139344																																
ENSG00000102996		ENSG00000226864																																
ENSG00000136379		ENSG00000100505																																
ENSG00000129422		ENSG00000263164																																
ENSG00000109861		ENSG00000188211																																
ENSG00000115956		ENSG00000181652																																
ENSG00000183048		ENSG00000155980																																
ENSG00000257704		ENSG00000131480																																
ENSG00000147526		ENSG00000243566																																
ENSG00000111907		ENSG00000237101																																
ENSG00000102554		ENSG00000139200																																
ENSG00000154122		ENSG00000140465																																
ENSG00000159674		ENSG00000105737																																
ENSG00000116191		ENSG00000163464																																
ENSG00000131378		ENSG00000118271																																
ENSG00000125347		ENSG00000254420																																
ENSG00000130164		ENSG00000206549																																
ENSG00000182636		ENSG00000253392																																
ENSG00000112715		ENSG00000172247																																
ENSG00000033327		ENSG00000062524																																
ENSG00000228594		ENSG00000259755																																
ENSG00000110811		ENSG00000131409																																
ENSG00000180353		ENSG00000178297																																
ENSG00000218426		ENSG00000184524																																
ENSG00000134802		ENSG00000251667																																
ENSG00000197329		ENSG00000259052																																
ENSG00000136840		ENSG00000260518																																
ENSG00000152284		ENSG00000269621																																
ENSG00000163050																																		
ENSG00000011422																																		
ENSG00000126351																																		
ENSG00000137486																																		
ENSG00000158246																																		
ENSG00000183508																																		
ENSG00000182272																																		
ENSG00000092096																																		
ENSG00000134321																																		
ENSG00000112149																																		
ENSG00000110080																																		
ENSG00000145703																																		
ENSG00000188747																																		
ENSG00000104998																																		
ENSG00000028116																																		
ENSG00000118503																																		
ENSG00000070404																																		
ENSG00000127914																																		
ENSG00000135750																																		
ENSG00000173269																																		
ENSG00000135679																																		
ENSG00000116157																																		
ENSG00000103994																																		
ENSG00000245848																																		
ENSG00000178726																																		
ENSG00000141682																																		
ENSG00000169116																																		
ENSG00000119632																																		
ENSG00000122729																																		
ENSG00000158457																																		
ENSG00000229119																																		
ENSG00000160256																																		
ENSG00000137936																																		
ENSG00000170571																																		
ENSG00000122971																																		
ENSG00000170832																																		
ENSG00000099864																																		
ENSG00000173599																																		
ENSG00000168386																																		
ENSG00000149781																																		
ENSG00000166123																																		
ENSG00000267519																																		
ENSG00000153234																																		
ENSG00000134755																																		
ENSG00000155380																																		
ENSG00000115419																																		
ENSG00000177989																																		
ENSG00000065534																																		
ENSG00000080573																																		
ENSG00000109929																																		
ENSG00000079819																																		
ENSG00000164647																																		
ENSG00000104856																																		
ENSG00000152377																																		
ENSG00000056736																																		
ENSG00000166750																																		
ENSG00000136732																																		
ENSG00000111110																																		
ENSG00000168061																																		
ENSG00000137513																																		
ENSG00000105427																																		
ENSG00000119986																																		
ENSG00000177409																																		
ENSG00000109107																																		
ENSG00000062725																																		
ENSG00000108443																																		
ENSG00000065057																																		
ENSG00000121898																																		
ENSG00000133739																																		
ENSG00000111912																																		
ENSG00000137809																																		
ENSG00000124785																																		
ENSG00000173918																																		
ENSG00000137492																																		
ENSG00000050344																																		
ENSG00000197323																																		
ENSG00000212864																																		
ENSG00000065833																																		
ENSG00000198373																																		
ENSG00000162636																																		
ENSG00000141198																																		
ENSG00000099998																																		
ENSG00000167447																																		
ENSG00000073712																																		
ENSG00000131037																																		
ENSG00000000971																																		
ENSG00000164116																																		
ENSG00000060656																																		
ENSG00000078401																																		
ENSG00000033867																																		
ENSG00000026297																																		
ENSG00000085788																																		
ENSG00000101213																																		
ENSG00000178307																																		
ENSG00000169508																																		
ENSG00000114770																																		
ENSG00000167081																																		
ENSG00000103254																																		
ENSG00000174669																																		
ENSG00000147883																																		
ENSG00000116991																																		
ENSG00000140450																																		
ENSG00000164976																																		
ENSG00000162692																																		
ENSG00000116574																																		
ENSG00000114480																																		
ENSG00000136514																																		
ENSG00000149573																																		
ENSG00000170962																																		
ENSG00000057252																																		
ENSG00000111859																																		
ENSG00000001561																																		
ENSG00000136149																																		
ENSG00000105849																																		
ENSG00000064205																																		
ENSG00000117385																																		
ENSG00000118515																																		
ENSG00000131435																																		
ENSG00000129757																																		
ENSG00000137502																																		
ENSG00000155313																																		
ENSG00000137959																																		
ENSG00000005469																																		
ENSG00000260244																																		
ENSG00000146733																																		
ENSG00000162433																																		
ENSG00000079385																																		
ENSG00000151729																																		
ENSG00000173391																																		
ENSG00000087076																																		
ENSG00000106823																																		
ENSG00000205413																																		
ENSG00000228288																																		
ENSG00000176170																																		
ENSG00000188483																																		
ENSG00000198382																																		
ENSG00000130748																																		
ENSG00000235552																																		
ENSG00000168301																																		
ENSG00000148400																																		
ENSG00000188290																																		
ENSG00000123080																																		
ENSG00000158201																																		
ENSG00000165312																																		
ENSG00000170145																																		
ENSG00000152556																																		
ENSG00000186891																																		
ENSG00000184588																																		
ENSG00000196074																																		
ENSG00000068097																																		
ENSG00000112773																																		
ENSG00000167191																																		
ENSG00000197696																																		
ENSG00000122644																																		
ENSG00000162755																																		
ENSG00000128274																																		
ENSG00000165644																																		
ENSG00000184500																																		
ENSG00000129521																																		
ENSG00000132434																																		
ENSG00000128602																																		
ENSG00000173715																																		
ENSG00000118971																																		
ENSG00000184979																																		
ENSG00000138772																																		
ENSG00000186517																																		
ENSG00000150907																																		
ENSG00000140718																																		
ENSG00000021300																																		
ENSG00000101336																																		
ENSG00000145911																																		
ENSG00000169515																																		
ENSG00000158270																																		
ENSG00000137713																																		
ENSG00000087301																																		
ENSG00000138642																																		
ENSG00000155324																																		
ENSG00000058063																																		
ENSG00000110002																																		
ENSG00000163874																																		
ENSG00000134317																																		
ENSG00000070018																																		
ENSG00000205213																																		
ENSG00000157827																																		
ENSG00000227766																																		
ENSG00000163629																																		
ENSG00000243449																																		
ENSG00000178878																																		
ENSG00000255135																																		
ENSG00000180448																																		
ENSG00000164308																																		
ENSG00000137642																																		
ENSG00000167693																																		
ENSG00000126264																																		
ENSG00000101017																																		
ENSG00000254087																																		
ENSG00000147454																																		
ENSG00000181458																																		
ENSG00000128849																																		
ENSG00000141854																																		
ENSG00000048649																																		
ENSG00000116701																																		
ENSG00000233461																																		
ENSG00000156535																																		
ENSG00000038945																																		
ENSG00000105379																																		
ENSG00000172594																																		
ENSG00000155111																																		
ENSG00000131711																																		
ENSG00000108479																																		
ENSG00000148339																																		
ENSG00000100031																																		
ENSG00000115828																																		
ENSG00000110446																																		
ENSG00000177283																																		
ENSG00000204267																																		
ENSG00000158050																																		
ENSG00000145555																																		
ENSG00000172366																																		
ENSG00000182013																																		
ENSG00000135114																																		
ENSG00000010327																																		
ENSG00000094804																																		
ENSG00000101230																																		
ENSG00000125744																																		
ENSG00000161544																																		
ENSG00000121440																																		
ENSG00000164494																																		
ENSG00000059804																																		
ENSG00000170382																																		
ENSG00000188820																																		
ENSG00000242125																																		
ENSG00000130589																																		
ENSG00000203668																																		
ENSG00000064989																																		
ENSG00000077514																																		
ENSG00000163563																																		
ENSG00000185950																																		
ENSG00000135919																																		
ENSG00000261061																																		
ENSG00000167508																																		
ENSG00000196517																																		
ENSG00000169122																																		
ENSG00000224631																																		
ENSG00000205189																																		
ENSG00000008735																																		
ENSG00000158856																																		
ENSG00000221890																																		
ENSG00000131943																																		
ENSG00000169991																																		
ENSG00000149262																																		
ENSG00000166025																																		
ENSG00000105171																																		
ENSG00000155850																																		
ENSG00000006015																																		
ENSG00000107130																																		
ENSG00000198435																																		
ENSG00000123096																																		
ENSG00000233223																																		
ENSG00000173482																																		
ENSG00000187210																																		
ENSG00000082196																																		
ENSG00000168785																																		
ENSG00000135678																																		
ENSG00000169129																																		
ENSG00000186940																																		
ENSG00000157617																																		
ENSG00000163823																																		
ENSG00000178026																																		
ENSG00000109654																																		
ENSG00000023445																																		
ENSG00000198478																																		
ENSG00000137198																																		
ENSG00000260549																																		
ENSG00000172403																																		
ENSG00000176387																																		
ENSG00000167617																																		
ENSG00000053747																																		
ENSG00000164649																																		
ENSG00000173546																																		
ENSG00000115112																																		
ENSG00000138795																																		
ENSG00000163485																																		
ENSG00000042286																																		
ENSG00000197461																																		
ENSG00000139044																																		
ENSG00000151014																																		
ENSG00000233493																																		
ENSG00000141526																																		
ENSG00000161513																																		
ENSG00000135318																																		
ENSG00000137462																																		
ENSG00000091490																																		
ENSG00000272821																																		
ENSG00000145996																																		
ENSG00000086289																																		
ENSG00000188997																																		
ENSG00000166582																																		
ENSG00000256229																																		
ENSG00000256185																																		
ENSG00000004866																																		
ENSG00000082074																																		
ENSG00000175906																																		
ENSG00000171766																																		
ENSG00000151651																																		
ENSG00000184384																																		
ENSG00000104221																																		
ENSG00000166446																																		
ENSG00000060558																																		
ENSG00000102524																																		
ENSG00000181744																																		
ENSG00000178826																																		
ENSG00000117020																																		
ENSG00000184730																																		
ENSG00000137171																																		
ENSG00000167799																																		
ENSG00000110042																																		
ENSG00000170271																																		
ENSG00000020633																																		
ENSG00000078124																																		
ENSG00000127863																																		
ENSG00000145284																																		
ENSG00000149150																																		
ENSG00000184349																																		
ENSG00000198417																																		
ENSG00000121879																																		
ENSG00000133106																																		
ENSG00000101104																																		
ENSG00000213047																																		
ENSG00000166278																																		
ENSG00000169583																																		
ENSG00000163701																																		
ENSG00000134326																																		
ENSG00000055163																																		
ENSG00000135912																																		
ENSG00000130347																																		
ENSG00000254531																																		
ENSG00000182985																																		
ENSG00000167232																																		
ENSG00000189184																																		
ENSG00000107104																																		
ENSG00000185022																																		
ENSG00000232442																																		
ENSG00000150281																																		
ENSG00000092978																																		
ENSG00000058056																																		
ENSG00000166289																																		
ENSG00000092969																																		
ENSG00000104951																																		
ENSG00000183444																																		
ENSG00000244405																																		
ENSG00000122035																																		
ENSG00000120254																																		
ENSG00000141179																																		
ENSG00000198542																																		
ENSG00000107968																																		
ENSG00000134716																																		
ENSG00000138028																																		
ENSG00000177034																																		
ENSG00000169896																																		
ENSG00000163171																																		
ENSG00000183018																																		
ENSG00000214975																																		
ENSG00000184254																																		
ENSG00000123191																																		
ENSG00000167964																																		
ENSG00000048740																																		
ENSG00000095303																																		
ENSG00000088826																																		
ENSG00000150782																																		
ENSG00000108352																																		
ENSG00000180263																																		
ENSG00000167680																																		
ENSG00000165655																																		
ENSG00000176402																																		
ENSG00000244242																																		
ENSG00000113070																																		
ENSG00000230733																																		
ENSG00000145569																																		
ENSG00000115226																																		
ENSG00000166833																																		
ENSG00000104883																																		
ENSG00000260708																																		
ENSG00000135547																																		
ENSG00000178860																																		
ENSG00000136999																																		
ENSG00000164683																																		
ENSG00000152804																																		
ENSG00000082397																																		
ENSG00000227051																																		
ENSG00000124615																																		
ENSG00000154556																																		
ENSG00000186153																																		
ENSG00000168405																																		
ENSG00000103710																																		
ENSG00000131781																																		
ENSG00000105649																																		
ENSG00000188707																																		
ENSG00000138646																																		
ENSG00000182118																																		
ENSG00000234614																																		
ENSG00000154721																																		
ENSG00000166923																																		
ENSG00000100234																																		
ENSG00000134324																																		
ENSG00000173110																																		
ENSG00000065320																																		
ENSG00000204516																																		
ENSG00000025039																																		
ENSG00000161243																																		
ENSG00000064763																																		
ENSG00000145545																																		
ENSG00000170684																																		
ENSG00000100228																																		
ENSG00000198771																																		
ENSG00000235501																																		
ENSG00000138735																																		
ENSG00000112290																																		
ENSG00000223612																																		
ENSG00000092929																																		
ENSG00000184227																																		
ENSG00000107551																																		
ENSG00000225200																																		
ENSG00000106392																																		
ENSG00000167641																																		
ENSG00000140853																																		
ENSG00000257337																																		
ENSG00000120278																																		
ENSG00000253958																																		
ENSG00000146281																																		
ENSG00000108846																																		
ENSG00000154102																																		
ENSG00000175505																																		
ENSG00000154310																																		
ENSG00000125814																																		
ENSG00000123342																																		
ENSG00000070190																																		
ENSG00000079215																																		
ENSG00000196730																																		
ENSG00000120833																																		
ENSG00000105810																																		
ENSG00000170522																																		
ENSG00000261373																																		
ENSG00000117266																																		
ENSG00000250786																																		
ENSG00000234498																																		
ENSG00000145414																																		
ENSG00000166439																																		
ENSG00000077157																																		
ENSG00000241990																																		
ENSG00000165434																																		
ENSG00000128045																																		
ENSG00000171608																																		
ENSG00000123836																																		
ENSG00000216775																																		
ENSG00000100336																																		
ENSG00000144369																																		
ENSG00000172575																																		
ENSG00000085741																																		
ENSG00000128656																																		
ENSG00000218227																																		
ENSG00000176533																																		
ENSG00000204397																																		
ENSG00000226608																																		
ENSG00000197927																																		
ENSG00000162878																																		
ENSG00000088899																																		
ENSG00000118369																																		
ENSG00000225217																																		
ENSG00000185567																																		
ENSG00000181381																																		
ENSG00000185338																																		
ENSG00000171843																																		
ENSG00000158636																																		
ENSG00000165410																																		
ENSG00000204789																																		
ENSG00000235098																																		
ENSG00000164023																																		
ENSG00000010030																																		
ENSG00000136160																																		
ENSG00000172164																																		
ENSG00000163053																																		
ENSG00000148219																																		
ENSG00000146122																																		
ENSG00000172817																																		
ENSG00000160781																																		
ENSG00000176920																																		
ENSG00000072954																																		
ENSG00000154040																																		
ENSG00000231747																																		
ENSG00000103888																																		
ENSG00000147852																																		
ENSG00000165171																																		
ENSG00000184986																																		
ENSG00000168062																																		
ENSG00000186205																																		
ENSG00000235169																																		
ENSG00000253570																																		
ENSG00000115295																																		
ENSG00000164761																																		
ENSG00000204632																																		
ENSG00000228109																																		
ENSG00000163644																																		
ENSG00000267475																																		
ENSG00000175183																																		
ENSG00000183486																																		
ENSG00000166922																																		
ENSG00000196407																																		
ENSG00000226332																																		
ENSG00000173175																																		
ENSG00000164181																																		
ENSG00000072832																																		
ENSG00000133687																																		
ENSG00000170558																																		
ENSG00000128342																																		
ENSG00000070882																																		
ENSG00000167711																																		
ENSG00000136425																																		
ENSG00000145088																																		
ENSG00000163082																																		
ENSG00000255201																																		
ENSG00000183696																																		
ENSG00000176463																																		
ENSG00000103253																																		
ENSG00000158715																																		
ENSG00000151883																																		
ENSG00000079335																																		
ENSG00000138623																																		
ENSG00000223803																																		
ENSG00000272087																																		
ENSG00000267751																																		
ENSG00000088836																																		
ENSG00000095209																																		
ENSG00000186998																																		
ENSG00000103269																																		
ENSG00000061656																																		
ENSG00000196739																																		
ENSG00000111962																																		
ENSG00000162174																																		
ENSG00000167701																																		
ENSG00000153982																																		
ENSG00000162882																																		
ENSG00000003436																																		
ENSG00000108950																																		
ENSG00000171033																																		
ENSG00000213025																																		
ENSG00000136244																																		
ENSG00000092421																																		
ENSG00000142530																																		
ENSG00000166016																																		
ENSG00000140961																																		
ENSG00000114270																																		
ENSG00000197372																																		
ENSG00000100285																																		
ENSG00000166823																																		
ENSG00000132530																																		
ENSG00000165868																																		
ENSG00000116990																																		
ENSG00000229638																																		
ENSG00000215915																																		
ENSG00000230330																																		
ENSG00000060982																																		
ENSG00000266402																																		
ENSG00000253540																																		
ENSG00000225573																																		
ENSG00000230082																																		
ENSG00000260552																																		
ENSG00000029153																																		
ENSG00000158825																																		
ENSG00000269899																																		
ENSG00000144451																																		
ENSG00000182568																																		
ENSG00000258484																																		
ENSG00000143382																																		
ENSG00000166394																																		
ENSG00000188613																																		
ENSG00000149260																																		
ENSG00000256940																																		
ENSG00000100918																																		
ENSG00000256338																																		
ENSG00000225492																																		
ENSG00000154760																																		
ENSG00000204622																																		
ENSG00000160326																																		
ENSG00000184719																																		
ENSG00000229953																																		
ENSG00000162004																																		
ENSG00000153162																																		
ENSG00000115896																																		
ENSG00000272668																																		
ENSG00000125775																																		
ENSG00000116106																																		
ENSG00000268903																																		
ENSG00000273179																																		
ENSG00000164638																																		
ENSG00000225138																																		
ENSG00000248485																																		
ENSG00000197191																																		
ENSG00000215440																																		
ENSG00000027869																																		
ENSG00000228623																																		
ENSG00000260018																																		
ENSG00000159873																																		
ENSG00000178715																																		
ENSG00000198915																																		
ENSG00000125257																																		
ENSG00000116985																																		
ENSG00000111186																																		
ENSG00000090376																																		
ENSG00000138678																																		
ENSG00000250616																																		
ENSG00000232810																																		
ENSG00000196436																																		
ENSG00000178429																																		
ENSG00000160111																																		
ENSG00000119508																																		
ENSG00000160886																																		
ENSG00000212916																																		
ENSG00000231245																																		
ENSG00000108830																																		
ENSG00000233170																																		
ENSG00000249007																																		
ENSG00000269246																																		
ENSG00000160883																																		
ENSG00000185100																																		
ENSG00000103569																																		
ENSG00000126233																																		
ENSG00000272301																																		
ENSG00000178821																																		
ENSG00000163406																																		
ENSG00000178301																																		
ENSG00000115919																																		
ENSG00000198576																																		
ENSG00000229512																																		
ENSG00000151640																																		
ENSG00000172828																																		
ENSG00000171649																																		
ENSG00000235027																																		
ENSG00000137857																																		
ENSG00000111012																																		
ENSG00000185834																																		
ENSG00000141576																																		
ENSG00000119514																																		
ENSG00000185015																																		
ENSG00000154065																																		
ENSG00000007264																																		
ENSG00000168237																																		
ENSG00000114378																																		
ENSG00000272512																																		
ENSG00000205078																																		
ENSG00000104899																																		
ENSG00000103034																																		
ENSG00000048052																																		
ENSG00000077063																																		
ENSG00000112303																																		
ENSG00000164663																																		
ENSG00000186567																																		
ENSG00000259207																																		
ENSG00000169385																																		
ENSG00000224769																																		
ENSG00000241547																																		
ENSG00000106772																																		
ENSG00000268756																																		
ENSG00000170214																																		
ENSG00000142178																																		
ENSG00000137392																																		
ENSG00000239218																																		
ENSG00000165046																																		
ENSG00000172346																																		
ENSG00000174721																																		
ENSG00000112276																																		
ENSG00000142494																																		
ENSG00000237758																																		
ENSG00000235272																																		
ENSG00000136274																																		
ENSG00000228981																																		
ENSG00000223969																																		
ENSG00000021826																																		
ENSG00000246174																																		
ENSG00000196167																																		
ENSG00000253333																																		
ENSG00000237149																																		
ENSG00000182902																																		
ENSG00000224945																																		
ENSG00000088538																																		
ENSG00000272092																																		
ENSG00000108839																																		
ENSG00000184163																																		
ENSG00000262539																																		
ENSG00000260001																																		
ENSG00000253641																																		
ENSG00000258469																																		
ENSG00000127472																																		
ENSG00000168952																																		
ENSG00000080007																																		
ENSG00000108342																																		
ENSG00000272128																																		
ENSG00000110076																																		
ENSG00000237575																																		
ENSG00000179761																																		
ENSG00000198756																																		
ENSG00000217702																																		
ENSG00000225544																																		
ENSG00000272170																																		
ENSG00000231793																																		
ENSG00000268649																																		
ENSG00000130413																																		
ENSG00000171772																																		
ENSG00000232797																																		
ENSG00000198064																																		
ENSG00000169605																																		
ENSG00000172023																																		
