,Topic 1,Topic 2,Topic 3,Topic 4,Topic 5,Topic 6,Topic 7,Topic 8,Topic 9,Topic 10
ENSG00000000938,0.0012916517647696666,0.0,0.0,0.0,0.0,0.0,0.0,0.0,0.0,0.0
ENSG00000000971,0.0021558847783783716,0.0,0.0,0.0,0.0,0.0,0.0,0.0,0.0,0.0
ENSG00000001084,0.0,0.017390190553136144,0.0,0.0,0.0,0.0,0.0,0.0,0.0,0.0
ENSG00000002933,0.003093433584979011,0.0,0.0,0.0,0.0,0.0,0.0,0.0,0.0,0.0
ENSG00000003436,0.0,0.0,0.005718577368892048,0.0,0.0,0.0,0.0,0.0,0.0,0.0
ENSG00000003989,0.0,0.0,0.0,0.0,0.015085897015603523,0.0,0.0,0.0,0.0,0.0
ENSG00000004776,0.0,0.0,0.0,0.0,0.0,0.0,0.0018503839715015868,0.0,0.0,0.0
ENSG00000004838,0.0,0.0,0.0009291211003401887,0.0,0.0,0.0,0.0,0.0,0.0,0.0
ENSG00000005249,0.0005175232446489482,0.0,0.0,0.0,0.0,0.0,0.0,0.0,0.0,0.0
ENSG00000006016,0.0,0.0,0.0,0.0,0.04074860097428553,0.0,0.0,0.0,0.0,0.0
ENSG00000006128,0.0,0.0,0.0,0.0,0.0029835337692887256,0.0,0.0,0.0,0.0,0.0
ENSG00000006210,0.0035593585299382577,0.0,0.0,0.0,0.0,0.0,0.0,0.0,0.0,0.0
ENSG00000006453,0.0032551595989318075,0.0,0.0,0.0,0.0,0.0,0.0,0.0,0.0,0.0
ENSG00000006534,0.0,0.0,0.0,0.0,0.0,0.0,0.004818113954549082,0.0,0.0,0.0
ENSG00000008853,0.0,0.0,0.0,0.0,0.0,0.0,0.004788305239955344,0.0,0.0,0.0
ENSG00000009724,4.312693705407902e-06,0.0,0.0,0.0,0.0,0.0,0.0,0.0,0.0,0.0
ENSG00000010282,0.0,0.0,0.0,0.0,0.0,0.0005302150389458695,0.0,0.0,0.0,0.0
ENSG00000010438,0.0,0.0016862362025622908,0.0,0.0,0.0,0.0,0.0,0.0,0.0,0.0
ENSG00000010610,0.004102911961594846,0.0,0.0,0.0,0.0,0.0,0.0,0.0,0.0,0.0
ENSG00000011600,0.015798167166785112,0.0,0.0,0.0,0.0,0.0,0.0,0.0,0.0,0.0
ENSG00000013588,0.010443803906746008,0.0,0.0,0.0,0.0,0.0,0.0,0.0,0.0,0.0
ENSG00000014914,0.0007642709345083576,0.0,0.0,0.0,0.0,0.0,0.0,0.0,0.0,0.0
ENSG00000017427,1.7096750046438468e-05,0.0,0.0,0.0,0.0,0.0,0.0,0.0,0.0,0.0
ENSG00000018280,0.0007125186100434627,0.0,0.0,0.0,0.0,0.0,0.0,0.0,0.0,0.0
ENSG00000018625,0.0,0.0,0.0,0.0,0.0003249535575225311,0.0,0.0,0.0,0.0,0.0
ENSG00000019102,0.0,0.0,0.00675120581988417,0.0,0.0,0.0,0.0,0.0,0.0,0.0
ENSG00000019169,0.0,0.0,0.0,0.0,0.0,0.0,0.014099201479025082,0.0,0.0,0.0
ENSG00000019549,0.0,0.010410186105301087,0.0,0.0,0.0,0.0,0.0,0.0,0.0,0.0
ENSG00000019991,0.00018760217618524376,0.0,0.0,0.0,0.0,0.0,0.0,0.0,0.0,0.0
ENSG00000021355,0.011138763692417453,0.0,0.0,0.0,0.0,0.0,0.0,0.0,0.0,0.0
ENSG00000021826,0.0,0.0,0.0,0.0,0.0,0.017885570670183936,0.0,0.0,0.0,0.0
ENSG00000023330,0.004711771897933327,0.0,0.0,0.0,0.0,0.0,0.0,0.0,0.0,0.0
ENSG00000023445,0.0,0.0,0.0,0.0,0.0,0.0,0.004109115280556096,0.0,0.0,0.0
ENSG00000023839,0.0,0.0,0.0,0.013907780506285203,0.0,0.0,0.0,0.0,0.0,0.0
ENSG00000025423,0.0,0.0,0.0,0.0,0.015761685387442416,0.0,0.0,0.0,0.0,0.0
ENSG00000029534,0.0,0.00010415816276261228,0.0,0.0,0.0,0.0,0.0,0.0,0.0,0.0
ENSG00000034971,0.0,0.0002653218064966543,0.0,0.0,0.0,0.0,0.0,0.0,0.0,0.0
ENSG00000035664,0.000195611464495287,0.0,0.0,0.0,0.0,0.0,0.0,0.0,0.0,0.0
ENSG00000036448,0.0,0.0,0.0,0.0,0.0,0.0,2.5641905026871114e-05,0.0,0.0,0.0
ENSG00000038427,0.0028530009109025206,0.0,0.0,0.0,0.0,0.0,0.0,0.0,0.0,0.0
ENSG00000038945,0.0015961587453265033,0.0,0.0,0.0,0.0,0.0,0.0,0.0,0.0,0.0
ENSG00000041982,0.008472594833824211,0.0,0.0,0.0,0.0,0.0,0.0,0.0,0.0,0.0
ENSG00000042832,1.5094427968927657e-05,0.0,0.0,0.0,0.0,0.0,0.0,0.0,0.0,0.0
ENSG00000047457,0.0,0.0,0.0,0.0,0.0,0.0,0.012687935131108663,0.0,0.0,0.0
ENSG00000048740,0.001119452066103737,0.0,0.0,0.0,0.0,0.0,0.0,0.0,0.0,0.0
ENSG00000049089,0.0,0.0,0.0,0.034365500305815984,0.0,0.0,0.0,0.0,0.0,0.0
ENSG00000049759,0.0012021633703824528,0.0,0.0,0.0,0.0,0.0,0.0,0.0,0.0,0.0
ENSG00000050767,0.0,0.0,0.0,0.0023095953187332826,0.0,0.0,0.0,0.0,0.0,0.0
ENSG00000052802,0.005540271163697223,0.0,0.0,0.0,0.0,0.0,0.0,0.0,0.0,0.0
ENSG00000053438,0.0,0.0,0.0,0.012205252731803949,0.0,0.0,0.0,0.0,0.0,0.0
ENSG00000053747,0.0,0.009180697521880252,0.0,0.0,0.0,0.0,0.0,0.0,0.0,0.0
ENSG00000054690,0.0,0.0,0.0,0.0,0.0,0.0,0.0001769291446854107,0.0,0.0,0.0
ENSG00000059728,0.001183680397359276,0.0,0.0,0.0,0.0,0.0,0.0,0.0,0.0,0.0
ENSG00000059804,0.002437288042656237,0.0,0.0,0.0,0.0,0.0,0.0,0.0,0.0,0.0
ENSG00000059915,0.0,0.0,0.0,0.0,0.0,0.0,0.0001391073347707758,0.0,0.0,0.0
ENSG00000060558,0.002846685895119602,0.0,0.0,0.0,0.0,0.0,0.0,0.0,0.0,0.0
ENSG00000060982,0.0,0.0,0.0,0.0,0.0,0.0,0.0024699565017133602,0.0,0.0,0.0
ENSG00000062282,0.00023504180694473067,0.0,0.0,0.0,0.0,0.0,0.0,0.0,0.0,0.0
ENSG00000064300,0.0,0.0,0.0,0.020037793377942908,0.0,0.0,0.0,0.0,0.0,0.0
ENSG00000064655,0.0,0.006873734970962393,0.0,0.0,0.0,0.0,0.0,0.0,0.0,0.0
ENSG00000064692,0.00011721285392197905,0.0,0.0,0.0,0.0,0.0,0.0,0.0,0.0,0.0
ENSG00000064886,0.0,0.0,0.0,0.0,0.0,0.0,0.002009043258855352,0.0,0.0,0.0
ENSG00000064989,0.001323996967560226,0.0,0.0,0.0,0.0,0.0,0.0,0.0,0.0,0.0
ENSG00000065320,0.0,0.0033499517212840168,0.0,0.0,0.0,0.0,0.0,0.0,0.0,0.0
ENSG00000066230,0.0,0.0006045396068451619,0.0,0.0,0.0,0.0,0.0,0.0,0.0,0.0
ENSG00000066336,0.0036705644176277044,0.0,0.0,0.0,0.0,0.0,0.0,0.0,0.0,0.0
ENSG00000068078,0.0,0.015592758474111066,0.0,0.0,0.0,0.0,0.0,0.0,0.0,0.0
ENSG00000068650,0.0028320535414762533,0.0,0.0,0.0,0.0,0.0,0.0,0.0,0.0,0.0
ENSG00000068976,0.0,0.0,0.0,0.0,6.038959918560312e-05,0.0,0.0,0.0,0.0,0.0
ENSG00000069702,0.00047917107562585657,0.0,0.0,0.0,0.0,0.0,0.0,0.0,0.0,0.0
ENSG00000072042,0.0024129521281757212,0.0,0.0,0.0,0.0,0.0,0.0,0.0,0.0,0.0
ENSG00000072274,0.0,0.0,0.0,0.0,0.0,0.0,0.022536349804304186,0.0,0.0,0.0
ENSG00000072832,0.0,0.00247727522246213,0.0,0.0,0.0,0.0,0.0,0.0,0.0,0.0
ENSG00000073060,0.0011499489715919786,0.0,0.0,0.0,0.0,0.0,0.0,0.0,0.0,0.0
ENSG00000073605,0.0006214899679043174,0.0,0.0,0.0,0.0,0.0,0.0,0.0,0.0,0.0
ENSG00000073756,0.0,0.0,0.0,0.0,0.0,0.0,0.006932930071640277,0.0,0.0,0.0
ENSG00000073849,0.002326390204517177,0.0,0.0,0.0,0.0,0.0,0.0,0.0,0.0,0.0
ENSG00000074410,0.0,0.010944348575144484,0.0,0.0,0.0,0.0,0.0,0.0,0.0,0.0
ENSG00000074527,0.0022145682177269576,0.0,0.0,0.0,0.0,0.0,0.0,0.0,0.0,0.0
ENSG00000075073,1.3246130666609985e-05,0.0,0.0,0.0,0.0,0.0,0.0,0.0,0.0,0.0
ENSG00000075239,0.001443212143559716,0.0,0.0,0.0,0.0,0.0,0.0,0.0,0.0,0.0
ENSG00000075618,0.0,0.0,0.0,0.0,0.0,0.0,0.025726523313459787,0.0,0.0,0.0
ENSG00000075886,0.0,0.0,0.0,0.0,0.0,0.0,1.185938107492789e-05,0.0,0.0,0.0
ENSG00000076555,0.0,0.0,0.00026039841364797396,0.0,0.0,0.0,0.0,0.0,0.0,0.0
ENSG00000076864,0.0,0.0,0.0,0.0,0.018405887123212037,0.0,0.0,0.0,0.0,0.0
ENSG00000077009,0.0,0.0,0.0,0.0,0.0,5.905860582317853e-05,0.0,0.0,0.0,0.0
ENSG00000077157,0.0004292670484632794,0.0,0.0,0.0,0.0,0.0,0.0,0.0,0.0,0.0
ENSG00000077522,0.0,5.70054809714297e-05,0.0,0.0,0.0,0.0,0.0,0.0,0.0,0.0
ENSG00000077943,0.0,0.0,0.0,0.0,0.0,0.0,0.0007497051982231442,0.0,0.0,0.0
ENSG00000078401,0.0,0.0,0.006944772715788376,0.0,0.0,0.0,0.0,0.0,0.0,0.0
ENSG00000078814,0.0,0.0,0.0,0.0,0.0,0.0,5.897638156180356e-05,0.0,0.0,0.0
ENSG00000079337,0.00011259211066618488,0.0,0.0,0.0,0.0,0.0,0.0,0.0,0.0,0.0
ENSG00000079385,0.0012807160057309538,0.0,0.0,0.0,0.0,0.0,0.0,0.0,0.0,0.0
ENSG00000079435,0.00010704721875923186,0.0,0.0,0.0,0.0,0.0,0.0,0.0,0.0,0.0
ENSG00000080493,0.0,0.0,0.0,0.0,0.0,0.0,0.0010006753436736452,0.0,0.0,0.0
ENSG00000081041,0.0,0.0,0.0,0.0,0.0,0.0,0.010921848922382914,0.0,0.0,0.0
ENSG00000081181,0.0,0.0,0.0,0.0,0.0,0.0,0.000978559200587969,0.0,0.0,0.0
ENSG00000081277,0.0,0.0,0.0,0.0,0.0,0.0,0.0,0.03362981353634859,0.0,0.0
ENSG00000082196,0.00037042958433950015,0.0,0.0,0.0,0.0,0.0,0.0,0.0,0.0,0.0
ENSG00000083807,0.0,0.0,0.0,0.0,0.0,0.0,0.00010801652492569456,0.0,0.0,0.0
ENSG00000085265,0.0003950735483704025,0.0,0.0,0.0,0.0,0.0,0.0,0.0,0.0,0.0
ENSG00000085563,0.0,0.0,0.0,0.0,0.0,0.0,0.00011538857262092001,0.0,0.0,0.0
ENSG00000085662,0.0,0.02361082569272216,0.0,0.0,0.0,0.0,0.0,0.0,0.0,0.0
ENSG00000086967,4.666950688352123e-05,0.0,0.0,0.0,0.0,0.0,0.0,0.0,0.0,0.0
ENSG00000087237,8.209520517794329e-05,0.0,0.0,0.0,0.0,0.0,0.0,0.0,0.0,0.0
ENSG00000087250,0.0,0.0,0.0,0.00131455227627507,0.0,0.0,0.0,0.0,0.0,0.0
ENSG00000088002,0.0008144830112213209,0.0,0.0,0.0,0.0,0.0,0.0,0.0,0.0,0.0
ENSG00000088325,0.004247849275051591,0.0,0.0,0.0,0.0,0.0,0.0,0.0,0.0,0.0
ENSG00000088836,0.0,0.004051611777191614,0.0,0.0,0.0,0.0,0.0,0.0,0.0,0.0
ENSG00000088882,0.0013344706522733594,0.0,0.0,0.0,0.0,0.0,0.0,0.0,0.0,0.0
ENSG00000089199,0.0,0.0,0.0,0.03101978218599089,0.0,0.0,0.0,0.0,0.0,0.0
ENSG00000090339,0.0135466330030118,0.0,0.0,0.0,0.0,0.0,0.0,0.0,0.0,0.0
ENSG00000091513,0.0,0.0,0.0,0.01682900778689647,0.0,0.0,0.0,0.0,0.0,0.0
ENSG00000091583,0.0,0.0,0.0,0.02230174452041664,0.0,0.0,0.0,0.0,0.0,0.0
ENSG00000091704,0.0,0.0,0.0,0.0001049816053969674,0.0,0.0,0.0,0.0,0.0,0.0
ENSG00000091947,0.0022706332358972607,0.0,0.0,0.0,0.0,0.0,0.0,0.0,0.0,0.0
ENSG00000091986,0.002024347620363431,0.0,0.0,0.0,0.0,0.0,0.0,0.0,0.0,0.0
ENSG00000092054,0.0,0.0,0.0,0.0,1.2940628396914954e-05,0.0,0.0,0.0,0.0,0.0
ENSG00000092295,0.0,0.0,0.0,0.0,0.0,0.0,0.0,0.0,0.009314665358719401,0.0
ENSG00000092607,0.0,0.0,0.0,0.0,0.0024256489006217255,0.0,0.0,0.0,0.0,0.0
ENSG00000092758,0.0,0.0,0.0,0.005522945327405676,0.0,0.0,0.0,0.0,0.0,0.0
ENSG00000095303,0.0006820217045552211,0.0,0.0,0.0,0.0,0.0,0.0,0.0,0.0,0.0
ENSG00000095637,0.0,0.0,0.0,0.0,0.0,0.0,0.0006561122448750646,0.0,0.0,0.0
ENSG00000095739,0.0,0.0,0.0,0.0,0.016217483076533753,0.0,0.0,0.0,0.0,0.0
ENSG00000096088,0.0,0.0,0.0,0.0,0.0,0.5750917048907088,0.0,0.0,0.0,0.0
ENSG00000096696,0.012566265308907469,0.0,0.0,0.0,0.0,0.0,0.0,0.0,0.0,0.0
ENSG00000099194,0.018582627052726685,0.0,0.0,0.0,0.0,0.0,0.0,0.0,0.0,0.0
ENSG00000099864,0.0006439775850825156,0.0,0.0,0.0,0.0,0.0,0.0,0.0,0.0,0.0
ENSG00000099953,0.0,0.0,0.0,0.0,0.0,0.0,0.007944823748763178,0.0,0.0,0.0
ENSG00000099958,0.0017957748539768118,0.0,0.0,0.0,0.0,0.0,0.0,0.0,0.0,0.0
ENSG00000099984,2.002322077510812e-06,0.0,0.0,0.0,0.0,0.0,0.0,0.0,0.0,0.0
ENSG00000099994,0.0,0.0,0.0,0.0,0.051395862449747226,0.0,0.0,0.0,0.0,0.0
ENSG00000100003,0.0,0.0,0.0,0.0,0.0,0.0,0.0006843183404046228,0.0,0.0,0.0
ENSG00000100031,0.0008594582455777177,0.0,0.0,0.0,0.0,0.0,0.0,0.0,0.0,0.0
ENSG00000100033,0.0,0.0,0.0,0.0,0.004642809899293154,0.0,0.0,0.0,0.0,0.0
ENSG00000100197,0.0,0.0,0.0,0.0023324174068630583,0.0,0.0,0.0,0.0,0.0,0.0
ENSG00000100285,0.0,0.0,0.0,0.009279461033566727,0.0,0.0,0.0,0.0,0.0,0.0
ENSG00000100292,0.006193336210516134,0.0,0.0,0.0,0.0,0.0,0.0,0.0,0.0,0.0
ENSG00000100473,0.0,0.0,0.0,0.0,0.0,0.0,0.0010211888676951422,0.0,0.0,0.0
ENSG00000100577,0.00033115326666524966,0.0,0.0,0.0,0.0,0.0,0.0,0.0,0.0,0.0
ENSG00000100604,0.0,0.0,0.0,0.016422774618186465,0.0,0.0,0.0,0.0,0.0,0.0
ENSG00000100628,0.0,0.0005250134420331673,0.0,0.0,0.0,0.0,0.0,0.0,0.0,0.0
ENSG00000100889,0.0018304304283952683,0.0,0.0,0.0,0.0,0.0,0.0,0.0,0.0,0.0
ENSG00000100918,0.0006416672134546186,0.0,0.0,0.0,0.0,0.0,0.0,0.0,0.0,0.0
ENSG00000100985,0.007733121888121948,0.0,0.0,0.0,0.0,0.0,0.0,0.0,0.0,0.0
ENSG00000101000,0.0030252006095684504,0.0,0.0,0.0,0.0,0.0,0.0,0.0,0.0,0.0
ENSG00000101194,0.0005718939902921265,0.0,0.0,0.0,0.0,0.0,0.0,0.0,0.0,0.0
ENSG00000101210,0.0,0.0,0.0,0.0,0.0,0.0,0.007830396747580766,0.0,0.0,0.0
ENSG00000101213,0.0,0.0,0.0,0.0,0.0,0.0,0.003269663414738903,0.0,0.0,0.0
ENSG00000101230,0.00046038005305229355,0.0,0.0,0.0,0.0,0.0,0.0,0.0,0.0,0.0
ENSG00000101307,0.0,0.0,0.0,0.0,0.0,0.0,0.00029359981255767427,0.0,0.0,0.0
ENSG00000101405,0.0,0.0,0.0,0.0,0.0,0.0,3.814233372747078e-05,0.0,0.0,0.0
ENSG00000101447,0.0024243499615400135,0.0,0.0,0.0,0.0,0.0,0.0,0.0,0.0,0.0
ENSG00000101470,0.0,0.0,0.0,0.03024839560720448,0.0,0.0,0.0,0.0,0.0,0.0
ENSG00000101577,0.002436825968330658,0.0,0.0,0.0,0.0,0.0,0.0,0.0,0.0,0.0
ENSG00000101605,0.0,0.0,4.27884717261929e-05,0.0,0.0,0.0,0.0,0.0,0.0,0.0
ENSG00000101670,0.0,0.0,0.0,0.0,0.0,0.0,0.0002080199545304919,0.0,0.0,0.0
ENSG00000102554,0.008677909859156665,0.0,0.0,0.0,0.0,0.0,0.0,0.0,0.0,0.0
ENSG00000102575,0.008060578560182562,0.0,0.0,0.0,0.0,0.0,0.0,0.0,0.0,0.0
ENSG00000102743,0.0005654249497340147,0.0,0.0,0.0,0.0,0.0,0.0,0.0,0.0,0.0
ENSG00000102760,0.010695018315086019,0.0,0.0,0.0,0.0,0.0,0.0,0.0,0.0,0.0
ENSG00000102837,0.0,0.0,0.0,0.0,0.0,0.0,0.0,0.0,0.012317742007401792,0.0
ENSG00000102886,0.0004448235507577865,0.0,0.0,0.0,0.0,0.0,0.0,0.0,0.0,0.0
ENSG00000102934,0.0005424752582302368,0.0,0.0,0.0,0.0,0.0,0.0,0.0,0.0,0.0
ENSG00000102967,0.0002761664219212989,0.0,0.0,0.0,0.0,0.0,0.0,0.0,0.0,0.0
ENSG00000103034,0.0,0.0023991566003901707,0.0,0.0,0.0,0.0,0.0,0.0,0.0,0.0
ENSG00000103044,0.0,0.017129091374859597,0.0,0.0,0.0,0.0,0.0,0.0,0.0,0.0
ENSG00000103257,0.008456576257204123,0.0,0.0,0.0,0.0,0.0,0.0,0.0,0.0,0.0
ENSG00000103316,0.0,0.0,0.0,0.0,0.006523514559644794,0.0,0.0,0.0,0.0,0.0
ENSG00000103485,0.0,0.0,0.0,0.0,0.0,0.0,0.0032337647477012833,0.0,0.0,0.0
ENSG00000103569,0.0007557995718727349,0.0,0.0,0.0,0.0,0.0,0.0,0.0,0.0,0.0
ENSG00000103710,0.0007259187654852659,0.0,0.0,0.0,0.0,0.0,0.0,0.0,0.0,0.0
ENSG00000103876,0.0006968080829737625,0.0,0.0,0.0,0.0,0.0,0.0,0.0,0.0,0.0
ENSG00000104140,0.0,0.019984995594391222,0.0,0.0,0.0,0.0,0.0,0.0,0.0,0.0
ENSG00000104154,0.00011012771426309464,0.0,0.0,0.0,0.0,0.0,0.0,0.0,0.0,0.0
ENSG00000104267,0.0028751804785303327,0.0,0.0,0.0,0.0,0.0,0.0,0.0,0.0,0.0
ENSG00000104332,0.0,0.0,0.0,0.018942333147713684,0.0,0.0,0.0,0.0,0.0,0.0
ENSG00000104368,0.0,0.0,0.0,0.0,0.0,0.0,0.00865029666081497,0.0,0.0,0.0
ENSG00000104435,0.0,0.0,0.0,0.003099239568023516,0.0,0.0,0.0,0.0,0.0,0.0
ENSG00000104447,0.0003052771044328022,0.0,0.0,0.0,0.0,0.0,0.0,0.0,0.0,0.0
ENSG00000104490,0.0004194094628509185,0.0,0.0,0.0,0.0,0.0,0.0,0.0,0.0,0.0
ENSG00000104783,0.0,0.0,0.0,0.0,0.017638076504995083,0.0,0.0,0.0,0.0,0.0
ENSG00000104833,0.00016218808827837575,0.0,0.0,0.0,0.0,0.0,0.0,0.0,0.0,0.0
ENSG00000104879,0.0,0.0,0.0,0.0025925892115424994,0.0,0.0,0.0,0.0,0.0,0.0
ENSG00000104894,0.001465545735962721,0.0,0.0,0.0,0.0,0.0,0.0,0.0,0.0,0.0
ENSG00000105048,0.0,0.0,0.0,0.0,0.016479171339671365,0.0,0.0,0.0,0.0,0.0
ENSG00000105088,0.0014493731345674415,0.0,0.0,0.0,0.0,0.0,0.0,0.0,0.0,0.0
ENSG00000105173,0.0007759768174230361,0.0,0.0,0.0,0.0,0.0,0.0,0.0,0.0,0.0
ENSG00000105270,0.0007408591686790003,0.0,0.0,0.0,0.0,0.0,0.0,0.0,0.0,0.0
ENSG00000105290,0.0,0.0,0.0,0.0,0.0,0.0,0.0008622090565285412,0.0,0.0,0.0
ENSG00000105369,0.00359185775750401,0.0,0.0,0.0,0.0,0.0,0.0,0.0,0.0,0.0
ENSG00000105374,0.002409255533571086,0.0,0.0,0.0,0.0,0.0,0.0,0.0,0.0,0.0
ENSG00000105427,0.0,0.009638852683761743,0.0,0.0,0.0,0.0,0.0,0.0,0.0,0.0
ENSG00000105519,0.0,0.0,0.004918229192984972,0.0,0.0,0.0,0.0,0.0,0.0,0.0
ENSG00000105655,0.002618421178283369,0.0,0.0,0.0,0.0,0.0,0.0,0.0,0.0,0.0
ENSG00000105679,0.0,0.0,0.0,0.0,0.0,0.0,0.0,0.0,0.0,0.0
ENSG00000105697,3.727399559673973e-05,0.0,0.0,0.0,0.0,0.0,0.0,0.0,0.0,0.0
ENSG00000105717,9.54953606197464e-05,0.0,0.0,0.0,0.0,0.0,0.0,0.0,0.0,0.0
ENSG00000105825,0.0,0.0,0.0,0.0,0.06613811388903268,0.0,0.0,0.0,0.0,0.0
ENSG00000105894,0.0,0.011707236740243617,0.0,0.0,0.0,0.0,0.0,0.0,0.0,0.0
ENSG00000106258,0.0,0.0007234769683781448,0.0,0.0,0.0,0.0,0.0,0.0,0.0,0.0
ENSG00000106327,7.162152046480981e-05,0.0,0.0,0.0,0.0,0.0,0.0,0.0,0.0,0.0
ENSG00000106333,0.0037441882601700247,0.0,0.0,0.0,0.0,0.0,0.0,0.0,0.0,0.0
ENSG00000106366,0.009937524470686158,0.0,0.0,0.0,0.0,0.0,0.0,0.0,0.0,0.0
ENSG00000106404,0.0003804411947270542,0.0,0.0,0.0,0.0,0.0,0.0,0.0,0.0,0.0
ENSG00000106483,0.0028727160821272425,0.0,0.0,0.0,0.0,0.0,0.0,0.0,0.0,0.0
ENSG00000106484,0.0,0.0,0.0,0.0,0.0,0.0,0.006864658499506233,0.0,0.0,0.0
ENSG00000106565,0.009403982649417124,0.0,0.0,0.0,0.0,0.0,0.0,0.0,0.0,0.0
ENSG00000106631,0.0,0.0,0.0,0.0,0.0,0.0,0.0,0.0,3.121237793730771e-05,0.0
ENSG00000106688,0.0,0.0,0.0021687642526361773,0.0,0.0,0.0,0.0,0.0,0.0,0.0
ENSG00000106772,9.395511286781502e-05,0.0,0.0,0.0,0.0,0.0,0.0,0.0,0.0,0.0
ENSG00000106804,0.0,0.0,0.0,0.0,0.006619850348821827,0.0,0.0,0.0,0.0,0.0
ENSG00000106809,0.0,0.0,0.0,0.0,0.0033717526211961744,0.0,0.0,0.0,0.0,0.0
ENSG00000106823,0.00035625930502173133,0.0,0.0,0.0,0.0,0.0,0.0,0.0,0.0,0.0
ENSG00000106853,0.0,0.02069298959262898,0.0,0.0,0.0,0.0,0.0,0.0,0.0,0.0
ENSG00000106927,0.0,0.0,0.0,0.019353130734049644,0.0,0.0,0.0,0.0,0.0,0.0
ENSG00000107159,0.0,0.0,0.0,0.0,0.0,0.0,0.006882607833025043,0.0,0.0,0.0
ENSG00000107537,0.001367123904614305,0.0,0.0,0.0,0.0,0.0,0.0,0.0,0.0,0.0
ENSG00000107562,0.0011573421608012493,0.0,0.0,0.0,0.0,0.0,0.0,0.0,0.0,0.0
ENSG00000107742,0.0,0.0,0.008754521315179068,0.0,0.0,0.0,0.0,0.0,0.0,0.0
ENSG00000107821,0.0003015805098281669,0.0,0.0,0.0,0.0,0.0,0.0,0.0,0.0,0.0
ENSG00000107984,0.0,0.0,0.0,0.03923116949508412,0.0,0.0,0.0,0.0,0.0,0.0
ENSG00000108176,0.0,0.0,0.0,0.0,0.010691834751051066,0.0,0.0,0.0,0.0,0.0
ENSG00000108187,0.0,0.0,0.0,0.0,0.0,0.0,0.0004926451003287612,0.0,0.0,0.0
ENSG00000108342,0.0,0.003482260738847335,0.0,0.0,0.0,0.0,0.0,0.0,0.0,0.0
ENSG00000108352,0.0,0.006826582289171211,0.0,0.0,0.0,0.0,0.0,0.0,0.0,0.0
ENSG00000108515,0.0,0.0,0.0,0.0,0.002951901122096267,0.0,0.0,0.0,0.0,0.0
ENSG00000108551,0.0,0.0,0.0,0.0,0.0,0.0,0.012004578362142547,0.0,0.0,0.0
ENSG00000108602,0.0,0.04386536572183014,0.0,0.0,0.0,0.0,0.0,0.0,0.0,0.0
ENSG00000108823,0.0,0.0,0.0,0.0,0.0,0.0,0.000530787434056232,0.0,0.0,0.0
ENSG00000108839,0.0,0.0,0.0,0.0,0.0,0.0,0.0,0.000593626466582077,0.0,0.0
ENSG00000108950,0.00126531352821164,0.0,0.0,0.0,0.0,0.0,0.0,0.0,0.0,0.0
ENSG00000109061,0.0,0.0,0.0,0.0,0.0,0.0,3.5257619411947783e-06,0.0,0.0,0.0
ENSG00000109063,9.087461736395222e-06,0.0,0.0,0.0,0.0,0.0,0.0,0.0,0.0,0.0
ENSG00000109072,0.0,0.0,0.0,0.019083830094118293,0.0,0.0,0.0,0.0,0.0,0.0
ENSG00000109107,0.002703442854189982,0.0,0.0,0.0,0.0,0.0,0.0,0.0,0.0,0.0
ENSG00000109220,0.0021843793617891023,0.0,0.0,0.0,0.0,0.0,0.0,0.0,0.0,0.0
ENSG00000109436,0.0015342407856988613,0.0,0.0,0.0,0.0,0.0,0.0,0.0,0.0,0.0
ENSG00000109814,0.0,0.029510541087580125,0.0,0.0,0.0,0.0,0.0,0.0,0.0,0.0
ENSG00000110042,0.001813487703124023,0.0,0.0,0.0,0.0,0.0,0.0,0.0,0.0,0.0
ENSG00000110076,0.0,0.0001238637611231065,0.0,0.0,0.0,0.0,0.0,0.0,0.0,0.0
ENSG00000110169,0.0,0.0,0.0,0.0011821841651223721,0.0,0.0,0.0,0.0,0.0,0.0
ENSG00000110245,0.0,0.0,0.0,0.002985129127374638,0.0,0.0,0.0,0.0,0.0,0.0
ENSG00000110446,0.0013894574970173103,0.0,0.0,0.0,0.0,0.0,0.0,0.0,0.0,0.0
ENSG00000110799,0.004437761822864731,0.0,0.0,0.0,0.0,0.0,0.0,0.0,0.0,0.0
ENSG00000110852,0.0013047438706610835,0.0,0.0,0.0,0.0,0.0,0.0,0.0,0.0,0.0
ENSG00000111206,0.002170671156796913,0.0,0.0,0.0,0.0,0.0,0.0,0.0,0.0,0.0
ENSG00000111215,0.0,0.0,0.0,0.005655313438558374,0.0,0.0,0.0,0.0,0.0,0.0
ENSG00000111245,0.0,0.0,0.0,0.0,3.882188519074486e-05,0.0,0.0,0.0,0.0,0.0
ENSG00000111247,0.0010040875094840754,0.0,0.0,0.0,0.0,0.0,0.0,0.0,0.0,0.0
ENSG00000111799,0.0026787988901590797,0.0,0.0,0.0,0.0,0.0,0.0,0.0,0.0,0.0
ENSG00000111859,0.0,0.0,0.0,0.0,0.0,0.0,0.00539056948427398,0.0,0.0,0.0
ENSG00000112299,0.0,0.0018291017906758738,0.0,0.0,0.0,0.0,0.0,0.0,0.0,0.0
ENSG00000112562,0.0,0.006834323774241405,0.0,0.0,0.0,0.0,0.0,0.0,0.0,0.0
ENSG00000112796,0.0007861424525857833,0.0,0.0,0.0,0.0,0.0,0.0,0.0,0.0,0.0
ENSG00000112936,0.0,0.0,0.008591517613365,0.0,0.0,0.0,0.0,0.0,0.0,0.0
ENSG00000112964,0.0,0.0,0.0,0.0,0.0,0.0,0.0003077028603224534,0.0,0.0,0.0
ENSG00000112972,0.0,0.0,0.0,0.0,0.0,0.0,0.009523403526979932,0.0,0.0,0.0
ENSG00000113070,0.0,0.0,0.0,0.0,0.0,0.0,0.0055639728670181954,0.0,0.0,0.0
ENSG00000113296,0.0,0.0,0.0,0.013049669992605643,0.0,0.0,0.0,0.0,0.0,0.0
ENSG00000113739,0.0,0.0,0.0,0.0,0.0,0.0,0.002053916592652376,0.0,0.0,0.0
ENSG00000113790,0.0007440936889580563,0.0,0.0,0.0,0.0,0.0,0.0,0.0,0.0,0.0
ENSG00000113924,0.0,0.0,0.0,0.0,0.00736753110064358,0.0,0.0,0.0,0.0,0.0
ENSG00000114115,0.0,0.011373649110855252,0.0,0.0,0.0,0.0,0.0,0.0,0.0,0.0
ENSG00000114200,0.0,0.0017791340234046206,0.0,0.0,0.0,0.0,0.0,0.0,0.0,0.0
ENSG00000114270,0.0,0.011425728192236558,0.0,0.0,0.0,0.0,0.0,0.0,0.0,0.0
ENSG00000114378,0.0,0.0,0.002610911793806837,0.0,0.0,0.0,0.0,0.0,0.0,0.0
ENSG00000114854,0.0,0.0,0.00413377387800477,0.0,0.0,0.0,0.0,0.0,0.0,0.0
ENSG00000115107,0.00289566577363102,0.0,0.0,0.0,0.0,0.0,0.0,0.0,0.0,0.0
ENSG00000115138,0.0,0.0,0.0,0.0,0.0,0.0,0.000822464103736891,0.0,0.0,0.0
ENSG00000115226,0.0,0.0,0.0,0.0,0.0,0.0,0.0018574354953839764,0.0,0.0,0.0
ENSG00000115255,0.0,0.0,0.0,0.0,0.0,0.0,0.0020789174500535756,0.0,0.0,0.0
ENSG00000115380,0.005848936813184274,0.0,0.0,0.0,0.0,0.0,0.0,0.0,0.0,0.0
ENSG00000115386,0.0,0.0,0.0,0.0,0.0,0.003333530195352744,0.0,0.0,0.0,0.0
ENSG00000115425,0.0004964218504474882,0.0,0.0,0.0,0.0,0.0,0.0,0.0,0.0,0.0
ENSG00000115523,0.0,0.00486165262408193,0.0,0.0,0.0,0.0,0.0,0.0,0.0,0.0
ENSG00000115525,0.0016585387792797247,0.0,0.0,0.0,0.0,0.0,0.0,0.0,0.0,0.0
ENSG00000115590,0.0,0.0022049157022652993,0.0,0.0,0.0,0.0,0.0,0.0,0.0,0.0
ENSG00000115687,0.00023149923711528848,0.0,0.0,0.0,0.0,0.0,0.0,0.0,0.0,0.0
ENSG00000115705,0.0,2.463199795061777e-05,0.0,0.0,0.0,0.0,0.0,0.0,0.0,0.0
ENSG00000115919,0.0,0.0,0.0,0.0,0.0,0.0,0.000724383817009109,0.0,0.0,0.0
ENSG00000116194,0.0,0.0,0.0,0.0,0.0,0.0,0.0002291745261776606,0.0,0.0,0.0
ENSG00000116678,0.0,0.0,0.0,0.0,0.0024285245958210397,0.0,0.0,0.0,0.0,0.0
ENSG00000116701,0.0028533089604529066,0.0,0.0,0.0,0.0,0.0,0.0,0.0,0.0,0.0
ENSG00000116761,0.00034178097615357624,0.0,0.0,0.0,0.0,0.0,0.0,0.0,0.0,0.0
ENSG00000116774,0.0031256247629943773,0.0,0.0,0.0,0.0,0.0,0.0,0.0,0.0,0.0
ENSG00000116990,0.0,0.004673745668287217,0.0,0.0,0.0,0.0,0.0,0.0,0.0,0.0
ENSG00000117115,0.00040277478713005943,0.0,0.0,0.0,0.0,0.0,0.0,0.0,0.0,0.0
ENSG00000117394,0.0,0.0,0.0,0.0,0.0,0.0,0.04208509714916505,0.0,0.0,0.0
ENSG00000117399,0.00425863100931511,0.0,0.0,0.0,0.0,0.0,0.0,0.0,0.0,0.0
ENSG00000117472,0.0,0.0,0.0,0.0,0.0,0.0,0.016918208412916726,0.0,0.0,0.0
ENSG00000117525,0.0,0.0,0.0,0.0,0.0,0.0,0.01737783956052339,0.0,0.0,0.0
ENSG00000117586,0.00014647756120867553,0.0,0.0,0.0,0.0,0.0,0.0,0.0,0.0,0.0
ENSG00000117594,0.0008087840945391748,0.0,0.0,0.0,0.0,0.0,0.0,0.0,0.0,0.0
ENSG00000118004,0.0,0.0,0.0,0.0,0.0,0.0,0.0003330242415364886,0.0,0.0,0.0
ENSG00000118137,0.0,0.0,0.0,0.0236071679614398,0.0,0.0,0.0,0.0,0.0,0.0
ENSG00000118194,0.0,0.0,0.0,0.0,0.0,0.0,9.968290579196145e-05,0.0,0.0,0.0
ENSG00000118271,0.0,0.0,0.0,0.002720392905069242,0.0,0.0,0.0,0.0,0.0,0.0
ENSG00000118402,0.00019222291944103793,0.0,0.0,0.0,0.0,0.0,0.0,0.0,0.0,0.0
ENSG00000118514,0.0,0.0,0.0,0.0,0.0,0.0,0.0,0.00020647877098507026,0.0,0.0
ENSG00000118520,0.0,0.0,0.0,0.0,0.0,0.0,0.0,0.0,0.0003299594239086815,0.0
ENSG00000118729,0.0,0.0,0.0001352930725056766,0.0,0.0,0.0,0.0,0.0,0.0,0.0
ENSG00000118785,0.058884903754538725,0.0,0.0,0.0,0.0,0.0,0.0,0.0,0.0,0.0
ENSG00000118849,0.0,0.0,0.0,0.0,0.0,0.0,0.006808246308447116,0.0,0.0,0.0
ENSG00000118898,0.0,0.0,0.0,0.0,0.0,0.0,0.0076983409366923805,0.0,0.0,0.0
ENSG00000119508,0.0,0.0,0.0011748491808248965,0.0,0.0,0.0,0.0,0.0,0.0,0.0
ENSG00000119535,0.0,0.0,0.0,0.0,0.0,0.0,0.0022003959751183775,0.0,0.0,0.0
ENSG00000119630,0.0,0.0028411250207612555,0.0,0.0,0.0,0.0,0.0,0.0,0.0,0.0
ENSG00000119699,0.0009544915318718847,0.0,0.0,0.0,0.0,0.0,0.0,0.0,0.0,0.0
ENSG00000119711,0.0008365085540739399,0.0,0.0,0.0,0.0,0.0,0.0,0.0,0.0,0.0
ENSG00000119862,0.0013654296320871806,0.0,0.0,0.0,0.0,0.0,0.0,0.0,0.0,0.0
ENSG00000119917,0.0034455342210705274,0.0,0.0,0.0,0.0,0.0,0.0,0.0,0.0,0.0
ENSG00000119927,0.00029141487466541967,0.0,0.0,0.0,0.0,0.0,0.0,0.0,0.0,0.0
ENSG00000119938,0.0005538730915945291,0.0,0.0,0.0,0.0,0.0,0.0,0.0,0.0,0.0
ENSG00000120049,1.8791022573563004e-05,0.0,0.0,0.0,0.0,0.0,0.0,0.0,0.0,0.0
ENSG00000120158,0.0004985781973001921,0.0,0.0,0.0,0.0,0.0,0.0,0.0,0.0,0.0
ENSG00000120306,0.004700528089344227,0.0,0.0,0.0,0.0,0.0,0.0,0.0,0.0,0.0
ENSG00000120729,0.0,0.0,0.0,0.0,0.0,0.0,8.333619133733112e-06,0.0,0.0,0.0
ENSG00000120756,0.0015844528624118248,0.0,0.0,0.0,0.0,0.0,0.0,0.0,0.0,0.0
ENSG00000120875,0.0,0.0,0.0,0.0,0.014382789539371143,0.0,0.0,0.0,0.0,0.0
ENSG00000120915,0.0005124404270675746,0.0,0.0,0.0,0.0,0.0,0.0,0.0,0.0,0.0
ENSG00000120937,0.0,0.0,0.0,0.00045187734496955536,0.0,0.0,0.0,0.0,0.0,0.0
ENSG00000121552,0.0,0.0,0.0,0.0,0.0,0.0,0.0,0.034168906295271306,0.0,0.0
ENSG00000121577,5.421672086798506e-05,0.0,0.0,0.0,0.0,0.0,0.0,0.0,0.0,0.0
ENSG00000121690,0.00015048220536369717,0.0,0.0,0.0,0.0,0.0,0.0,0.0,0.0,0.0
ENSG00000121769,0.0,0.0,0.006301723112131876,0.0,0.0,0.0,0.0,0.0,0.0,0.0
ENSG00000122367,0.0,0.0,0.0,0.0,0.0,0.0,1.6667238267466224e-05,0.0,0.0,0.0
ENSG00000122641,0.0013532616748469224,0.0,0.0,0.0,0.0,0.0,0.0,0.0,0.0,0.0
ENSG00000122694,0.002430664977322932,0.0,0.0,0.0,0.0,0.0,0.0,0.0,0.0,0.0
ENSG00000122852,0.0,0.0,0.0,0.0,0.0,0.0,0.0,0.0,0.0,0.3013997925477913
ENSG00000122861,0.01241224053371433,0.0,0.0,0.0,0.0,0.0,0.0,0.0,0.0,0.0
ENSG00000122877,0.0,0.0,0.0,0.0,0.0,0.0,0.002000709639721619,0.0,0.0,0.0
ENSG00000122971,0.0015268475964895906,0.0,0.0,0.0,0.0,0.0,0.0,0.0,0.0,0.0
ENSG00000123095,0.0010684698655148079,0.0,0.0,0.0,0.0,0.0,0.0,0.0,0.0,0.0
ENSG00000123342,0.0008938057704457877,0.0,0.0,0.0,0.0,0.0,0.0,0.0,0.0,0.0
ENSG00000123453,8.425155203064723e-05,0.0,0.0,0.0,0.0,0.0,0.0,0.0,0.0,0.0
ENSG00000123689,0.0,0.0,0.0,0.0,0.0,0.0,0.011115124781522956,0.0,0.0,0.0
ENSG00000124102,0.0,0.0,0.0,0.0,0.0,0.0,0.0,0.10251213062779538,0.0,0.0
ENSG00000124116,0.0,0.0,0.0,0.0,0.0037599714731036227,0.0,0.0,0.0,0.0,0.0
ENSG00000124225,0.0,0.0,0.0,0.0,0.0,0.0,0.007857000224046146,0.0,0.0,0.0
ENSG00000124253,0.0,0.0,0.0,0.001656883598221703,0.0,0.0,0.0,0.0,0.0,0.0
ENSG00000124466,0.0,0.0,0.0,0.0,0.0,0.0,0.0,0.01505421732889737,0.0,0.0
ENSG00000124701,0.0,0.0,0.0,0.0,0.000655658505443691,0.0,0.0,0.0,0.0,0.0
ENSG00000124713,0.0,0.0,0.0,0.0,0.00047448970788688163,0.0,0.0,0.0,0.0,0.0
ENSG00000124731,0.0,0.0,0.0,0.0,0.017543178563417708,0.0,0.0,0.0,0.0,0.0
ENSG00000124785,0.0,0.006900478283023064,0.0,0.0,0.0,0.0,0.0,0.0,0.0,0.0
ENSG00000124839,0.00083111768694218,0.0,0.0,0.0,0.0,0.0,0.0,0.0,0.0,0.0
ENSG00000124920,0.0,0.0,0.0014128345854734362,0.0,0.0,0.0,0.0,0.0,0.0,0.0
ENSG00000125144,0.0,0.0,0.0,0.045174041244077666,0.0,0.0,0.0,0.0,0.0,0.0
ENSG00000125257,0.0008097082431903337,0.0,0.0,0.0,0.0,0.0,0.0,0.0,0.0,0.0
ENSG00000125414,6.160991007725575e-07,0.0,0.0,0.0,0.0,0.0,0.0,0.0,0.0,0.0
ENSG00000125538,0.0,0.0,0.0,0.0,0.0,0.0,0.0015760155877140658,0.0,0.0,0.0
ENSG00000125551,0.0,0.0,0.0,9.12883525191021e-06,0.0,0.0,0.0,0.0,0.0,0.0
ENSG00000125618,9.872988089880233e-05,0.0,0.0,0.0,0.0,0.0,0.0,0.0,0.0,0.0
ENSG00000125650,2.5106038356481717e-05,0.0,0.0,0.0,0.0,0.0,0.0,0.0,0.0,0.0
ENSG00000125730,0.0,0.0,0.0,0.0,0.0,0.0,0.03952090664647794,0.0,0.0,0.0
ENSG00000125740,0.0,0.0,0.014057439244445242,0.0,0.0,0.0,0.0,0.0,0.0,0.0
ENSG00000125775,0.0,0.0,0.0,0.0,0.0,0.0,0.003167416318444254,0.0,0.0,0.0
ENSG00000125780,0.0,0.0,0.0,0.0,0.0,0.0,0.0,0.0,0.007254648414857092,0.0
ENSG00000125787,0.0,0.0,0.0,0.0,0.0,0.00041603506768772433,0.0,0.0,0.0,0.0
ENSG00000125845,0.0,0.0,0.0,0.0,0.0,0.0,0.0026641939322919086,0.0,0.0,0.0
ENSG00000126218,0.0,0.0,0.0004502977262613634,0.0,0.0,0.0,0.0,0.0,0.0,0.0
ENSG00000126233,0.0,0.0,0.0,0.0,0.0,0.0,0.0,0.0,0.001210594372854149,0.0
ENSG00000126522,0.0018153360004263407,0.0,0.0,0.0,0.0,0.0,0.0,0.0,0.0,0.0
ENSG00000126861,0.0,0.0,0.0003643132735544424,0.0,0.0,0.0,0.0,0.0,0.0,0.0
ENSG00000126878,0.0008084760449887885,0.0,0.0,0.0,0.0,0.0,0.0,0.0,0.0,0.0
ENSG00000127863,0.0010362786874994416,0.0,0.0,0.0,0.0,0.0,0.0,0.0,0.0,0.0
ENSG00000127920,0.0,0.0,0.0,0.0,0.0,0.0,0.004154629661978792,0.0,0.0,0.0
ENSG00000127951,0.0017822206737598157,0.0,0.0,0.0,0.0,0.0,0.0,0.0,0.0,0.0
ENSG00000128045,0.0,0.0,0.0,0.0,0.0,0.0,0.0006676511021371566,0.0,0.0,0.0
ENSG00000128298,0.0,0.0,0.0,0.0,0.0,0.0,0.0008843251996142176,0.0,0.0,0.0
ENSG00000128591,0.0,0.0,0.0,0.0,0.0038433666338837415,0.0,0.0,0.0,0.0,0.0
ENSG00000128594,0.0,0.004893322335732725,0.0,0.0,0.0,0.0,0.0,0.0,0.0,0.0
ENSG00000128606,0.00032376007745597894,0.0,0.0,0.0,0.0,0.0,0.0,0.0,0.0,0.0
ENSG00000128944,0.0009852964869105124,0.0,0.0,0.0,0.0,0.0,0.0,0.0,0.0,0.0
ENSG00000128965,0.0,0.0,0.0,0.0,0.0,0.0,0.0010102910580587219,0.0,0.0,0.0
ENSG00000129007,7.439396641828632e-05,0.0,0.0,0.0,0.0,0.0,0.0,0.0,0.0,0.0
ENSG00000129167,0.0,0.0,0.0,0.0020950676903133928,0.0,0.0,0.0,0.0,0.0,0.0
ENSG00000129170,0.0,0.0,0.0,0.0,1.4378475996572172e-05,0.0,0.0,0.0,0.0,0.0
ENSG00000129194,0.0,0.006877957599182499,0.0,0.0,0.0,0.0,0.0,0.0,0.0,0.0
ENSG00000129437,0.0,0.0,0.0,0.0,0.0,0.0,0.0,0.0,0.01529852410041468,0.0
ENSG00000129521,0.0,0.0,0.0,0.0,0.0,0.0,0.004133154566518788,0.0,0.0,0.0
ENSG00000129596,0.0,0.0,0.0003965065046627209,0.0,0.0,0.0,0.0,0.0,0.0,0.0
ENSG00000130005,0.0015065163261640962,0.0,0.0,0.0,0.0,0.0,0.0,0.0,0.0,0.0
ENSG00000130208,0.014671783985797684,0.0,0.0,0.0,0.0,0.0,0.0,0.0,0.0,0.0
ENSG00000130222,0.0,0.0,0.0,0.0,0.01665890228962852,0.0,0.0,0.0,0.0,0.0
ENSG00000130513,0.0,0.0,0.0,0.0,0.0,0.0,0.01040676715515564,0.0,0.0,0.0
ENSG00000130528,0.0,0.0,0.0,0.0,0.00016247677876126554,0.0,0.0,0.0,0.0,0.0
ENSG00000130529,0.0012723986678705244,0.0,0.0,0.0,0.0,0.0,0.0,0.0,0.0,0.0
ENSG00000130595,0.0,0.0006214301197255854,0.0,0.0,0.0,0.0,0.0,0.0,0.0,0.0
ENSG00000130598,0.0,0.0017045342581827497,0.0,0.0,0.0,0.0,0.0,0.0,0.0,0.0
ENSG00000130635,0.005638847019820832,0.0,0.0,0.0,0.0,0.0,0.0,0.0,0.0,0.0
ENSG00000130649,1.216795724025801e-05,0.0,0.0,0.0,0.0,0.0,0.0,0.0,0.0,0.0
ENSG00000131015,0.0,0.0038362577379662133,0.0,0.0,0.0,0.0,0.0,0.0,0.0,0.0
ENSG00000131037,0.0,0.0,0.0,0.0,0.0,0.0,0.0022439872136640585,0.0,0.0,0.0
ENSG00000131094,0.00015895356799931981,0.0,0.0,0.0,0.0,0.0,0.0,0.0,0.0,0.0
ENSG00000131095,0.0,4.2226282201059035e-05,0.0,0.0,0.0,0.0,0.0,0.0,0.0,0.0
ENSG00000131400,0.0,0.0,0.13003987070546372,0.0,0.0,0.0,0.0,0.0,0.0,0.0
ENSG00000131471,0.0,0.0,0.0,0.0,0.0,0.0,0.005370055960252483,0.0,0.0,0.0
ENSG00000131730,0.0,0.0,0.0,0.0,0.0,0.0,8.9426143781213e-05,0.0,0.0,0.0
ENSG00000131771,0.0,0.0,0.0,0.0,0.014362659672975942,0.0,0.0,0.0,0.0,0.0
ENSG00000131781,0.0,0.0,0.0,0.0,0.0,0.0,0.002143663260246425,0.0,0.0,0.0
ENSG00000131941,0.0,0.0,0.0,0.0,0.0,0.0,0.0021362912125511995,0.0,0.0,0.0
ENSG00000132002,0.009553848755680048,0.0,0.0,0.0,0.0,0.0,0.0,0.0,0.0,0.0
ENSG00000132170,0.0007644249592835507,0.0,0.0,0.0,0.0,0.0,0.0,0.0,0.0,0.0
ENSG00000132329,0.0,0.0,0.0,0.0,0.0,0.0,0.007082294168421802,0.0,0.0,0.0
ENSG00000132530,0.000297267816122759,0.0,0.0,0.0,0.0,0.0,0.0,0.0,0.0,0.0
ENSG00000132561,0.0,0.004293005357107669,0.0,0.0,0.0,0.0,0.0,0.0,0.0,0.0
ENSG00000132688,0.0017803723764574979,0.0,0.0,0.0,0.0,0.0,0.0,0.0,0.0,0.0
ENSG00000132693,0.0,0.0,0.0,0.0006025031266260738,0.0,0.0,0.0,0.0,0.0,0.0
ENSG00000132821,0.0,0.0,0.0,0.0,0.03638473350932588,0.0,0.0,0.0,0.0,0.0
ENSG00000132837,3.2961301891331823e-05,0.0,0.0,0.0,0.0,0.0,0.0,0.0,0.0,0.0
ENSG00000132965,0.004553434429034779,0.0,0.0,0.0,0.0,0.0,0.0,0.0,0.0,0.0
ENSG00000133048,0.00801437112762462,0.0,0.0,0.0,0.0,0.0,0.0,0.0,0.0,0.0
ENSG00000133710,0.0,0.005384554752005045,0.0,0.0,0.0,0.0,0.0,0.0,0.0,0.0
ENSG00000133878,0.0,0.0,0.0,0.000917447942816976,0.0,0.0,0.0,0.0,0.0,0.0
ENSG00000133985,0.001231120028118763,0.0,0.0,0.0,0.0,0.0,0.0,0.0,0.0,0.0
ENSG00000134020,0.0,0.0,0.0,0.0,0.030781441413461706,0.0,0.0,0.0,0.0,0.0
ENSG00000134121,0.0,0.0,0.0,0.0,0.003882188519074486,0.0,0.0,0.0,0.0,0.0
ENSG00000134184,0.0,0.009004050908005821,0.0,0.0,0.0,0.0,0.0,0.0,0.0,0.0
ENSG00000134201,0.0,0.0,0.00025061819153912986,0.0,0.0,0.0,0.0,0.0,0.0,0.0
ENSG00000134202,0.0,0.012672107288537817,0.0,0.0,0.0,0.0,0.0,0.0,0.0,0.0
ENSG00000134317,0.0007211439974542785,0.0,0.0,0.0,0.0,0.0,0.0,0.0,0.0,0.0
ENSG00000134321,0.0007876827003377147,0.0,0.0,0.0,0.0,0.0,0.0,0.0,0.0,0.0
ENSG00000134339,0.0,0.002511056248222977,0.0,0.0,0.0,0.0,0.0,0.0,0.0,0.0
ENSG00000134352,0.003666097699147103,0.0,0.0,0.0,0.0,0.0,0.0,0.0,0.0,0.0
ENSG00000134463,0.0013400155441803125,0.0,0.0,0.0,0.0,0.0,0.0,0.0,0.0,0.0
ENSG00000134531,0.0,0.0,0.0,0.0,0.0,0.0,0.010351316535535032,0.0,0.0,0.0
ENSG00000134716,0.00032653252340945546,0.0,0.0,0.0,0.0,0.0,0.0,0.0,0.0,0.0
ENSG00000134755,0.0,0.00711160969402836,0.0,0.0,0.0,0.0,0.0,0.0,0.0,0.0
ENSG00000134824,0.0019422524151854873,0.0,0.0,0.0,0.0,0.0,0.0,0.0,0.0,0.0
ENSG00000135052,0.008098622679655268,0.0,0.0,0.0,0.0,0.0,0.0,0.0,0.0,0.0
ENSG00000135069,0.0,0.0,0.0,0.0,0.0,0.0,0.009014732236009376,0.0,0.0,0.0
ENSG00000135094,0.0,0.0,0.0,0.0,0.0,0.0,0.0012663895845145972,0.0,0.0,0.0
ENSG00000135114,0.0007722802228184007,0.0,0.0,0.0,0.0,0.0,0.0,0.0,0.0,0.0
ENSG00000135218,0.0,0.0,0.0,0.0,0.0,0.0,0.0014189589194244802,0.0,0.0,0.0
ENSG00000135245,0.0,0.0,0.0,0.0,0.0,0.0,0.006783886498671589,0.0,0.0,0.0
ENSG00000135318,0.0,0.0,0.0,0.0,0.018381443714017863,0.0,0.0,0.0,0.0,0.0
ENSG00000135346,0.0,0.0,0.0,0.01642733903581242,0.0,0.0,0.0,0.0,0.0,0.0
ENSG00000135423,0.0,4.152251083104139e-05,0.0,0.0,0.0,0.0,0.0,0.0,0.0,0.0
ENSG00000135437,0.0,0.0,0.0,0.0,0.0,4.199723080759362e-05,0.0,0.0,0.0,0.0
ENSG00000135447,0.0,0.0,0.0,0.0005796810384962982,0.0,0.0,0.0,0.0,0.0,0.0
ENSG00000135549,0.0,0.0,0.0,0.0,0.0,0.0,0.0010465102489091774,0.0,0.0,0.0
ENSG00000135678,0.0,0.0,0.0,0.0,0.0,0.0,0.00909774790353387,0.0,0.0,0.0
ENSG00000135744,0.0,0.0,0.0,0.0,0.01283422767454032,0.0,0.0,0.0,0.0,0.0
ENSG00000135919,0.0,0.005905345565818106,0.0,0.0,0.0,0.0,0.0,0.0,0.0,0.0
ENSG00000135929,0.004021586880292869,0.0,0.0,0.0,0.0,0.0,0.0,0.0,0.0,0.0
ENSG00000136002,0.0,0.002088793426212387,0.0,0.0,0.0,0.0,0.0,0.0,0.0,0.0
ENSG00000136048,0.0,0.0,0.0,0.0,0.0,0.0,0.010309007392240695,0.0,0.0,0.0
ENSG00000136059,0.0,0.001931852410698451,0.0,0.0,0.0,0.0,0.0,0.0,0.0,0.0
ENSG00000136160,0.0,0.0,0.0023765939724491145,0.0,0.0,0.0,0.0,0.0,0.0,0.0
ENSG00000136244,0.0,0.006845584116161687,0.0,0.0,0.0,0.0,0.0,0.0,0.0,0.0
ENSG00000136371,0.0004516006408662846,0.0,0.0,0.0,0.0,0.0,0.0,0.0,0.0,0.0
ENSG00000136457,0.0,0.0,0.0,0.0,0.002304869702250519,0.0,0.0,0.0,0.0,0.0
ENSG00000136689,0.0,0.013653164578342421,0.0,0.0,0.0,0.0,0.0,0.0,0.0,0.0
ENSG00000136826,0.003111762533226995,0.0,0.0,0.0,0.0,0.0,0.0,0.0,0.0,0.0
ENSG00000136842,0.00016419041035588657,0.0,0.0,0.0,0.0,0.0,0.0,0.0,0.0,0.0
ENSG00000136872,0.0,0.0,0.0,0.0,0.0,0.0008438818565400844,0.0,0.0,0.0,0.0
ENSG00000136943,0.0,0.0036004943290103004,0.0,0.0,0.0,0.0,0.0,0.0,0.0,0.0
ENSG00000136960,0.0015266935717143974,0.0,0.0,0.0,0.0,0.0,0.0,0.0,0.0,0.0
ENSG00000137077,0.009304328619867163,0.0,0.0,0.0,0.0,0.0,0.0,0.0,0.0,0.0
ENSG00000137094,0.0003353119355954644,0.0,0.0,0.0,0.0,0.0,0.0,0.0,0.0,0.0
ENSG00000137198,0.0006179473980748751,0.0,0.0,0.0,0.0,0.0,0.0,0.0,0.0,0.0
ENSG00000137285,0.0,0.0,0.0,0.03018905817806706,0.0,0.0,0.0,0.0,0.0,0.0
ENSG00000137392,1.1397833364292313e-05,0.0,0.0,0.0,0.0,0.0,0.0,0.0,0.0,0.0
ENSG00000137501,0.0004593018796259416,0.0,0.0,0.0,0.0,0.0,0.0,0.0,0.0,0.0
ENSG00000137563,0.0,0.0,0.0,0.0,0.0,0.0,0.00484407638338879,0.0,0.0,0.0
ENSG00000137699,0.0,0.0,0.0,0.0,0.0,0.0,0.0,0.012055279695477115,0.0,0.0
ENSG00000137726,0.0007909172206167707,0.0,0.0,0.0,0.0,0.0,0.0,0.0,0.0,0.0
ENSG00000137752,0.0014193383034047792,0.0,0.0,0.0,0.0,0.0,0.0,0.0,0.0,0.0
ENSG00000137857,0.0,0.0,0.0,0.0,0.0,0.0,0.0027770183144101416,0.0,0.0,0.0
ENSG00000137880,0.0008083220202135954,0.0,0.0,0.0,0.0,0.0,0.0,0.0,0.0,0.0
ENSG00000137959,0.0006291912066639743,0.0,0.0,0.0,0.0,0.0,0.0,0.0,0.0,0.0
ENSG00000138030,0.0,0.0,0.0,0.0,0.0,0.0,0.0006471375781156597,0.0,0.0,0.0
ENSG00000138061,0.0,0.0,0.0,0.0,0.0,0.0,0.004344700282990475,0.0,0.0,0.0
ENSG00000138100,0.0,0.0,0.0,0.0,0.0007232373426275802,0.0,0.0,0.0,0.0,0.0
ENSG00000138115,5.544891906953017e-06,0.0,0.0,0.0,0.0,0.0,0.0,0.0,0.0,0.0
ENSG00000138131,0.0,0.005054485979466766,0.0,0.0,0.0,0.0,0.0,0.0,0.0,0.0
ENSG00000138207,0.0,0.0,0.002344808250595371,0.0,0.0,0.0,0.0,0.0,0.0,0.0
ENSG00000138356,0.0,0.0,0.0,0.0,0.0,0.0,0.0005391210531899652,0.0,0.0,0.0
ENSG00000138615,0.0005173692198737551,0.0,0.0,0.0,0.0,0.0,0.0,0.0,0.0,0.0
ENSG00000138821,0.0,0.0,0.0,0.0,0.0,0.0,0.007584554983135639,0.0,0.0,0.0
ENSG00000139194,0.0005786710804006246,0.0,0.0,0.0,0.0,0.0,0.0,0.0,0.0,0.0
ENSG00000139211,0.0,0.0,0.0,0.0,0.0221342259491232,0.0,0.0,0.0,0.0,0.0
ENSG00000139344,0.0,0.0,0.0,0.0018485891385118173,0.0,0.0,0.0,0.0,0.0,0.0
ENSG00000139410,0.0,0.0,0.0,0.0,0.0,0.0,0.0018116005901484442,0.0,0.0,0.0
ENSG00000139433,0.006982405133830587,0.0,0.0,0.0,0.0,0.0,0.0,0.0,0.0,0.0
ENSG00000139508,0.0008482144369886185,0.0,0.0,0.0,0.0,0.0,0.0,0.0,0.0,0.0
ENSG00000139540,0.0,0.0,0.0,0.0,0.0005578848686670002,0.0,0.0,0.0,0.0,0.0
ENSG00000139547,0.0,0.0,0.0,0.0,0.0,0.0,0.0,0.0001257189291078452,0.0,0.0
ENSG00000139629,0.0014096347425676115,0.0,0.0,0.0,0.0,0.0,0.0,0.0,0.0,0.0
ENSG00000139914,0.0,0.0,0.0,4.1079758633595936e-05,0.0,0.0,0.0,0.0,0.0,0.0
ENSG00000139970,0.00015679722114661588,0.0,0.0,0.0,0.0,0.0,0.0,0.0,0.0,0.0
ENSG00000140379,0.0,0.0,0.0,0.0,0.0,0.0,0.004152385995288941,0.0,0.0,0.0
ENSG00000140465,0.0,0.0,0.0,0.008037939439306939,0.0,0.0,0.0,0.0,0.0,0.0
ENSG00000140479,0.00011351625931734371,0.0,0.0,0.0,0.0,0.0,0.0,0.0,0.0,0.0
ENSG00000140519,0.0,0.0,0.0,0.0,0.0,0.0,0.0,0.0,0.0473714718865653,0.0
ENSG00000140545,0.002714378613228695,0.0,0.0,0.0,0.0,0.0,0.0,0.0,0.0,0.0
ENSG00000140807,0.0,0.0,0.0,0.0,0.0015054264368411063,0.0,0.0,0.0,0.0,0.0
ENSG00000140961,0.0,0.008853443834822044,0.0,0.0,0.0,0.0,0.0,0.0,0.0,0.0
ENSG00000141424,0.004748891868754873,0.0,0.0,0.0,0.0,0.0,0.0,0.0,0.0,0.0
ENSG00000141505,0.0,0.0,0.00021231232161282384,0.0,0.0,0.0,0.0,0.0,0.0,0.0
ENSG00000141574,0.0020606974673090116,0.0,0.0,0.0,0.0,0.0,0.0,0.0,0.0,0.0
ENSG00000141736,0.004719165087142597,0.0,0.0,0.0,0.0,0.0,0.0,0.0,0.0,0.0
ENSG00000141741,0.0,0.0,0.0,0.0,0.0,0.0,0.009040374141036247,0.0,0.0,0.0
ENSG00000142494,0.0003631904199054226,0.0,0.0,0.0,0.0,0.0,0.0,0.0,0.0,0.0
ENSG00000142583,0.00018251935860387014,0.0,0.0,0.0,0.0,0.0,0.0,0.0,0.0,0.0
ENSG00000142615,6.160991007725575e-07,0.0,0.0,0.0,0.0,0.0,0.0,0.0,0.0,0.0
ENSG00000142627,0.0,0.0,0.0,0.0,0.0,0.0,0.007636159317002218,0.0,0.0,0.0
ENSG00000142748,0.0,0.0,0.006007501430357483,0.0,0.0,0.0,0.0,0.0,0.0,0.0
ENSG00000142789,0.0,0.0,0.0,0.0001095460230229225,0.0,0.0,0.0,0.0,0.0,0.0
ENSG00000142959,3.681192127116031e-05,0.0,0.0,0.0,0.0,0.0,0.0,0.0,0.0,0.0
ENSG00000143110,0.0012925759134208255,0.0,0.0,0.0,0.0,0.0,0.0,0.0,0.0,0.0
ENSG00000143119,0.006086134966981709,0.0,0.0,0.0,0.0,0.0,0.0,0.0,0.0,0.0
ENSG00000143196,0.0025269304618186442,0.0,0.0,0.0,0.0,0.0,0.0,0.0,0.0,0.0
ENSG00000143226,0.0020540744019757065,0.0,0.0,0.0,0.0,0.0,0.0,0.0,0.0,0.0
ENSG00000143248,0.002205018681664983,0.0,0.0,0.0,0.0,0.0,0.0,0.0,0.0,0.0
ENSG00000143318,2.46439640309023e-06,0.0,0.0,0.0,0.0,0.0,0.0,0.0,0.0,0.0
ENSG00000143320,0.0,0.0,0.0,0.0,0.0,0.0,0.04741957496619275,0.0,0.0,0.0
ENSG00000143333,0.002549880153322422,0.0,0.0,0.0,0.0,0.0,0.0,0.0,0.0,0.0
ENSG00000143369,0.0,0.0,0.0,0.0,0.0,0.0,0.007032933501245075,0.0,0.0,0.0
ENSG00000143387,0.007911328553020411,0.0,0.0,0.0,0.0,0.0,0.0,0.0,0.0,0.0
ENSG00000143412,0.0006108622584159907,0.0,0.0,0.0,0.0,0.0,0.0,0.0,0.0,0.0
ENSG00000143536,0.0,0.0,0.0,0.0,0.0,0.0,0.0,0.0,0.004523565345342667,0.0
ENSG00000143546,0.0,0.0,0.0,0.0,0.0,0.0,0.0,0.12709975588880784,0.0,0.0
ENSG00000143556,0.0,0.0,0.0,0.0,0.0,0.0,0.0,0.043011276405137994,0.0,0.0
ENSG00000143578,0.0012845666251107824,0.0,0.0,0.0,0.0,0.0,0.0,0.0,0.0,0.0
ENSG00000143632,0.0,8.022993618201217e-05,0.0,0.0,0.0,0.0,0.0,0.0,0.0,0.0
ENSG00000143882,0.00040431503488199083,0.0,0.0,0.0,0.0,0.0,0.0,0.0,0.0,0.0
ENSG00000144218,0.0,0.0,0.0,0.0,0.0006844154574368353,0.0,0.0,0.0,0.0,0.0
ENSG00000144354,0.001281794179157306,0.0,0.0,0.0,0.0,0.0,0.0,0.0,0.0,0.0
ENSG00000144476,0.0,0.0,0.0,0.0,0.0,0.0,0.01621786388187031,0.0,0.0,0.0
ENSG00000144485,0.0,0.0,0.0,0.049108569237650966,0.0,0.0,0.0,0.0,0.0,0.0
ENSG00000144810,0.002263394071463183,0.0,0.0,0.0,0.0,0.0,0.0,0.0,0.0,0.0
ENSG00000145012,0.0010669296177628763,0.0,0.0,0.0,0.0,0.0,0.0,0.0,0.0,0.0
ENSG00000145248,0.0,0.0,0.0,0.0,0.0,0.0,0.00015160776347137545,0.0,0.0,0.0
ENSG00000145287,0.0,0.004704711608567994,0.0,0.0,0.0,0.0,0.0,0.0,0.0,0.0
ENSG00000145358,0.0,0.0,0.0,0.0,0.0033214279552081717,0.0,0.0,0.0,0.0,0.0
ENSG00000145423,0.014745561853115197,0.0,0.0,0.0,0.0,0.0,0.0,0.0,0.0,0.0
ENSG00000145506,0.0008911873492675043,0.0,0.0,0.0,0.0,0.0,0.0,0.0,0.0,0.0
ENSG00000145824,0.0,0.0,0.0,0.0,0.0,0.0,0.02981191983186603,0.0,0.0,0.0
ENSG00000146122,0.0004639226228817358,0.0,0.0,0.0,0.0,0.0,0.0,0.0,0.0,0.0
ENSG00000146205,2.3257741054164045e-05,0.0,0.0,0.0,0.0,0.0,0.0,0.0,0.0,0.0
ENSG00000146453,0.0,0.0008839368407421691,0.0,0.0,0.0,0.0,0.0,0.0,0.0,0.0
ENSG00000147408,0.0004545271115949543,0.0,0.0,0.0,0.0,0.0,0.0,0.0,0.0,0.0
ENSG00000147872,0.0,0.0,0.0,0.0,0.0,0.0,0.005653399010799409,0.0,0.0,0.0
ENSG00000147883,0.0015075944995904481,0.0,0.0,0.0,0.0,0.0,0.0,0.0,0.0,0.0
ENSG00000147889,0.0,0.006153776859434337,0.0,0.0,0.0,0.0,0.0,0.0,0.0,0.0
ENSG00000148344,0.0,0.0,0.0,0.0,0.0,0.0,0.008001876987447967,0.0,0.0,0.0
ENSG00000148600,0.0,0.0,0.0,0.0,0.0,0.0,0.0,0.0003871476955970067,0.0,0.0
ENSG00000148677,0.0,0.0,0.002423050027466124,0.0,0.0,0.0,0.0,0.0,0.0,0.0
ENSG00000148795,0.0,0.0,0.0,0.0,0.0003939702423060775,0.0,0.0,0.0,0.0,0.0
ENSG00000148803,0.0012405155394055445,0.0,0.0,0.0,0.0,0.0,0.0,0.0,0.0,0.0
ENSG00000148926,0.0,0.01749294117315872,0.0,0.0,0.0,0.0,0.0,0.0,0.0,0.0
ENSG00000149150,0.0005062794360598491,0.0,0.0,0.0,0.0,0.0,0.0,0.0,0.0,0.0
ENSG00000149260,0.0009628088697323142,0.0,0.0,0.0,0.0,0.0,0.0,0.0,0.0,0.0
ENSG00000149596,3.095897981382101e-05,0.0,0.0,0.0,0.0,0.0,0.0,0.0,0.0,0.0
ENSG00000150667,0.0,0.0,0.0,0.0,0.0,0.0,5.769428631046e-06,0.0,0.0,0.0
ENSG00000150782,0.0014894195761176578,0.0,0.0,0.0,0.0,0.0,0.0,0.0,0.0,0.0
ENSG00000151503,0.0007293073105395149,0.0,0.0,0.0,0.0,0.0,0.0,0.0,0.0,0.0
ENSG00000151726,0.0035944761786822934,0.0,0.0,0.0,0.0,0.0,0.0,0.0,0.0,0.0
ENSG00000152137,0.0021691309090449817,0.0,0.0,0.0,0.0,0.0,0.0,0.0,0.0,0.0
ENSG00000152154,0.0,0.0,0.0,0.0,0.0,0.0,0.0003625124323173904,0.0,0.0,0.0
ENSG00000152377,0.0005067415103854285,0.0,0.0,0.0,0.0,0.0,0.0,0.0,0.0,0.0
ENSG00000152463,0.0,0.0,0.0,0.0,6.182744678526033e-05,0.0,0.0,0.0,0.0,0.0
ENSG00000152620,0.0011180658431269987,0.0,0.0,0.0,0.0,0.0,0.0,0.0,0.0,0.0
ENSG00000152766,0.0016894977590935457,0.0,0.0,0.0,0.0,0.0,0.0,0.0,0.0,0.0
ENSG00000152804,0.0006202577697027723,0.0,0.0,0.0,0.0,0.0,0.0,0.0,0.0,0.0
ENSG00000153002,0.0,0.0,0.0,0.0,0.000350834814316361,0.0,0.0,0.0,0.0,0.0
ENSG00000153234,0.0,0.0,0.0,0.0,0.0,0.0,0.002719324028099682,0.0,0.0,0.0
ENSG00000153395,0.014654841260526439,0.0,0.0,0.0,0.0,0.0,0.0,0.0,0.0,0.0
ENSG00000154040,0.0,0.0033851402897848992,0.0,0.0,0.0,0.0,0.0,0.0,0.0,0.0
ENSG00000154065,0.0,0.0,0.0,0.0,0.0,0.0,0.0010497154870375363,0.0,0.0,0.0
ENSG00000154146,0.0,0.0,0.0,0.0,0.031999298330371365,0.0,0.0,0.0,0.0,0.0
ENSG00000154175,0.0,0.0,0.0,0.0,0.0,0.0,0.0011013198209041143,0.0,0.0,0.0
ENSG00000154262,0.0,0.0,0.0,0.0,0.0,0.0,6.538685781852134e-05,0.0,0.0,0.0
ENSG00000154277,0.0,0.03662074323886845,0.0,0.0,0.0,0.0,0.0,0.0,0.0,0.0
ENSG00000154330,0.0,0.0,0.0,0.0,0.0,0.0,0.0003413578606702217,0.0,0.0,0.0
ENSG00000154553,0.0006333498755941891,0.0,0.0,0.0,0.0,0.0,0.0,0.0,0.0,0.0
ENSG00000154556,0.0,0.0,0.0,0.0,0.0,0.0,0.0005083507671577198,0.0,0.0,0.0
ENSG00000154856,0.0,0.0,0.0,0.0,0.0,0.0,0.0016064653499334753,0.0,0.0,0.0
ENSG00000155657,0.0,0.0,0.0,0.0,0.0,0.0,2.3077714524184e-05,0.0,0.0,0.0
ENSG00000155666,9.27229146662699e-05,0.0,0.0,0.0,0.0,0.0,0.0,0.0,0.0,0.0
ENSG00000155850,0.0007622686124308467,0.0,0.0,0.0,0.0,0.0,0.0,0.0,0.0,0.0
ENSG00000156113,8.194118040275015e-05,0.0,0.0,0.0,0.0,0.0,0.0,0.0,0.0,0.0
ENSG00000156427,0.0,0.0,0.0,0.0,0.0010855749377411989,0.0,0.0,0.0,0.0,0.0
ENSG00000156885,6.006966232532435e-06,0.0,0.0,0.0,0.0,0.0,0.0,0.0,0.0,0.0
ENSG00000156968,0.00013923839677459798,0.0,0.0,0.0,0.0,0.0,0.0,0.0,0.0,0.0
ENSG00000157017,0.0,0.0,3.993590694444671e-05,0.0,0.0,0.0,0.0,0.0,0.0,0.0
ENSG00000157150,0.0,0.00029558397540741324,0.0,0.0,0.0,0.0,0.0,0.0,0.0,0.0
ENSG00000157303,0.0006162531255477506,0.0,0.0,0.0,0.0,0.0,0.0,0.0,0.0,0.0
ENSG00000157315,0.0,0.0,0.0,0.0,0.0016865952343979157,0.0,0.0,0.0,0.0,0.0
ENSG00000157404,0.0,0.0,0.0,0.0,0.016234737247729638,0.0,0.0,0.0,0.0,0.0
ENSG00000157601,0.0025577354168572724,0.0,0.0,0.0,0.0,0.0,0.0,0.0,0.0,0.0
ENSG00000157613,0.0,0.0,0.0,0.0,0.0,0.0,0.00640566839952524,0.0,0.0,0.0
ENSG00000157911,0.000795691988647758,0.0,0.0,0.0,0.0,0.0,0.0,0.0,0.0,0.0
ENSG00000158022,0.0,0.0,8.96520359977375e-06,0.0,0.0,0.0,0.0,0.0,0.0,0.0
ENSG00000158104,0.0,0.0,0.0,0.0029029696101074464,0.0,0.0,0.0,0.0,0.0,0.0
ENSG00000158186,0.0005449396546333271,0.0,0.0,0.0,0.0,0.0,0.0,0.0,0.0,0.0
ENSG00000158270,0.0009956161468484528,0.0,0.0,0.0,0.0,0.0,0.0,0.0,0.0,0.0
ENSG00000158467,0.0,0.0,0.0,0.0,0.0,0.0,0.006300857112727904,0.0,0.0,0.0
ENSG00000158516,0.0,0.0,0.0,0.0,0.0,0.0,3.077028603224534e-05,0.0,0.0,0.0
ENSG00000158715,0.0005258405825093778,0.0,0.0,0.0,0.0,0.0,0.0,0.0,0.0,0.0
ENSG00000158825,0.0,0.0,0.0,0.0,0.01936636931978306,0.0,0.0,0.0,0.0,0.0
ENSG00000158869,0.010163478815894494,0.0,0.0,0.0,0.0,0.0,0.0,0.0,0.0,0.0
ENSG00000158874,0.0,0.0,0.0,0.01623106907789635,0.0,0.0,0.0,0.0,0.0,0.0
ENSG00000159173,2.710836043399253e-05,0.0,0.0,0.0,0.0,0.0,0.0,0.0,0.0,0.0
ENSG00000159197,0.0,0.0,0.0,0.000570552203244388,0.0,0.0,0.0,0.0,0.0,0.0
ENSG00000159200,0.0,0.0,0.0,0.0,0.0,0.0,0.002651372979778473,0.0,0.0,0.0
ENSG00000159212,0.0,0.0,0.0,0.0,0.0,0.0,0.008836520996072622,0.0,0.0,0.0
ENSG00000159231,0.0,0.010505899011623488,0.0,0.0,0.0,0.0,0.0,0.0,0.0,0.0
ENSG00000159251,3.2345202790559267e-06,0.0,0.0,0.0,0.0,0.0,0.0,0.0,0.0,0.0
ENSG00000159423,0.0008121726395934239,0.0,0.0,0.0,0.0,0.0,0.0,0.0,0.0,0.0
ENSG00000159640,0.0008264969436863859,0.0,0.0,0.0,0.0,0.0,0.0,0.0,0.0,0.0
ENSG00000159674,0.0012303499042427973,0.0,0.0,0.0,0.0,0.0,0.0,0.0,0.0,0.0
ENSG00000159763,0.0,0.0,0.0,0.01591612426170545,0.0,0.0,0.0,0.0,0.0,0.0
ENSG00000160097,0.0,0.0,0.0,0.0,0.0,0.0,0.00020962257359467135,0.0,0.0,0.0
ENSG00000160111,0.0,0.0,0.0,0.0,0.003643505817531388,0.0,0.0,0.0,0.0,0.0
ENSG00000160188,0.0,0.0,0.0011365433108985906,0.0,0.0,0.0,0.0,0.0,0.0,0.0
ENSG00000160191,0.0004224899583547813,0.0,0.0,0.0,0.0,0.0,0.0,0.0,0.0,0.0
ENSG00000160200,3.5425698294422053e-06,0.0,0.0,0.0,0.0,0.0,0.0,0.0,0.0,0.0
ENSG00000160213,0.02784429080986535,0.0,0.0,0.0,0.0,0.0,0.0,0.0,0.0,0.0
ENSG00000160255,0.004675114001437359,0.0,0.0,0.0,0.0,0.0,0.0,0.0,0.0,0.0
ENSG00000160282,0.0,0.0,0.0,0.0008033375021680983,0.0,0.0,0.0,0.0,0.0,0.0
ENSG00000160307,0.0008847183087093925,0.0,0.0,0.0,0.0,0.0,0.0,0.0,0.0,0.0
ENSG00000160801,0.0,0.0,0.0,0.0,0.0,0.0,0.00021603304985138913,0.0,0.0,0.0
ENSG00000160808,0.0,0.0,0.0,0.0,9.489794157737633e-05,0.0,0.0,0.0,0.0,0.0
ENSG00000160867,0.0,0.0,0.0016186267590136971,0.0,0.0,0.0,0.0,0.0,0.0,0.0
ENSG00000160882,0.0,0.0,0.0,0.0,0.00014666045516503615,0.0,0.0,0.0,0.0,0.0
ENSG00000160883,0.0008500627342909362,0.0,0.0,0.0,0.0,0.0,0.0,0.0,0.0,0.0
ENSG00000160886,0.0,0.0,0.0,0.016477547629697928,0.0,0.0,0.0,0.0,0.0,0.0
ENSG00000161055,0.0,0.0,0.14126512063088953,0.0,0.0,0.0,0.0,0.0,0.0,0.0
ENSG00000161249,0.0,0.0,0.0,0.0,0.0,0.0,0.0029215745539991275,0.0,0.0,0.0
ENSG00000161267,0.0005966919790982219,0.0,0.0,0.0,0.0,0.0,0.0,0.0,0.0,0.0
ENSG00000161281,0.0,0.0,0.0,0.0,0.0,0.0,0.001953272115421907,0.0,0.0,0.0
ENSG00000161634,1.5402477519313938e-07,0.0,0.0,0.0,0.0,0.0,0.0,0.0,0.0,0.0
ENSG00000161653,0.00033115326666524966,0.0,0.0,0.0,0.0,0.0,0.0,0.0,0.0,0.0
ENSG00000162078,0.0,0.0,0.0,0.010644221903727304,0.0,0.0,0.0,0.0,0.0,0.0
ENSG00000162174,0.0,0.0,0.0,0.0,0.00548682644029194,0.0,0.0,0.0,0.0,0.0
ENSG00000162267,0.0,0.0,0.0,0.0,5.607605638663147e-05,0.0,0.0,0.0,0.0,0.0
ENSG00000162444,0.0,0.0037032449490328775,0.0,0.0,0.0,0.0,0.0,0.0,0.0,0.0
ENSG00000162482,0.0,0.0,0.0,0.0,0.005066974941192033,0.0,0.0,0.0,0.0,0.0
ENSG00000162493,0.0,0.013240754555512078,0.0,0.0,0.0,0.0,0.0,0.0,0.0,0.0
ENSG00000162511,0.01703498611158602,0.0,0.0,0.0,0.0,0.0,0.0,0.0,0.0,0.0
ENSG00000162551,0.0,0.0,0.016545690752636993,0.0,0.0,0.0,0.0,0.0,0.0,0.0
ENSG00000162614,0.0004214117849284293,0.0,0.0,0.0,0.0,0.0,0.0,0.0,0.0,0.0
ENSG00000162654,0.0018994335276817946,0.0,0.0,0.0,0.0,0.0,0.0,0.0,0.0,0.0
ENSG00000162706,0.0,0.0,0.0,0.0,0.0,0.0,0.00022661033567497347,0.0,0.0,0.0
ENSG00000162746,3.4963623968842636e-05,0.0,0.0,0.0,0.0,0.0,0.0,0.0,0.0,0.0
ENSG00000162772,0.0,0.0,0.0,0.0,0.0,0.0,0.006629394020884691,0.0,0.0,0.0
ENSG00000162878,0.0,0.0,0.0,0.0,0.0,0.0,0.0014747300628579249,0.0,0.0,0.0
ENSG00000162882,0.0002647685885570066,0.0,0.0,0.0,0.0,0.0,0.0,0.0,0.0,0.0
ENSG00000162896,0.0,0.0,0.06422305100548834,0.0,0.0,0.0,0.0,0.0,0.0,0.0
ENSG00000163032,0.0,0.0,0.0,0.0,0.0,0.0,0.0,0.0023524426105577256,0.0,0.0
ENSG00000163040,0.00020562307488284105,0.0,0.0,0.0,0.0,0.0,0.0,0.0,0.0,0.0
ENSG00000163072,0.0,0.0,0.0,0.0,0.0,0.0,0.000623098292152968,0.0,0.0,0.0
ENSG00000163126,0.0,0.0,0.0,7.303068201528168e-05,0.0,0.0,0.0,0.0,0.0,0.0
ENSG00000163132,0.0,0.0005904641794448088,0.0,0.0,0.0,0.0,0.0,0.0,0.0,0.0
ENSG00000163141,0.0,0.0,0.0,0.0,0.0,0.0,0.0017071098271639444,0.0,0.0,0.0
ENSG00000163157,0.0,0.0,0.0,0.0,0.0,0.0,0.0,0.0,0.0,0.0
ENSG00000163221,0.0,0.0,0.0,0.0,0.0,0.0,0.0,0.002807028937000663,0.0,0.0
ENSG00000163347,0.0,0.0,0.0,0.0,0.0,0.0,0.03618777951679753,0.0,0.0,0.0
ENSG00000163431,0.0007779791395005469,0.0,0.0,0.0,0.0,0.0,0.0,0.0,0.0,0.0
ENSG00000163472,0.0,0.005103046203997984,0.0,0.0,0.0,0.0,0.0,0.0,0.0,0.0
ENSG00000163536,0.0,0.0,0.0,0.0,0.0,0.0,0.001642043493158259,0.0,0.0,0.0
ENSG00000163545,0.0012348166227233984,0.0,0.0,0.0,0.0,0.0,0.0,0.0,0.0,0.0
ENSG00000163631,0.0,0.0,0.0,0.0,0.0,0.021511769067727098,0.0,0.0,0.0,0.0
ENSG00000163661,0.0003175990864482534,0.0,0.0,0.0,0.0,0.0,0.0,0.0,0.0,0.0
ENSG00000163710,0.0,0.0,0.0,0.01526341254119387,0.0,0.0,0.0,0.0,0.0,0.0
ENSG00000163734,0.0,0.0,0.0,0.0,0.0,0.0,0.0011243975354282983,0.0,0.0,0.0
ENSG00000163739,0.0,0.031742903873276114,0.0,0.0,0.0,0.0,0.0,0.0,0.0,0.0
ENSG00000163884,0.0003853699875332347,0.0,0.0,0.0,0.0,0.0,0.0,0.0,0.0,0.0
ENSG00000163959,0.0,0.0005447190403936615,0.0,0.0,0.0,0.0,0.0,0.0,0.0,0.0
ENSG00000163993,0.0,0.0,0.0,0.0,0.17558994887013935,0.0,0.0,0.0,0.0,0.0
ENSG00000164237,0.0,0.0,0.0,0.0,0.0,0.0,0.005315246388257546,0.0,0.0,0.0
ENSG00000164266,0.0,0.0,0.0,0.0,0.0,0.10542879828861285,0.0,0.0,0.0,0.0
ENSG00000164284,0.0007765929165238087,0.0,0.0,0.0,0.0,0.0,0.0,0.0,0.0,0.0
ENSG00000164309,1.2784056341030567e-05,0.0,0.0,0.0,0.0,0.0,0.0,0.0,0.0,0.0
ENSG00000164406,0.0,0.0,3.504579589002466e-05,0.0,0.0,0.0,0.0,0.0,0.0,0.0
ENSG00000164530,0.0,0.0,0.0,0.0,0.0010826992425418845,0.0,0.0,0.0,0.0,0.0
ENSG00000164647,0.0026572354216320405,0.0,0.0,0.0,0.0,0.0,0.0,0.0,0.0,0.0
ENSG00000164761,0.0,0.0,0.0,0.0,0.0,0.0,0.000707075531115971,0.0,0.0,0.0
ENSG00000164776,1.3092105891416847e-05,0.0,0.0,0.0,0.0,0.0,0.0,0.0,0.0,0.0
ENSG00000164816,0.0,0.0,0.0,0.15723049396127547,0.0,0.0,0.0,0.0,0.0,0.0
ENSG00000164879,0.0,0.0,0.0,0.0,0.0017239792719890034,0.0,0.0,0.0,0.0,0.0
ENSG00000164932,0.006988566124838312,0.0,0.0,0.0,0.0,0.0,0.0,0.0,0.0,0.0
ENSG00000164949,0.0,0.0,0.0,0.0,0.0,0.0,0.005659168439430455,0.0,0.0,0.0
ENSG00000165272,0.0,0.0,0.0,0.0,0.0,0.0,0.0525053263044598,0.0,0.0,0.0
ENSG00000165474,0.0,0.0,0.0,0.0,0.0,0.0,0.0,0.026995017867074297,0.0,0.0
ENSG00000165887,0.0,0.00015482970140388313,0.0,0.0,0.0,0.0,0.0,0.0,0.0,0.0
ENSG00000166123,0.0,0.0,0.0,0.0,0.01440004371056703,0.0,0.0,0.0,0.0,0.0
ENSG00000166250,0.000649830526539855,0.0,0.0,0.0,0.0,0.0,0.0,0.0,0.0,0.0
ENSG00000166278,0.0,0.0,0.005819232154762235,0.0,0.0,0.0,0.0,0.0,0.0,0.0
ENSG00000166292,0.0,0.0,0.002974002539597674,0.0,0.0,0.0,0.0,0.0,0.0,0.0
ENSG00000166592,0.0,0.0,0.006959850558206177,0.0,0.0,0.0,0.0,0.0,0.0,0.0
ENSG00000166741,0.008311484918972186,0.0,0.0,0.0,0.0,0.0,0.0,0.0,0.0,0.0
ENSG00000166816,0.000660920310353761,0.0,0.0,0.0,0.0,0.0,0.0,0.0,0.0,0.0
ENSG00000166819,0.0,0.0,0.0,0.0001141104406488776,0.0,0.0,0.0,0.0,0.0,0.0
ENSG00000166823,0.00016018576620086493,0.0,0.0,0.0,0.0,0.0,0.0,0.0,0.0,0.0
ENSG00000166825,0.0,0.0,0.0,0.0,0.016473419949272736,0.0,0.0,0.0,0.0,0.0
ENSG00000166831,0.0,0.0,0.0,0.0,0.0,0.0,0.0005490572913878777,0.0,0.0,0.0
ENSG00000166920,0.0,0.0,0.0,0.0,0.0,0.0,0.012268048936293649,0.0,0.0,0.0
ENSG00000166922,0.0,0.0,0.0,0.0,0.0,0.0,0.0013955606810874604,0.0,0.0,0.0
ENSG00000166923,0.0007151370312217461,0.0,0.0,0.0,0.0,0.0,0.0,0.0,0.0,0.0
ENSG00000167034,0.0,0.0,0.0,0.0,0.0,0.0,0.0004602721952323365,0.0,0.0,0.0
ENSG00000167315,0.001482026386908387,0.0,0.0,0.0,0.0,0.0,0.0,0.0,0.0,0.0
ENSG00000167394,0.00014000852065056368,0.0,0.0,0.0,0.0,0.0,0.0,0.0,0.0,0.0
ENSG00000167549,0.0,0.00035681208459894886,0.0,0.0,0.0,0.0,0.0,0.0,0.0,0.0
ENSG00000167588,0.0,0.0,0.000953571655612299,0.0,0.0,0.0,0.0,0.0,0.0,0.0
ENSG00000167600,0.0,0.022117422845544705,0.0,0.0,0.0,0.0,0.0,0.0,0.0,0.0
ENSG00000167617,0.0,0.0,0.0,0.0,0.0,0.0,0.0028074680766295513,0.0,0.0,0.0
ENSG00000167641,0.0,0.0,0.0,0.0,0.0,0.0,0.0018821158289723397,0.0,0.0,0.0
ENSG00000167653,0.0,0.0,0.0,0.09190454889860603,0.0,0.0,0.0,0.0,0.0,0.0
ENSG00000167656,0.0,0.0,0.0,0.0,0.0,0.0,0.0,0.021144508497267487,0.0,0.0
ENSG00000167676,2.988080638746904e-05,0.0,0.0,0.0,0.0,0.0,0.0,0.0,0.0,0.0
ENSG00000167701,0.00010935759038712895,0.0,0.0,0.0,0.0,0.0,0.0,0.0,0.0,0.0
ENSG00000167711,0.0,0.0,0.0,0.0,0.011671008966417632,0.0,0.0,0.0,0.0,0.0
ENSG00000167768,0.0,0.0,0.0,0.0,0.0,0.0,0.0,0.0,0.0067552503678601685,0.0
ENSG00000167772,0.0,0.0,0.0,0.0,0.0,0.0,0.006485799352734212,0.0,0.0,0.0
ENSG00000167799,0.0011827562487081171,0.0,0.0,0.0,0.0,0.0,0.0,0.0,0.0,0.0
ENSG00000167964,0.0,0.0,0.0,0.0,0.0,0.0,0.00031892119377170946,0.0,0.0,0.0
ENSG00000167972,0.0,0.0,0.0,0.0,0.0,0.0,0.011987270076249409,0.0,0.0,0.0
ENSG00000168234,0.0006618444590049199,0.0,0.0,0.0,0.0,0.0,0.0,0.0,0.0,0.0
ENSG00000168237,0.00018744815141005062,0.0,0.0,0.0,0.0,0.0,0.0,0.0,0.0,0.0
ENSG00000168309,0.0,0.0,0.002755577579166823,0.0,0.0,0.0,0.0,0.0,0.0,0.0
ENSG00000168350,0.00029803793999872466,0.0,0.0,0.0,0.0,0.0,0.0,0.0,0.0,0.0
ENSG00000168386,0.0014022415533583407,0.0,0.0,0.0,0.0,0.0,0.0,0.0,0.0,0.0
ENSG00000168389,0.0,0.0,0.0,0.0,0.0,0.0,0.0041366803284599825,0.0,0.0,0.0
ENSG00000168477,0.0,0.0,0.0,0.0,0.0027980514289329445,0.0,0.0,0.0,0.0,0.0
ENSG00000168484,0.0,0.0,0.41791948595152595,0.0,0.0,0.0,0.0,0.0,0.0,0.0
ENSG00000168530,1.6942725271245331e-06,0.0,0.0,0.0,0.0,0.0,0.0,0.0,0.0,0.0
ENSG00000168743,0.0,0.0,0.0,0.0,0.0,0.0,0.005558523962199986,0.0,0.0,0.0
ENSG00000168878,0.0,0.0,0.0,0.0,0.0,0.0,0.0,0.0,0.0,0.3541744760363331
ENSG00000168925,0.0,0.0,0.0,0.0,0.0,0.0,5.128381005374223e-06,0.0,0.0,0.0
ENSG00000168928,0.0,0.0,0.0,1.825767050382042e-05,0.0,0.0,0.0,0.0,0.0,0.0
ENSG00000168994,0.002661548115337448,0.0,0.0,0.0,0.0,0.0,0.0,0.0,0.0,0.0
ENSG00000169031,0.0003294589941381251,0.0,0.0,0.0,0.0,0.0,0.0,0.0,0.0,0.0
ENSG00000169129,0.0,0.0,0.0,0.0,0.0,0.0,0.001541078492114954,0.0,0.0,0.0
ENSG00000169136,0.0,0.0,0.0,0.0,0.0,0.0,0.008748697471355588,0.0,0.0,0.0
ENSG00000169245,0.006891068442141055,0.0,0.0,0.0,0.0,0.0,0.0,0.0,0.0,0.0
ENSG00000169252,0.0003866021857347798,0.0,0.0,0.0,0.0,0.0,0.0,0.0,0.0,0.0
ENSG00000169282,0.0,0.0,6.805404550737347e-05,0.0,0.0,0.0,0.0,0.0,0.0,0.0
ENSG00000169347,0.0,0.0,0.0,0.0060295956838866925,0.0,0.0,0.0,0.0,0.0,0.0
ENSG00000169418,0.0,0.0,0.0,0.0,0.0,0.0,0.001082408915946797,0.0,0.0,0.0
ENSG00000169442,0.009256888989107676,0.0,0.0,0.0,0.0,0.0,0.0,0.0,0.0,0.0
ENSG00000169469,0.0,0.0,0.0,0.0,0.0,0.0,0.0,0.0633744126178511,0.0,0.0
ENSG00000169474,0.0,0.0,0.0,0.0,0.0,0.0,0.0,0.058150000166515135,0.0,0.0
ENSG00000169509,0.0,0.0,0.0,0.0,0.0,0.0,0.0,0.0,0.005698488429125607,0.0
ENSG00000169583,0.0,0.0,0.0070299421499862265,0.0,0.0,0.0,0.0,0.0,0.0,0.0
ENSG00000169605,0.0,0.0,0.0,0.000524908026984837,0.0,0.0,0.0,0.0,0.0,0.0
ENSG00000169715,0.006140351687849694,0.0,0.0,0.0,0.0,0.0,0.0,0.0,0.0,0.0
ENSG00000169885,0.0,0.0,0.0,0.0,0.0,0.0,0.0,2.78912855967736e-05,0.0,0.0
ENSG00000169991,0.0010331981919955789,0.0,0.0,0.0,0.0,0.0,0.0,0.0,0.0,0.0
ENSG00000170290,2.710836043399253e-05,0.0,0.0,0.0,0.0,0.0,0.0,0.0,0.0,0.0
ENSG00000170323,0.0,0.012268846293517703,0.0,0.0,0.0,0.0,0.0,0.0,0.0,0.0
ENSG00000170458,0.00915400043927866,0.0,0.0,0.0,0.0,0.0,0.0,0.0,0.0,0.0
ENSG00000170509,0.0,0.0010359514566659817,0.0,0.0,0.0,0.0,0.0,0.0,0.0,0.0
ENSG00000170545,0.0010502949420420173,0.0,0.0,0.0,0.0,0.0,0.0,0.0,0.0,0.0
ENSG00000170835,0.0,0.0,0.0,0.0,0.0,0.0,0.0,0.0,0.01238908458554421,0.0
ENSG00000170890,0.0,0.0,0.0,0.0,0.009679590040892385,0.0,0.0,0.0,0.0,0.0
ENSG00000170909,0.0010712423114682844,0.0,0.0,0.0,0.0,0.0,0.0,0.0,0.0,0.0
ENSG00000170989,0.0018416742369843674,0.0,0.0,0.0,0.0,0.0,0.0,0.0,0.0,0.0
ENSG00000171033,0.00044235915435469626,0.0,0.0,0.0,0.0,0.0,0.0,0.0,0.0,0.0
ENSG00000171051,0.0011300797755920636,0.0,0.0,0.0,0.0,0.0,0.0,0.0,0.0,0.0
ENSG00000171195,0.0,0.0,0.0,0.0006025031266260738,0.0,0.0,0.0,0.0,0.0,0.0
ENSG00000171236,0.0,0.0,0.0058828035984697215,0.0,0.0,0.0,0.0,0.0,0.0,0.0
ENSG00000171346,0.0,0.0,0.0,0.0,0.0,0.0,0.0,0.03160124286898922,0.0,0.0
ENSG00000171401,0.0,0.0,0.0,0.0,0.0,0.0,0.0,0.0,0.30234538725643195,0.0
ENSG00000171428,0.0003020425841537463,0.0,0.0,0.0,0.0,0.0,0.0,0.0,0.0,0.0
ENSG00000171476,0.0,0.0,0.0,0.0,0.0,0.0,0.011051020018955778,0.0,0.0,0.0
ENSG00000171557,0.0,0.0,0.0,0.0,0.0,0.11327440596885643,0.0,0.0,0.0,0.0
ENSG00000171560,0.0,0.0,0.0,0.0,0.0,0.07471701084709727,0.0,0.0,0.0,0.0
ENSG00000171564,0.0,0.0,0.0,0.0,0.0,0.07076795873772074,0.0,0.0,0.0,0.0
ENSG00000171747,0.0,0.0,0.0,0.0,0.0,0.01568071605278527,0.0,0.0,0.0,0.0
ENSG00000171766,0.0005381625645248289,0.0,0.0,0.0,0.0,0.0,0.0,0.0,0.0,0.0
ENSG00000171840,0.0011430178567082873,0.0,0.0,0.0,0.0,0.0,0.0,0.0,0.0,0.0
ENSG00000172005,0.0,0.0,0.0,0.0,0.0,0.0,0.0015112697775212162,0.0,0.0,0.0
ENSG00000172016,0.0,0.0,0.0,0.00025104296942753075,0.0,0.0,0.0,0.0,0.0,0.0
ENSG00000172023,0.0,0.0,0.0,0.0,0.0,5.249653850949203e-06,0.0,0.0,0.0,0.0
ENSG00000172179,0.0,0.0,0.0,0.000219092046045845,0.0,0.0,0.0,0.0,0.0,0.0
ENSG00000172201,0.0,0.0,0.0,0.0,0.0,0.0,0.003310690462781897,0.0,0.0,0.0
ENSG00000172236,0.002038979974006779,0.0,0.0,0.0,0.0,0.0,0.0,0.0,0.0,0.0
ENSG00000172346,0.00013353948009245183,0.0,0.0,0.0,0.0,0.0,0.0,0.0,0.0,0.0
ENSG00000172348,0.0,0.0,0.0,0.0,0.0,0.0,0.001676019017318863,0.0,0.0,0.0
ENSG00000172382,0.0,0.00028995380444727205,0.0,0.0,0.0,0.0,0.0,0.0,0.0,0.0
ENSG00000172399,0.0,0.0,0.0,0.0,0.0,0.0,0.0,0.0,0.0,0.0
ENSG00000172403,0.0,0.0,0.0,0.0,0.0,0.0,0.0005461725770723547,0.0,0.0,0.0
ENSG00000172456,0.00025922369665005356,0.0,0.0,0.0,0.0,0.0,0.0,0.0,0.0,0.0
ENSG00000172551,0.0,0.0,0.0,0.015687903380407694,0.0,0.0,0.0,0.0,0.0,0.0
ENSG00000172602,0.0,0.0,0.0,0.0,0.016446100844879248,0.0,0.0,0.0,0.0,0.0
ENSG00000172724,0.005865725513680326,0.0,0.0,0.0,0.0,0.0,0.0,0.0,0.0,0.0
ENSG00000172828,0.00018190325950309758,0.0,0.0,0.0,0.0,0.0,0.0,0.0,0.0,0.0
ENSG00000172867,0.0,0.0,0.0,0.0,0.0,0.0,0.0,0.0,0.000198421545458599,0.0
ENSG00000173110,0.0011507190954679442,0.0,0.0,0.0,0.0,0.0,0.0,0.0,0.0,0.0
ENSG00000173156,0.0,0.0,0.0,0.0,0.0,0.0,0.007870782747998089,0.0,0.0,0.0
ENSG00000173175,0.0,0.0,0.0,0.0,0.0,0.0,0.00026731685990513134,0.0,0.0,0.0
ENSG00000173267,0.0,0.0,0.0,0.0,0.0,0.0,0.006645740735339321,0.0,0.0,0.0
ENSG00000173338,0.0,0.00029839906088748383,0.0,0.0,0.0,0.0,0.0,0.0,0.0,0.0
ENSG00000173391,0.0,0.0,0.0,0.0,0.0,0.0,0.005179023767802294,0.0,0.0,0.0
ENSG00000173432,0.0,0.023809992990437154,0.0,0.0,0.0,0.0,0.0,0.0,0.0,0.0
ENSG00000173531,0.00011551858139485453,0.0,0.0,0.0,0.0,0.0,0.0,0.0,0.0,0.0
ENSG00000173599,0.0011701262171422797,0.0,0.0,0.0,0.0,0.0,0.0,0.0,0.0,0.0
ENSG00000173641,0.00013523375261957637,0.0,0.0,0.0,0.0,0.0,0.0,0.0,0.0,0.0
ENSG00000173898,0.0011028173903828778,0.0,0.0,0.0,0.0,0.0,0.0,0.0,0.0,0.0
ENSG00000173991,0.0,0.0,0.0,0.0,0.0,0.0,6.057900062598301e-05,0.0,0.0,0.0
ENSG00000174236,0.0,0.0,0.0,0.0,0.0,4.4622057733068225e-05,0.0,0.0,0.0,0.0
ENSG00000174564,0.0,0.0072368809978915006,0.0,0.0,0.0,0.0,0.0,0.0,0.0,0.0
ENSG00000174807,0.0025920829417253426,0.0,0.0,0.0,0.0,0.0,0.0,0.0,0.0,0.0
ENSG00000174827,0.0,0.0,0.0,0.00028299389280921647,0.0,0.0,0.0,0.0,0.0,0.0
ENSG00000175003,0.0,6.826582289171211e-05,0.0,0.0,0.0,0.0,0.0,0.0,0.0,0.0
ENSG00000175063,0.006718714718699933,0.0,0.0,0.0,0.0,0.0,0.0,0.0,0.0,0.0
ENSG00000175287,0.0,0.0,0.0,0.0,0.0,0.0,0.0017580731134048508,0.0,0.0,0.0
ENSG00000175315,0.0,0.0,0.0,0.0,0.022401665602659444,0.0,0.0,0.0,0.0,0.0
ENSG00000175445,0.0,0.0,0.0,0.0,0.019937194816846974,0.0,0.0,0.0,0.0,0.0
ENSG00000175535,0.0,0.0,0.0,0.00014149694640460823,0.0,0.0,0.0,0.0,0.0,0.0
ENSG00000175592,0.0,0.00892382097182381,0.0,0.0,0.0,0.0,0.0,0.0,0.0,0.0
ENSG00000176153,0.0,0.10331363711859111,0.0,0.0,0.0,0.0,0.0,0.0,0.0,0.0
ENSG00000176387,0.0005789791299510109,0.0,0.0,0.0,0.0,0.0,0.0,0.0,0.0,0.0
ENSG00000176890,0.00217051713202172,0.0,0.0,0.0,0.0,0.0,0.0,0.0,0.0,0.0
ENSG00000176894,0.0010579961808016743,0.0,0.0,0.0,0.0,0.0,0.0,0.0,0.0,0.0
ENSG00000176919,0.0,0.0,0.0,0.0,0.0008123838938063276,0.0,0.0,0.0,0.0,0.0
ENSG00000176920,0.0008948839438721397,0.0,0.0,0.0,0.0,0.0,0.0,0.0,0.0,0.0
ENSG00000176974,0.0008269590180119652,0.0,0.0,0.0,0.0,0.0,0.0,0.0,0.0,0.0
ENSG00000177575,0.0030561595893822714,0.0,0.0,0.0,0.0,0.0,0.0,0.0,0.0,0.0
ENSG00000177791,0.0,0.0,0.0,0.0,0.001496799351243163,0.0,0.0,0.0,0.0,0.0
ENSG00000178104,0.0003376223072233615,0.0,0.0,0.0,0.0,0.0,0.0,0.0,0.0,0.0
ENSG00000178222,0.0,0.0,0.0,0.0,0.0,0.0,0.0005317490054947397,0.0,0.0,0.0
ENSG00000178363,0.0,0.0,0.0,0.0,0.0,0.0,0.0,0.0,0.13432246845320372,0.0
ENSG00000178372,0.0,0.0,0.0,0.0,0.0,0.0,0.0,0.0,0.05555803272840772,0.0
ENSG00000178531,0.0008523731059188333,0.0,0.0,0.0,0.0,0.0,0.0,0.0,0.0,0.0
ENSG00000178726,0.0,0.0,0.0,0.0,0.0,0.0,0.007996748606442592,0.0,0.0,0.0
ENSG00000178826,0.0,0.0,0.0009262685355584425,0.0,0.0,0.0,0.0,0.0,0.0,0.0
ENSG00000178860,0.0,0.005383850980635027,0.0,0.0,0.0,0.0,0.0,0.0,0.0,0.0
ENSG00000178934,0.0,0.0,0.0,0.0,0.0,0.0,0.0,0.0,0.04040442323984483,0.0
ENSG00000179344,0.010104795376545909,0.0,0.0,0.0,0.0,0.0,0.0,0.0,0.0,0.0
ENSG00000179388,0.0,0.0,0.0,0.0,0.0,0.0,0.0008407339610685367,0.0,0.0,0.0
ENSG00000179456,0.0017306223740701139,0.0,0.0,0.0,0.0,0.0,0.0,0.0,0.0,0.0
ENSG00000179593,0.0,0.0,0.0,0.0,0.026358622196916103,0.0,0.0,0.0,0.0,0.0
ENSG00000179751,4.620743255794181e-07,0.0,0.0,0.0,0.0,0.0,0.0,0.0,0.0,0.0
ENSG00000179761,0.00011567260617004767,0.0,0.0,0.0,0.0,0.0,0.0,0.0,0.0,0.0
ENSG00000179862,0.0,0.007719668157723609,0.0,0.0,0.0,0.0,0.0,0.0,0.0,0.0
ENSG00000180209,6.160991007725574e-06,0.0,0.0,0.0,0.0,0.0,0.0,0.0,0.0,0.0
ENSG00000180914,0.0,0.0,0.0,0.0,0.0,0.0,0.00012853004894719145,0.0,0.0,0.0
ENSG00000181458,0.0,0.0,0.0,0.042768593155199326,0.0,0.0,0.0,0.0,0.0,0.0
ENSG00000181649,0.0,0.0,0.0,0.0,0.0,0.0,0.008478175373322098,0.0,0.0,0.0
ENSG00000181652,0.00012306579537931834,0.0,0.0,0.0,0.0,0.0,0.0,0.0,0.0,0.0
ENSG00000181856,7.855263534850108e-06,0.0,0.0,0.0,0.0,0.0,0.0,0.0,0.0,0.0
ENSG00000181885,0.008933899035527663,0.0,0.0,0.0,0.0,0.0,0.0,0.0,0.0,0.0
ENSG00000182175,0.0,0.0016686419183118495,0.0,0.0,0.0,0.0,0.0,0.0,0.0,0.0
ENSG00000182253,0.00031405651661881116,0.0,0.0,0.0,0.0,0.0,0.0,0.0,0.0,0.0
ENSG00000182272,0.0008545294527715372,0.0,0.0,0.0,0.0,0.0,0.0,0.0,0.0,0.0
ENSG00000182327,0.0,0.0,0.0,0.0,0.0016175785496143694,0.0,0.0,0.0,0.0,0.0
ENSG00000182333,0.0,0.0,0.0,0.0,0.0,0.00011680479818361977,0.0,0.0,0.0,0.0
ENSG00000182636,0.001701819741108997,0.0,0.0,0.0,0.0,0.0,0.0,0.0,0.0,0.0
ENSG00000182676,0.0,8.445256440211806e-06,0.0,0.0,0.0,0.0,0.0,0.0,0.0,0.0
ENSG00000182853,0.0,0.0,0.0,0.0,0.0,0.0,0.0021302012601073176,0.0,0.0,0.0
ENSG00000182902,1.1397833364292313e-05,0.0,0.0,0.0,0.0,0.0,0.0,0.0,0.0,0.0
ENSG00000183018,0.0011037415390340367,0.0,0.0,0.0,0.0,0.0,0.0,0.0,0.0,0.0
ENSG00000183036,0.0,0.0,0.0,0.0,0.013734320271925738,0.0,0.0,0.0,0.0,0.0
ENSG00000183044,0.00022841874161142568,0.0,0.0,0.0,0.0,0.0,0.0,0.0,0.0,0.0
ENSG00000183091,0.0,0.0,0.0,0.0,0.00012077919837120624,0.0,0.0,0.0,0.0,0.0
ENSG00000183281,0.0,0.0,0.0,0.0,0.0,0.0,0.0,0.0,0.0,0.0
ENSG00000183486,0.0006261107111601115,0.0,0.0,0.0,0.0,0.0,0.0,0.0,0.0,0.0
ENSG00000183569,6.854102496094701e-05,0.0,0.0,0.0,0.0,0.0,0.0,0.0,0.0,0.0
ENSG00000183578,0.00028340558635537644,0.0,0.0,0.0,0.0,0.0,0.0,0.0,0.0,0.0
ENSG00000183628,0.0001412407188521088,0.0,0.0,0.0,0.0,0.0,0.0,0.0,0.0,0.0
ENSG00000183682,6.592260378266365e-05,0.0,0.0,0.0,0.0,0.0,0.0,0.0,0.0,0.0
ENSG00000183696,0.002445605380516667,0.0,0.0,0.0,0.0,0.0,0.0,0.0,0.0,0.0
ENSG00000183773,5.375464654240564e-05,0.0,0.0,0.0,0.0,0.0,0.0,0.0,0.0,0.0
ENSG00000184113,0.0,0.0,0.0,0.0,0.0,0.0,0.003428002178279832,0.0,0.0,0.0
ENSG00000184232,0.001307362291839367,0.0,0.0,0.0,0.0,0.0,0.0,0.0,0.0,0.0
ENSG00000184254,0.0006735503419195984,0.0,0.0,0.0,0.0,0.0,0.0,0.0,0.0,0.0
ENSG00000184292,0.031806424126933665,0.0,0.0,0.0,0.0,0.0,0.0,0.0,0.0,0.0
ENSG00000184363,0.004828830727080112,0.0,0.0,0.0,0.0,0.0,0.0,0.0,0.0,0.0
ENSG00000184500,0.001968436626968321,0.0,0.0,0.0,0.0,0.0,0.0,0.0,0.0,0.0
ENSG00000184730,0.0007969241868493031,0.0,0.0,0.0,0.0,0.0,0.0,0.0,0.0,0.0
ENSG00000185133,0.0001732778720922818,0.0,0.0,0.0,0.0,0.0,0.0,0.0,0.0,0.0
ENSG00000185303,0.0,0.0,0.0,0.0,0.0,0.0,0.0,0.0,0.0,0.3444257314158756
ENSG00000185482,0.00032144970582808187,0.0,0.0,0.0,0.0,0.0,0.0,0.0,0.0,0.0
ENSG00000185559,0.0,0.0,0.0,0.016724026181499502,0.0,0.0,0.0,0.0,0.0,0.0
ENSG00000185567,0.0,0.006168556058204707,0.0,0.0,0.0,0.0,0.0,0.0,0.0,0.0
ENSG00000185615,0.0,0.0,0.0,0.0,0.0023882648630306376,0.0,0.0,0.0,0.0,0.0
ENSG00000185633,0.0,0.0,0.0,0.0,0.0,0.0,0.01578579778216753,0.0,0.0,0.0
ENSG00000186340,0.006026681403757157,0.0,0.0,0.0,0.0,0.0,0.0,0.0,0.0,0.0
ENSG00000186352,0.0003899907307890289,0.0,0.0,0.0,0.0,0.0,0.0,0.0,0.0,0.0
ENSG00000186395,0.0,0.021321457426054742,0.0,0.0,0.0,0.0,0.0,0.0,0.0,0.0
ENSG00000186480,0.00319493591183129,0.0,0.0,0.0,0.0,0.0,0.0,0.0,0.0,0.0
ENSG00000186628,1.5402477519313938e-07,0.0,0.0,0.0,0.0,0.0,0.0,0.0,0.0,0.0
ENSG00000186806,0.0,0.001963522122349245,0.0,0.0,0.0,0.0,0.0,0.0,0.0,0.0
ENSG00000186832,0.0,0.0,0.0,0.0,0.0,0.0,0.0,0.06537592457530314,0.0,0.0
ENSG00000186847,0.0,0.0,0.0,0.0,0.0,0.0,0.0,0.09661999247351577,0.0,0.0
ENSG00000186907,0.0,0.0,0.0,0.0,0.005594665010266232,0.0,0.0,0.0,0.0,0.0
ENSG00000186998,0.00042741875116096177,0.0,0.0,0.0,0.0,0.0,0.0,0.0,0.0,0.0
ENSG00000187097,0.00037674460012241886,0.0,0.0,0.0,0.0,0.0,0.0,0.0,0.0,0.0
ENSG00000187134,0.0,0.03855611450641699,0.0,0.0,0.0,0.0,0.0,0.0,0.0,0.0
ENSG00000187260,0.0,0.0,0.0,0.0,0.0,0.0,0.00041283467093262494,0.0,0.0,0.0
ENSG00000187288,0.0,0.0,0.0,0.0,0.0,0.0002506709713828244,0.0,0.0,0.0,0.0
ENSG00000187608,0.015292965904151615,0.0,0.0,0.0,0.0,0.0,0.0,0.0,0.0,0.0
ENSG00000187688,0.0014293499137923334,0.0,0.0,0.0,0.0,0.0,0.0,0.0,0.0,0.0
ENSG00000187699,3.727399559673973e-05,0.0,0.0,0.0,0.0,0.0,0.0,0.0,0.0,0.0
ENSG00000188015,0.0,0.0,0.0,0.0,0.0,0.0,0.0011551678214605436,0.0,0.0,0.0
ENSG00000188505,0.0,0.004953846673554242,0.0,0.0,0.0,0.0,0.0,0.0,0.0,0.0
ENSG00000188508,0.0,0.0,0.0,0.0,0.0,0.0,0.0,0.0,0.03550185044812057,0.0
ENSG00000188761,0.0,0.0,0.0,0.0,0.0,0.0,0.0005628398153398209,0.0,0.0,0.0
ENSG00000188783,0.002585151826841651,0.0,0.0,0.0,0.0,0.0,0.0,0.0,0.0,0.0
ENSG00000188906,0.0,0.0,0.0,0.0,0.0,0.0,0.0027577868856399883,0.0,0.0,0.0
ENSG00000188996,0.0,4.222628220105903e-06,0.0,0.0,0.0,0.0,0.0,0.0,0.0,0.0
ENSG00000189001,0.0,0.0,0.0,0.0,0.0,0.0,0.0,0.0,0.02484951174923084,0.0
ENSG00000189129,0.0,0.0,0.0,0.0,0.0,0.0,0.0013657519664937226,0.0,0.0,0.0
ENSG00000196083,0.000676322787873075,0.0,0.0,0.0,0.0,0.0,0.0,0.0,0.0,0.0
ENSG00000196091,0.0,0.0,0.0,0.0,0.0,0.0,0.0,0.0,0.002644134302403353,0.0
ENSG00000196177,0.0010010070139802128,0.0,0.0,0.0,0.0,0.0,0.0,0.0,0.0,0.0
ENSG00000196218,0.0001846757054565741,0.0,0.0,0.0,0.0,0.0,0.0,0.0,0.0,0.0
ENSG00000196296,1.694272527124533e-05,0.0,0.0,0.0,0.0,0.0,0.0,0.0,0.0,0.0
ENSG00000196329,0.0,0.0,0.0,0.0,0.0,0.0,5.641219105911645e-05,0.0,0.0,0.0
ENSG00000196407,0.0008579179978257862,0.0,0.0,0.0,0.0,0.0,0.0,0.0,0.0,0.0
ENSG00000196502,0.00038275156635495135,0.0,0.0,0.0,0.0,0.0,0.0,0.0,0.0,0.0
ENSG00000196549,0.0,0.0,0.0,0.01854522881425559,0.0,0.0,0.0,0.0,0.0,0.0
ENSG00000196565,0.0,0.0,2.8525647817461933e-06,0.0,0.0,0.0,0.0,0.0,0.0,0.0
ENSG00000196616,0.0,0.0,0.0,0.0,0.017177965273104775,0.0,0.0,0.0,0.0,0.0
ENSG00000196878,0.018195870842216712,0.0,0.0,0.0,0.0,0.0,0.0,0.0,0.0,0.0
ENSG00000197119,0.0009629628945075073,0.0,0.0,0.0,0.0,0.0,0.0,0.0,0.0,0.0
ENSG00000197142,0.0,0.0,0.0,0.0,0.0,0.0,0.009740398148269828,0.0,0.0,0.0
ENSG00000197165,0.0,0.0,0.0,0.0,0.0,0.0,0.0004573874809168135,0.0,0.0,0.0
ENSG00000197249,0.0,0.0,0.0,0.0,0.0,0.0,0.055684281480166145,0.0,0.0,0.0
ENSG00000197380,0.0001295348359374302,0.0,0.0,0.0,0.0,0.0,0.0,0.0,0.0,0.0
ENSG00000197580,0.0,0.0,3.097070334467296e-05,0.0,0.0,0.0,0.0,0.0,0.0,0.0
ENSG00000197614,0.0,0.0,0.0,0.013227682280017892,0.0,0.0,0.0,0.0,0.0,0.0
ENSG00000197616,4.620743255794181e-07,0.0,0.0,0.0,0.0,0.0,0.0,0.0,0.0,0.0
ENSG00000197696,0.0,0.010455227472982217,0.0,0.0,0.0,0.0,0.0,0.0,0.0,0.0
ENSG00000197766,0.0,0.0,0.0,0.0,0.0,0.0,0.008286822657059073,0.0,0.0,0.0
ENSG00000197893,1.5402477519313938e-07,0.0,0.0,0.0,0.0,0.0,0.0,0.0,0.0,0.0
ENSG00000198125,0.0,0.0,0.0,0.0,0.0,0.0,0.001012534724748573,0.0,0.0,0.0
ENSG00000198300,5.298452266643994e-05,0.0,0.0,0.0,0.0,0.0,0.0,0.0,0.0,0.0
ENSG00000198336,1.0781734263519755e-06,0.0,0.0,0.0,0.0,0.0,0.0,0.0,0.0,0.0
ENSG00000198417,0.0007397809952526484,0.0,0.0,0.0,0.0,0.0,0.0,0.0,0.0,0.0
ENSG00000198502,0.03944482077831183,0.0,0.0,0.0,0.0,0.0,0.0,0.0,0.0,0.0
ENSG00000198523,0.0006259566863849184,0.0,0.0,0.0,0.0,0.0,0.0,0.0,0.0,0.0
ENSG00000198576,0.0,0.0,0.000229427710303301,0.0,0.0,0.0,0.0,0.0,0.0,0.0
ENSG00000198682,0.0,0.0,0.0,0.0,0.0,0.0,0.007344162123508723,0.0,0.0,0.0
ENSG00000198732,0.0,0.0,0.0,0.0,0.005788774436219956,0.0,0.0,0.0,0.0,0.0
ENSG00000198848,0.0,0.08976674201712136,0.0,0.0,0.0,0.0,0.0,0.0,0.0,0.0
ENSG00000198865,0.0,0.0,0.0,0.0,0.0,0.0,0.0001070549534871869,0.0,0.0,0.0
ENSG00000203785,0.0,0.0,0.0,0.0,0.0,0.0,0.0,0.0,0.07414500379007447,0.0
ENSG00000204248,0.0,0.0,0.0,0.0020768100198095725,0.0,0.0,0.0,0.0,0.0,0.0
ENSG00000204305,0.0,0.0,0.05593023767569762,0.0,0.0,0.0,0.0,0.0,0.0,0.0
ENSG00000204323,6.992724793768527e-05,0.0,0.0,0.0,0.0,0.0,0.0,0.0,0.0,0.0
ENSG00000204388,0.008071052244895696,0.0,0.0,0.0,0.0,0.0,0.0,0.0,0.0,0.0
ENSG00000204421,0.0,0.0,0.0,0.0,0.0,0.0,0.0,0.0,0.005092076514915058,0.0
ENSG00000204444,0.0,0.0,0.0004861585406604584,0.0,0.0,0.0,0.0,0.0,0.0,0.0
ENSG00000204482,0.0012699342714674342,0.0,0.0,0.0,0.0,0.0,0.0,0.0,0.0,0.0
ENSG00000204632,0.0,0.0,0.0,0.027815561012570406,0.0,0.0,0.0,0.0,0.0,0.0
ENSG00000204983,0.0,0.0009233480374631575,0.0,0.0,0.0,0.0,0.0,0.0,0.0,0.0
ENSG00000205362,0.0,0.00403190617883112,0.0,0.0,0.0,0.0,0.0,0.0,0.0,0.0
ENSG00000205364,0.0,0.003990383668000079,0.0,0.0,0.0,0.0,0.0,0.0,0.0,0.0
ENSG00000205413,0.0010578421560264813,0.0,0.0,0.0,0.0,0.0,0.0,0.0,0.0,0.0
ENSG00000205420,0.0,0.0,0.0,0.0,0.0,0.0,0.0,0.2623995497430671,0.0,0.0
ENSG00000205517,0.0006518328486173658,0.0,0.0,0.0,0.0,0.0,0.0,0.0,0.0,0.0
ENSG00000206172,0.0,0.0,0.000140998202069169,0.0,0.0,0.0,0.0,0.0,0.0,0.0
ENSG00000213398,0.0003825975415797582,0.0,0.0,0.0,0.0,0.0,0.0,0.0,0.0,0.0
ENSG00000213903,0.0,0.004016423208690732,0.0,0.0,0.0,0.0,0.0,0.0,0.0,0.0
ENSG00000213927,0.0,0.0,0.0,0.0,0.0,0.0,0.0,0.0,0.0,0.0
ENSG00000214456,0.0,0.0,0.0,0.0,0.0,0.0,0.00012788900132151967,0.0,0.0,0.0
ENSG00000214872,4.2510837953306465e-05,0.0,0.0,0.0,0.0,0.0,0.0,0.0,0.0,0.0
ENSG00000215252,0.0003947654988200162,0.0,0.0,0.0,0.0,0.0,0.0,0.0,0.0,0.0
ENSG00000215704,0.0,0.0,4.075092545351705e-06,0.0,0.0,0.0,0.0,0.0,0.0,0.0
ENSG00000219073,9.241486511588362e-07,0.0,0.0,0.0,0.0,0.0,0.0,0.0,0.0,0.0
ENSG00000219607,0.0,0.0,0.0,0.0,0.0,0.0,0.0001448767634018218,0.0,0.0,0.0
ENSG00000227507,0.001829968354069689,0.0,0.0,0.0,0.0,0.0,0.0,0.0,0.0,0.0
ENSG00000229314,0.0,0.0,0.0,0.0,0.01329433890643063,0.0,0.0,0.0,0.0,0.0
ENSG00000229859,1.5402477519313938e-07,0.0,0.0,0.0,0.0,0.0,0.0,0.0,0.0,0.0
ENSG00000239474,0.0,0.0,0.0,0.0,7.62059227818325e-05,0.0,0.0,0.0,0.0,0.0
ENSG00000240891,0.0,0.0,0.0,0.0,0.0,0.0,0.0,0.00030763671725396555,0.0,0.0
ENSG00000241399,0.0005407809857031123,0.0,0.0,0.0,0.0,0.0,0.0,0.0,0.0,0.0
ENSG00000241644,0.0,0.0,0.0,0.0,0.019993270873233604,0.0,0.0,0.0,0.0,0.0
ENSG00000241794,0.0,0.0,0.0,0.0,0.0,0.0,0.0,0.0,0.20079591563740135,0.0
ENSG00000241935,0.0,6.474696604162386e-05,0.0,0.0,0.0,0.0,0.0,0.0,0.0,0.0
ENSG00000242110,0.0001765123923713377,0.0,0.0,0.0,0.0,0.0,0.0,0.0,0.0,0.0
ENSG00000242220,9.241486511588362e-07,0.0,0.0,0.0,0.0,0.0,0.0,0.0,0.0,0.0
ENSG00000242265,0.0,0.0,0.0,0.0,0.0,0.0,0.006186750635358328,0.0,0.0,0.0
ENSG00000242574,0.003151962999552404,0.0,0.0,0.0,0.0,0.0,0.0,0.0,0.0,0.0
ENSG00000243480,0.0,0.0,0.0,0.0,0.0,0.0,0.0,0.0,0.0,0.0
ENSG00000243566,0.0,0.007922354312288693,0.0,0.0,0.0,0.0,0.0,0.0,0.0,0.0
ENSG00000243955,0.0,0.04127407953742515,0.0,0.0,0.0,0.0,0.0,0.0,0.0,0.0
ENSG00000244617,0.0,0.0,0.0,0.0,0.0,0.0,0.0,0.0,0.0016475676639764569,0.0
ENSG00000244734,0.0,0.0,0.03727446400307751,0.0,0.0,0.0,0.0,0.0,0.0,0.0
ENSG00000248485,0.0,0.0,0.005752400637018467,0.0,0.0,0.0,0.0,0.0,0.0,0.0
ENSG00000253368,0.0,0.0,0.004101580646896491,0.0,0.0,0.0,0.0,0.0,0.0,0.0
ENSG00000253958,0.0008847183087093925,0.0,0.0,0.0,0.0,0.0,0.0,0.0,0.0,0.0
ENSG00000254709,0.010342301579893728,0.0,0.0,0.0,0.0,0.0,0.0,0.0,0.0,0.0
ENSG00000266964,0.0,0.0,0.00011247255425170706,0.0,0.0,0.0,0.0,0.0,0.0,0.0
ENSG00000271043,1.0165635162747198e-05,0.0,0.0,0.0,0.0,0.0,0.0,0.0,0.0,0.0
