Topic 1,Topic 2,Topic 3,Topic 4,Topic 5
ENSG00000211895,ENSG00000087086,ENSG00000168484,ENSG00000186081,ENSG00000186847
ENSG00000211890,ENSG00000168878,ENSG00000096088,ENSG00000205420,ENSG00000188508
ENSG00000227097,ENSG00000185303,ENSG00000161055,ENSG00000211892,ENSG00000125780
ENSG00000100097,ENSG00000163220,ENSG00000202198,ENSG00000118785,ENSG00000244617
ENSG00000198502,ENSG00000122852,ENSG00000163993,ENSG00000196754,ENSG00000143536
ENSG00000139329,ENSG00000124107,ENSG00000204305,ENSG00000124102,ENSG00000203782
ENSG00000101443,ENSG00000211679,ENSG00000171557,ENSG00000169469,ENSG00000272102
ENSG00000115414,ENSG00000211897,ENSG00000164266,ENSG00000186832,ENSG00000115705
ENSG00000165272,ENSG00000132465,ENSG00000160180,ENSG00000171401,ENSG00000168925
ENSG00000120129,ENSG00000211899,ENSG00000171560,ENSG00000169474,
ENSG00000122862,ENSG00000168542,ENSG00000171564,ENSG00000241794,
ENSG00000143819,ENSG00000129538,ENSG00000130600,ENSG00000081277,
ENSG00000143320,ENSG00000108821,ENSG00000167653,ENSG00000171346,
ENSG00000185499,ENSG00000131400,ENSG00000245532,ENSG00000169429,
ENSG00000128016,ENSG00000090382,ENSG00000171747,ENSG00000165474,
ENSG00000176907,ENSG00000126709,ENSG00000200087,ENSG00000178363,
ENSG00000125148,ENSG00000010278,ENSG00000229314,ENSG00000163209,
ENSG00000225630,ENSG00000143546,ENSG00000021826,ENSG00000167656,
ENSG00000125730,ENSG00000164692,ENSG00000142748,ENSG00000164687,
ENSG00000145824,ENSG00000112378,ENSG00000183036,ENSG00000163739,
ENSG00000170345,ENSG00000196154,ENSG00000129437,ENSG00000203785,
ENSG00000011600,ENSG00000175899,ENSG00000120875,ENSG00000107159,
ENSG00000118523,ENSG00000197249,ENSG00000108176,ENSG00000136689,
ENSG00000196352,ENSG00000176153,ENSG00000188257,ENSG00000178934,
ENSG00000115461,ENSG00000162896,ENSG00000166292,ENSG00000140519,
ENSG00000175061,ENSG00000115758,ENSG00000113924,ENSG00000129194,
ENSG00000130208,ENSG00000135480,ENSG00000148677,ENSG00000114270,
ENSG00000103811,ENSG00000136235,ENSG00000168309,ENSG00000114948,
ENSG00000153395,ENSG00000198848,ENSG00000162482,ENSG00000174564,
ENSG00000142173,ENSG00000117394,ENSG00000212232,ENSG00000189001,
ENSG00000120738,ENSG00000135046,ENSG00000238741,ENSG00000131015,
ENSG00000111341,ENSG00000104419,ENSG00000115386,ENSG00000163032,
ENSG00000187837,ENSG00000161203,ENSG00000135346,ENSG00000092295,
ENSG00000090339,ENSG00000146674,ENSG00000091513,ENSG00000117407,
ENSG00000135047,ENSG00000148346,ENSG00000212443,ENSG00000064300,
ENSG00000146731,ENSG00000163347,ENSG00000252481,ENSG00000169509,
ENSG00000142871,ENSG00000181019,ENSG00000208772,ENSG00000167768,
ENSG00000106624,ENSG00000069849,ENSG00000167588,ENSG00000234964,
ENSG00000122861,ENSG00000115457,ENSG00000169347,ENSG00000184163,
ENSG00000137331,ENSG00000187608,ENSG00000254911,ENSG00000249379,
ENSG00000152583,ENSG00000159228,ENSG00000109072,ENSG00000100628,
ENSG00000110092,ENSG00000152661,ENSG00000095932,ENSG00000213963,
ENSG00000013588,ENSG00000145423,ENSG00000182327,ENSG00000118514,
ENSG00000140564,ENSG00000168209,ENSG00000270640,ENSG00000148600,
ENSG00000168899,ENSG00000165949,ENSG00000136872,ENSG00000227879,
ENSG00000179344,ENSG00000100342,ENSG00000238018,ENSG00000157150,
ENSG00000234741,ENSG00000211445,ENSG00000178623,ENSG00000130270,
ENSG00000133321,ENSG00000165092,ENSG00000023171,ENSG00000231233,
ENSG00000187244,ENSG00000187840,ENSG00000269951,ENSG00000173338,
ENSG00000142156,ENSG00000121858,ENSG00000251791,ENSG00000117013,
ENSG00000120885,ENSG00000244734,ENSG00000134548,ENSG00000139547,
ENSG00000137077,ENSG00000165283,ENSG00000141527,ENSG00000214544,
ENSG00000125968,ENSG00000121552,ENSG00000168298,ENSG00000118520,
ENSG00000130707,ENSG00000075618,ENSG00000164530,ENSG00000226085,
ENSG00000169442,ENSG00000109062,ENSG00000148935,ENSG00000204791,
ENSG00000166741,ENSG00000116016,ENSG00000224093,ENSG00000074317,
ENSG00000106366,ENSG00000070087,ENSG00000174501,ENSG00000188859,
ENSG00000166226,ENSG00000096696,ENSG00000139540,ENSG00000253356,
ENSG00000135677,ENSG00000143556,ENSG00000167701,,
ENSG00000175567,ENSG00000072274,ENSG00000222112,,
ENSG00000237973,ENSG00000254709,ENSG00000271347,,
ENSG00000166033,ENSG00000198431,ENSG00000197714,,
ENSG00000117525,ENSG00000108602,ENSG00000101049,,
ENSG00000169245,ENSG00000105974,ENSG00000254595,,
ENSG00000136167,ENSG00000187134,ENSG00000273017,,
ENSG00000167797,ENSG00000102760,ENSG00000273338,,
ENSG00000025708,ENSG00000116285,ENSG00000261448,,
ENSG00000168394,ENSG00000117472,ENSG00000204584,,
ENSG00000011465,ENSG00000166482,ENSG00000238795,,
ENSG00000102575,ENSG00000144476,ENSG00000118271,,
ENSG00000109472,ENSG00000154277,ENSG00000176919,,
ENSG00000145860,ENSG00000243955,ENSG00000270108,,
ENSG00000164442,ENSG00000167900,ENSG00000187288,,
ENSG00000106538,ENSG00000146386,ENSG00000233578,,
ENSG00000124942,ENSG00000041982,ENSG00000254165,,
ENSG00000120708,ENSG00000103257,ENSG00000225313,,
ENSG00000132432,ENSG00000005884,ENSG00000254528,,
ENSG00000137801,ENSG00000105854,ENSG00000269825,,
ENSG00000133048,ENSG00000105825,ENSG00000249741,,
ENSG00000121966,ENSG00000185633,ENSG00000225422,,
ENSG00000244187,ENSG00000006327,ENSG00000249835,,
ENSG00000206341,ENSG00000143416,ENSG00000226312,,
ENSG00000188186,ENSG00000096092,ENSG00000225938,,
ENSG00000179820,ENSG00000171476,ENSG00000214439,,
ENSG00000065154,ENSG00000047457,ENSG00000226380,,
ENSG00000179085,ENSG00000175193,ENSG00000229325,,
ENSG00000164932,ENSG00000226084,ENSG00000266964,,
ENSG00000235174,ENSG00000213853,ENSG00000228060,,
ENSG00000162496,ENSG00000177383,ENSG00000203709,,
ENSG00000176788,ENSG00000109814,ENSG00000260618,,
ENSG00000165507,ENSG00000187193,ENSG00000254604,,
ENSG00000198189,ENSG00000116044,ENSG00000271964,,
ENSG00000157992,ENSG00000175063,ENSG00000196358,,
ENSG00000163513,ENSG00000136997,ENSG00000206172,,
ENSG00000169710,ENSG00000091409,ENSG00000272072,,
ENSG00000166165,ENSG00000105835,ENSG00000158874,,
ENSG00000166920,ENSG00000117595,ENSG00000272037,,
ENSG00000100985,ENSG00000163359,ENSG00000132693,,
ENSG00000137876,ENSG00000186340,ENSG00000212607,,
ENSG00000196205,ENSG00000172724,ENSG00000266236,,
ENSG00000169715,ENSG00000185033,ENSG00000242100,,
ENSG00000106991,ENSG00000117632,ENSG00000272367,,
ENSG00000168615,ENSG00000204262,ENSG00000228663,,
ENSG00000008394,ENSG00000019169,ENSG00000272650,,
ENSG00000115380,ENSG00000063660,ENSG00000211454,,
ENSG00000108551,ENSG00000006016,ENSG00000239300,,
ENSG00000139318,ENSG00000136518,ENSG00000232545,,
ENSG00000135678,ENSG00000162551,ENSG00000215158,,
ENSG00000169116,ENSG00000099994,ENSG00000272529,,
ENSG00000141756,ENSG00000100292,ENSG00000197599,,
ENSG00000197142,ENSG00000110400,ENSG00000261596,,
ENSG00000062716,ENSG00000085662,ENSG00000254667,,
ENSG00000136048,ENSG00000167972,ENSG00000138161,,
ENSG00000187653,ENSG00000124466,ENSG00000273449,,
ENSG00000169738,ENSG00000130635,ENSG00000273138,,
ENSG00000071967,ENSG00000160862,ENSG00000233337,,
ENSG00000107175,ENSG00000120306,ENSG00000271119,,
ENSG00000197930,ENSG00000161202,ENSG00000180139,,
ENSG00000087074,ENSG00000074181,ENSG00000232934,,
ENSG00000180573,ENSG00000226278,ENSG00000252464,,
ENSG00000067082,ENSG00000167600,ENSG00000246859,,
ENSG00000134291,ENSG00000134531,ENSG00000245275,,
ENSG00000064115,ENSG00000135069,ENSG00000236304,,
ENSG00000141232,ENSG00000106853,ENSG00000118137,,
ENSG00000178209,ENSG00000163923,ENSG00000272789,,
ENSG00000116741,ENSG00000168275,ENSG00000229190,,
ENSG00000227081,ENSG00000214160,ENSG00000250116,,
ENSG00000101457,ENSG00000123689,ENSG00000124253,,
ENSG00000147533,ENSG00000173432,ENSG00000249180,,
ENSG00000120992,ENSG00000137699,ENSG00000110169,,
ENSG00000072210,ENSG00000103222,ENSG00000269463,,
ENSG00000141736,ENSG00000065911,ENSG00000259116,,
ENSG00000090621,ENSG00000132821,ENSG00000257509,,
ENSG00000129009,ENSG00000117399,ENSG00000273369,,
ENSG00000130513,ENSG00000181788,ENSG00000271843,,
ENSG00000198736,ENSG00000134247,ENSG00000262180,,
ENSG00000113657,ENSG00000186395,ENSG00000157999,,
ENSG00000159212,ENSG00000182704,ENSG00000230732,,
ENSG00000107317,ENSG00000156471,ENSG00000272950,,
ENSG00000232573,ENSG00000112972,ENSG00000259668,,
ENSG00000141424,ENSG00000197766,ENSG00000272123,,
ENSG00000128311,ENSG00000181649,ENSG00000240395,,
ENSG00000198176,ENSG00000118515,ENSG00000272498,,
ENSG00000141741,ENSG00000077152,ENSG00000262652,,
ENSG00000079462,ENSG00000198898,ENSG00000152463,,
ENSG00000189058,ENSG00000125740,ENSG00000269903,,
ENSG00000244398,ENSG00000088325,ENSG00000255423,,
ENSG00000160255,ENSG00000177565,ENSG00000212127,,
ENSG00000214530,ENSG00000270170,ENSG00000240522,,
ENSG00000132965,ENSG00000146648,ENSG00000234369,,
ENSG00000185215,ENSG00000104140,ENSG00000165995,,
ENSG00000099860,ENSG00000110799,ENSG00000256973,,
ENSG00000172893,ENSG00000065833,ENSG00000272389,,
ENSG00000065054,ENSG00000178372,ENSG00000270426,,
ENSG00000120053,ENSG00000159399,ENSG00000250568,,
ENSG00000008517,ENSG00000148926,ENSG00000187187,,
ENSG00000198467,ENSG00000073111,ENSG00000231125,,
ENSG00000108691,ENSG00000114023,ENSG00000224855,,
ENSG00000100196,ENSG00000137692,ENSG00000245711,,
ENSG00000236552,ENSG00000135245,ENSG00000178852,,
ENSG00000213442,ENSG00000170801,ENSG00000237672,,
ENSG00000119681,ENSG00000132329,ENSG00000125787,,
ENSG00000104368,ENSG00000138821,ENSG00000223642,,
ENSG00000189171,ENSG00000099953,ENSG00000237705,,
ENSG00000148344,ENSG00000001084,ENSG00000230872,,
ENSG00000182551,ENSG00000081041,ENSG00000232729,,
ENSG00000170525,ENSG00000068078,ENSG00000273350,,
ENSG00000173156,ENSG00000142627,ENSG00000259544,,
ENSG00000173334,ENSG00000010292,ENSG00000230084,,
ENSG00000090104,ENSG00000173267,ENSG00000135976,,
ENSG00000204642,ENSG00000134020,ENSG00000271778,,
ENSG00000140526,ENSG00000143622,ENSG00000236498,,
ENSG00000114446,ENSG00000134202,ENSG00000250848,,
ENSG00000169604,ENSG00000178726,ENSG00000255968,,
ENSG00000250722,ENSG00000175197,ENSG00000104043,,
ENSG00000244313,ENSG00000099901,ENSG00000248019,,
ENSG00000085117,ENSG00000176619,ENSG00000272918,,
ENSG00000240065,ENSG00000101384,ENSG00000261560,,
ENSG00000162576,ENSG00000092068,ENSG00000259712,,
ENSG00000068079,ENSG00000103044,ENSG00000271730,,
ENSG00000135929,ENSG00000168497,ENSG00000269997,,
ENSG00000115306,ENSG00000173207,ENSG00000227409,,
ENSG00000121039,ENSG00000170899,ENSG00000263606,,
ENSG00000169136,ENSG00000139146,ENSG00000261553,,
ENSG00000095970,ENSG00000023909,ENSG00000270061,,
ENSG00000113504,ENSG00000226950,ENSG00000261770,,
ENSG00000114631,ENSG00000203760,ENSG00000273302,,
ENSG00000118849,ENSG00000137965,ENSG00000229127,,
ENSG00000121316,ENSG00000104738,ENSG00000245293,,
ENSG00000108582,ENSG00000154146,ENSG00000234332,,
ENSG00000182809,ENSG00000163584,ENSG00000129167,,
ENSG00000196937,ENSG00000112936,ENSG00000181722,,
ENSG00000213722,ENSG00000101210,ENSG00000251661,,
ENSG00000185432,ENSG00000107742,ENSG00000269938,,
ENSG00000184489,ENSG00000167772,ENSG00000015479,,
ENSG00000214022,ENSG00000079308,ENSG00000239827,,
ENSG00000119917,ENSG00000038427,ENSG00000181800,,
ENSG00000124225,ENSG00000144655,ENSG00000175106,,
ENSG00000198832,ENSG00000089127,ENSG00000225891,,
ENSG00000138080,ENSG00000109107,ENSG00000260872,,
ENSG00000111275,ENSG00000181218,ENSG00000212125,,
ENSG00000092964,ENSG00000155066,ENSG00000265907,,
ENSG00000154589,ENSG00000104889,ENSG00000239839,,
ENSG00000116774,ENSG00000060558,ENSG00000241983,,
ENSG00000158373,ENSG00000115963,ENSG00000255837,,
ENSG00000106333,ENSG00000169583,ENSG00000255670,,
ENSG00000260260,ENSG00000019102,ENSG00000273474,,
ENSG00000073756,ENSG00000179593,ENSG00000224505,,
ENSG00000105369,ENSG00000041802,ENSG00000008438,,
ENSG00000198682,ENSG00000161179,ENSG00000229598,,
ENSG00000002933,ENSG00000131477,ENSG00000265625,,
ENSG00000074201,ENSG00000225972,ENSG00000254317,,
ENSG00000146729,ENSG00000257017,ENSG00000267560,,
ENSG00000119986,ENSG00000161204,ENSG00000269924,,
ENSG00000242574,ENSG00000149564,ENSG00000251666,,
ENSG00000198363,ENSG00000167779,ENSG00000270130,,
ENSG00000066336,ENSG00000159231,ENSG00000180747,,
ENSG00000151332,ENSG00000143367,ENSG00000212124,,
ENSG00000006210,ENSG00000164647,ENSG00000235159,,
ENSG00000166562,ENSG00000197696,ENSG00000227945,,
ENSG00000143369,ENSG00000139211,ENSG00000258302,,
ENSG00000116717,ENSG00000162493,ENSG00000232043,,
ENSG00000157613,ENSG00000168575,ENSG00000267632,,
ENSG00000182871,ENSG00000157601,ENSG00000265218,,
ENSG00000141510,ENSG00000175906,ENSG00000265194,,
ENSG00000215030,ENSG00000114346,ENSG00000270115,,
ENSG00000109046,ENSG00000170323,ENSG00000229591,,
ENSG00000206337,ENSG00000137563,ENSG00000239801,,
ENSG00000158467,ENSG00000164978,ENSG00000196912,,
ENSG00000183087,ENSG00000139289,ENSG00000241782,,
ENSG00000171421,ENSG00000123358,ENSG00000241007,,
ENSG00000105971,ENSG00000162545,ENSG00000259556,,
ENSG00000129235,ENSG00000114115,ENSG00000232912,,
ENSG00000083937,ENSG00000101447,ENSG00000270427,,
ENSG00000065809,ENSG00000114770,ENSG00000271580,,
ENSG00000123384,ENSG00000196562,ENSG00000255328,,
ENSG00000149269,ENSG00000008853,ENSG00000228446,,
ENSG00000111674,ENSG00000142910,ENSG00000233025,,
ENSG00000006453,ENSG00000134184,ENSG00000255449,,
ENSG00000147471,ENSG00000131471,ENSG00000261069,,
ENSG00000106483,ENSG00000189366,ENSG00000178440,,
ENSG00000111912,ENSG00000145191,ENSG00000257941,,
ENSG00000142552,ENSG00000101255,ENSG00000223442,,
ENSG00000116962,ENSG00000104267,ENSG00000271789,,
ENSG00000161638,ENSG00000019549,ENSG00000226318,,
ENSG00000113721,ENSG00000135318,ENSG00000230069,,
ENSG00000086289,ENSG00000183779,ENSG00000261669,,
ENSG00000117228,ENSG00000188536,ENSG00000270589,,
ENSG00000162772,ENSG00000111799,ENSG00000229502,,
ENSG00000174938,ENSG00000074410,ENSG00000259201,,
ENSG00000101000,ENSG00000158825,ENSG00000231466,,
ENSG00000011422,ENSG00000122679,ENSG00000259326,,
ENSG00000132819,ENSG00000170312,ENSG00000177688,,
ENSG00000136379,ENSG00000170477,ENSG00000226648,,
ENSG00000089351,ENSG00000149212,ENSG00000239653,,
ENSG00000166347,ENSG00000163815,ENSG00000256436,,
ENSG00000109084,ENSG00000070669,ENSG00000249207,,
ENSG00000068650,ENSG00000109846,ENSG00000270751,,
ENSG00000177575,ENSG00000099284,ENSG00000254099,,
ENSG00000176485,ENSG00000127920,ENSG00000163806,,
ENSG00000138166,ENSG00000105894,ENSG00000180189,,
ENSG00000130164,ENSG00000166825,ENSG00000266993,,
ENSG00000141526,ENSG00000058063,ENSG00000237877,,
ENSG00000179604,ENSG00000173391,ENSG00000240751,,
ENSG00000116711,ENSG00000115828,ENSG00000170092,,
ENSG00000164949,ENSG00000129521,ENSG00000251224,,
ENSG00000143324,ENSG00000175445,ENSG00000238133,,
ENSG00000004399,ENSG00000092621,ENSG00000250602,,
ENSG00000152952,ENSG00000141682,ENSG00000259248,,
ENSG00000108846,ENSG00000108106,ENSG00000259314,,
ENSG00000154096,ENSG00000105011,ENSG00000226416,,
ENSG00000196975,ENSG00000128274,ENSG00000259659,,
ENSG00000105063,ENSG00000155380,ENSG00000219355,,
ENSG00000142798,ENSG00000241644,ENSG00000233351,,
ENSG00000127337,ENSG00000114554,ENSG00000245148,,
ENSG00000242299,ENSG00000245848,ENSG00000235837,,
ENSG00000102996,ENSG00000115902,ENSG00000255585,,
ENSG00000169180,ENSG00000163918,ENSG00000205041,,
ENSG00000163520,ENSG00000078070,ENSG00000259118,,
ENSG00000074416,ENSG00000255717,ENSG00000253167,,
ENSG00000128039,ENSG00000111206,ENSG00000234043,,
ENSG00000175324,ENSG00000164683,ENSG00000272843,,
ENSG00000164237,ENSG00000131771,ENSG00000225408,,
ENSG00000136826,ENSG00000140961,ENSG00000242628,,
ENSG00000116701,ENSG00000157456,ENSG00000203872,,
ENSG00000176046,ENSG00000114744,ENSG00000243107,,
ENSG00000130755,ENSG00000043514,ENSG00000259924,,
ENSG00000100504,ENSG00000015475,ENSG00000231731,,
ENSG00000109610,ENSG00000090530,ENSG00000225602,,
ENSG00000148700,ENSG00000114796,ENSG00000258926,,
ENSG00000242265,ENSG00000127528,ENSG00000249593,,
ENSG00000109929,ENSG00000099219,ENSG00000271840,,
ENSG00000101577,ENSG00000104783,ENSG00000273399,,
ENSG00000168734,ENSG00000145386,ENSG00000240045,,
ENSG00000147872,ENSG00000178053,ENSG00000246851,,
ENSG00000110876,ENSG00000105427,ENSG00000229044,,
ENSG00000198722,ENSG00000168140,ENSG00000254420,,
ENSG00000172889,ENSG00000185963,ENSG00000227230,,
ENSG00000182578,ENSG00000100139,ENSG00000260439,,
ENSG00000111859,ENSG00000023445,ENSG00000234136,,
ENSG00000161395,ENSG00000115525,ENSG00000259628,,
ENSG00000137166,ENSG00000155760,ENSG00000270510,,
ENSG00000101336,ENSG00000172819,ENSG00000256448,,
ENSG00000136859,ENSG00000006118,ENSG00000258177,,
ENSG00000249915,ENSG00000004799,ENSG00000225527,,
ENSG00000034677,ENSG00000118971,ENSG00000269560,,
ENSG00000165929,ENSG00000160124,ENSG00000230397,,
ENSG00000153904,ENSG00000134690,ENSG00000203327,,
ENSG00000121769,ENSG00000134013,ENSG00000077009,,
ENSG00000163659,ENSG00000253368,ENSG00000235910,,
ENSG00000090006,ENSG00000099958,ENSG00000136206,,
ENSG00000143196,ENSG00000097021,ENSG00000236526,,
ENSG00000006534,ENSG00000053747,ENSG00000235522,,
ENSG00000173852,ENSG00000175592,ENSG00000235530,,
ENSG00000169439,ENSG00000145604,ENSG00000233893,,
ENSG00000188783,ENSG00000151651,ENSG00000259001,,
ENSG00000067113,ENSG00000104635,ENSG00000226803,,
ENSG00000168743,ENSG00000112312,ENSG00000261002,,
ENSG00000049323,ENSG00000183508,ENSG00000234818,,
ENSG00000130592,ENSG00000156127,ENSG00000227227,,
ENSG00000143013,ENSG00000146733,ENSG00000235481,,
ENSG00000115419,ENSG00000025423,ENSG00000253607,,
ENSG00000153179,ENSG00000196616,ENSG00000232682,,
ENSG00000085377,ENSG00000163874,ENSG00000116652,,
ENSG00000118503,ENSG00000181744,ENSG00000272181,,
ENSG00000233476,ENSG00000170989,ENSG00000255445,,
ENSG00000204219,ENSG00000011426,ENSG00000255539,,
ENSG00000049540,ENSG00000163964,ENSG00000259678,,
ENSG00000078401,ENSG00000112562,ENSG00000231579,,
ENSG00000007944,ENSG00000226608,ENSG00000261872,,
ENSG00000183696,ENSG00000237649,ENSG00000267800,,
ENSG00000003436,ENSG00000005243,ENSG00000248254,,
ENSG00000169490,ENSG00000205981,ENSG00000207720,,
ENSG00000248485,ENSG00000198517,ENSG00000226890,,
ENSG00000170571,ENSG00000120437,ENSG00000249252,,
ENSG00000109501,ENSG00000124785,ENSG00000241073,,
ENSG00000143333,ENSG00000126368,ENSG00000226441,,
ENSG00000174807,ENSG00000156735,ENSG00000259595,,
ENSG00000122694,ENSG00000213859,ENSG00000225213,,
ENSG00000008441,ENSG00000184113,ENSG00000120729,,
ENSG00000136153,ENSG00000185745,ENSG00000236065,,
ENSG00000211772,ENSG00000108578,ENSG00000215244,,
ENSG00000147535,ENSG00000087076,ENSG00000238198,,
ENSG00000105374,ENSG00000162738,ENSG00000224891,,
ENSG00000233913,ENSG00000198142,ENSG00000246250,,
ENSG00000144810,ENSG00000198901,ENSG00000183604,,
ENSG00000106003,ENSG00000175040,ENSG00000154874,,
ENSG00000080503,ENSG00000103485,ENSG00000271105,,
ENSG00000171236,ENSG00000235162,ENSG00000254003,,
ENSG00000142102,ENSG00000071539,ENSG00000270614,,
ENSG00000105767,ENSG00000135838,ENSG00000266912,,
ENSG00000246705,ENSG00000179862,ENSG00000263388,,
ENSG00000105655,ENSG00000170873,ENSG00000257279,,
ENSG00000059804,ENSG00000043093,ENSG00000271664,,
ENSG00000131378,ENSG00000029153,ENSG00000257715,,
ENSG00000143248,ENSG00000114854,ENSG00000231104,,
ENSG00000218175,ENSG00000111906,ENSG00000244332,,
ENSG00000175315,ENSG00000105426,ENSG00000259540,,
ENSG00000184678,ENSG00000186891,ENSG00000227176,,
ENSG00000070404,ENSG00000161243,ENSG00000230154,,
ENSG00000113070,ENSG00000134755,ENSG00000236986,,
ENSG00000179094,ENSG00000178343,ENSG00000259521,,
ENSG00000166592,ENSG00000181458,ENSG00000250906,,
ENSG00000156675,ENSG00000070961,ENSG00000268056,,
ENSG00000109445,ENSG00000108448,ENSG00000228363,,
ENSG00000154978,ENSG00000142945,ENSG00000229894,,
ENSG00000076864,ENSG00000156535,ENSG00000238057,,
ENSG00000242861,ENSG00000158457,ENSG00000236051,,
ENSG00000166278,ENSG00000117091,ENSG00000231329,,
ENSG00000138061,ENSG00000116661,ENSG00000267724,,
ENSG00000174640,ENSG00000103888,ENSG00000228677,,
ENSG00000124731,ENSG00000111907,ENSG00000259468,,
ENSG00000133026,ENSG00000243566,ENSG00000264044,,
ENSG00000136205,ENSG00000064989,ENSG00000110245,,
ENSG00000150687,ENSG00000116990,ENSG00000249035,,
ENSG00000152642,ENSG00000139567,ENSG00000241720,,
ENSG00000078804,ENSG00000139629,ENSG00000240527,,
ENSG00000138772,ENSG00000186940,ENSG00000241409,,
ENSG00000149781,ENSG00000185112,ENSG00000254129,,
ENSG00000111530,ENSG00000131435,ENSG00000273090,,
ENSG00000130702,ENSG00000163872,ENSG00000240553,,
ENSG00000074527,ENSG00000121898,ENSG00000224490,,
ENSG00000144959,ENSG00000163961,ENSG00000241772,,
ENSG00000109654,ENSG00000064655,ENSG00000235426,,
ENSG00000134802,ENSG00000111445,ENSG00000125551,,
ENSG00000138758,ENSG00000147889,ENSG00000259589,,
ENSG00000130508,ENSG00000121578,ENSG00000253358,,
ENSG00000172236,ENSG00000121864,,,
ENSG00000081923,ENSG00000173950,,,
ENSG00000112149,ENSG00000100162,,,
ENSG00000198478,ENSG00000131781,,,
ENSG00000141574,ENSG00000166851,,,
ENSG00000221978,ENSG00000128602,,,
ENSG00000075240,ENSG00000136861,,,
ENSG00000197457,ENSG00000146242,,,
ENSG00000104723,ENSG00000108352,,,
ENSG00000140379,ENSG00000167799,,,
ENSG00000071242,ENSG00000161249,,,
ENSG00000106025,ENSG00000198435,,,
ENSG00000107281,ENSG00000184916,,,
ENSG00000169508,ENSG00000184220,,,
ENSG00000264281,ENSG00000185340,,,
ENSG00000218426,ENSG00000151725,,,
ENSG00000091986,ENSG00000112039,,,
ENSG00000137038,ENSG00000100526,,,
ENSG00000100814,ENSG00000175643,,,
ENSG00000181830,ENSG00000135919,,,
ENSG00000116791,ENSG00000145284,,,
ENSG00000008513,ENSG00000088882,,,
ENSG00000141696,ENSG00000267321,,,
ENSG00000152137,ENSG00000100092,,,
ENSG00000095739,ENSG00000174013,,,
ENSG00000077984,ENSG00000188906,,,
ENSG00000050344,ENSG00000178860,,,
ENSG00000244405,ENSG00000143179,,,
ENSG00000142632,ENSG00000073150,,,
ENSG00000184500,ENSG00000139926,,,
ENSG00000139263,ENSG00000136514,,,
ENSG00000131748,ENSG00000131711,,,
ENSG00000127990,ENSG00000185567,,,
ENSG00000110042,ENSG00000147454,,,
ENSG00000090661,ENSG00000105696,,,
ENSG00000184371,ENSG00000131055,,,
ENSG00000128567,ENSG00000221926,,,
ENSG00000162654,ENSG00000161513,,,
ENSG00000116157,ENSG00000167513,,,
ENSG00000104856,ENSG00000137857,,,
ENSG00000119138,ENSG00000221829,,,
ENSG00000235098,ENSG00000151012,,,
ENSG00000111412,ENSG00000131016,,,
ENSG00000168389,ENSG00000136244,,,
ENSG00000023287,ENSG00000213088,,,
ENSG00000169750,ENSG00000196839,,,
ENSG00000213058,ENSG00000115255,,,
ENSG00000104998,ENSG00000059728,,,
ENSG00000230076,ENSG00000166803,,,
ENSG00000171227,ENSG00000107130,,,
ENSG00000127951,ENSG00000188505,,,
ENSG00000105197,ENSG00000145287,,,
ENSG00000101400,ENSG00000205413,,,
ENSG00000125170,ENSG00000170890,,,
ENSG00000171860,ENSG00000121152,,,
ENSG00000137267,ENSG00000231770,,,
ENSG00000145632,ENSG00000204839,,,
ENSG00000152766,ENSG00000175084,,,
ENSG00000213553,ENSG00000076382,,,
ENSG00000184436,ENSG00000113838,,,
ENSG00000105048,ENSG00000174514,,,
ENSG00000134824,ENSG00000163221,,,
ENSG00000120756,ENSG00000175505,,,
ENSG00000060656,ENSG00000111247,,,
ENSG00000116574,ENSG00000070731,,,
ENSG00000139044,ENSG00000151914,,,
ENSG00000139998,ENSG00000154917,,,
ENSG00000129691,ENSG00000131153,,,
ENSG00000173281,ENSG00000140511,,,
ENSG00000070540,ENSG00000115226,,,
ENSG00000137462,ENSG00000140525,,,
ENSG00000168758,ENSG00000088826,,,
ENSG00000106799,ENSG00000163472,,,
ENSG00000230202,ENSG00000077782,,,
ENSG00000179833,ENSG00000094804,,,
ENSG00000157404,ENSG00000101003,,,
ENSG00000107140,ENSG00000204381,,,
ENSG00000197256,ENSG00000160957,,,
ENSG00000140092,ENSG00000164078,,,
ENSG00000179456,ENSG00000139679,,,
ENSG00000125772,ENSG00000158089,,,
ENSG00000147526,ENSG00000183444,,,
ENSG00000197405,ENSG00000114378,,,
ENSG00000182636,ENSG00000269899,,,
ENSG00000164574,ENSG00000204936,,,
ENSG00000147475,ENSG00000176920,,,
ENSG00000175602,ENSG00000243449,,,
ENSG00000243927,ENSG00000131037,,,
ENSG00000038945,ENSG00000123610,,,
ENSG00000125398,ENSG00000135604,,,
ENSG00000150540,ENSG00000263470,,,
ENSG00000217555,ENSG00000154642,,,
ENSG00000205213,ENSG00000249992,,,
ENSG00000182118,ENSG00000112290,,,
ENSG00000100522,ENSG00000064886,,,
ENSG00000172594,ENSG00000205362,,,
ENSG00000170955,ENSG00000176170,,,
ENSG00000117226,ENSG00000157570,,,
ENSG00000105519,ENSG00000106688,,,
ENSG00000077235,ENSG00000164109,,,
ENSG00000171130,ENSG00000153885,,,
ENSG00000130222,ENSG00000143942,,,
ENSG00000173706,ENSG00000186193,,,
ENSG00000151327,ENSG00000128594,,,
ENSG00000086300,ENSG00000138439,,,
ENSG00000133818,ENSG00000167641,,,
ENSG00000182240,ENSG00000229344,,,
ENSG00000157259,ENSG00000143228,,,
ENSG00000229119,ENSG00000162444,,,
ENSG00000170412,ENSG00000113739,,,
ENSG00000136854,ENSG00000103316,,,
ENSG00000137970,ENSG00000004776,,,
ENSG00000101460,ENSG00000132561,,,
ENSG00000135002,ENSG00000166923,,,
ENSG00000167315,ENSG00000165757,,,
ENSG00000057019,ENSG00000184349,,,
ENSG00000224631,ENSG00000105810,,,
ENSG00000113083,ENSG00000154040,,,
ENSG00000233461,ENSG00000260708,,,
ENSG00000180543,ENSG00000132170,,,
ENSG00000126264,ENSG00000120217,,,
ENSG00000158669,ENSG00000163536,,,
ENSG00000183160,ENSG00000012171,,,
ENSG00000003989,ENSG00000136160,,,
ENSG00000198624,ENSG00000172551,,,
ENSG00000096060,ENSG00000170271,,,
ENSG00000226137,ENSG00000135744,,,
ENSG00000163563,ENSG00000173894,,,
ENSG00000008256,ENSG00000162433,,,
ENSG00000074370,ENSG00000173269,,,
ENSG00000130005,ENSG00000031081,,,
ENSG00000133392,ENSG00000106927,,,
ENSG00000125775,ENSG00000103260,,,
ENSG00000144485,ENSG00000229644,,,
ENSG00000115641,ENSG00000144824,,,
ENSG00000132688,ENSG00000072571,,,
ENSG00000130414,ENSG00000213123,,,
ENSG00000100413,ENSG00000109881,,,
ENSG00000196636,ENSG00000138207,,,
ENSG00000227766,ENSG00000243649,,,
ENSG00000172201,ENSG00000103710,,,
ENSG00000267519,ENSG00000159640,,,
ENSG00000163629,ENSG00000216775,,,
ENSG00000204291,ENSG00000255135,,,
ENSG00000227507,ENSG00000104221,,,
ENSG00000134463,ENSG00000175182,,,
ENSG00000153714,ENSG00000099337,,,
ENSG00000131634,ENSG00000051596,,,
ENSG00000185338,ENSG00000128849,,,
ENSG00000105088,ENSG00000095209,,,
ENSG00000101412,ENSG00000133466,,,
ENSG00000101213,ENSG00000196083,,,
ENSG00000166123,ENSG00000205364,,,
ENSG00000187678,ENSG00000088836,,,
ENSG00000155792,ENSG00000145014,,,
ENSG00000115271,ENSG00000137825,,,
ENSG00000177191,ENSG00000136425,,,
ENSG00000147804,ENSG00000226328,,,
ENSG00000168679,ENSG00000125538,,,
ENSG00000137507,ENSG00000145194,,,
ENSG00000142694,ENSG00000163975,,,
ENSG00000116991,ENSG00000136943,,,
ENSG00000154079,ENSG00000168765,,,
ENSG00000157240,ENSG00000160886,,,
ENSG00000079385,ENSG00000111962,,,
ENSG00000197461,ENSG00000134317,,,
ENSG00000156804,ENSG00000178184,,,
ENSG00000172164,ENSG00000170835,,,
ENSG00000102837,ENSG00000134504,,,
ENSG00000154734,ENSG00000213757,,,
ENSG00000138593,ENSG00000134955,,,
ENSG00000168386,ENSG00000095370,,,
ENSG00000140548,ENSG00000138678,,,
ENSG00000196730,ENSG00000184702,,,
ENSG00000107984,ENSG00000182272,,,
ENSG00000115267,ENSG00000131097,,,
ENSG00000070501,ENSG00000065320,,,
ENSG00000137486,ENSG00000154102,,,
ENSG00000111077,ENSG00000152804,,,
ENSG00000145569,ENSG00000213326,,,
ENSG00000083720,ENSG00000143126,,,
ENSG00000182985,ENSG00000105173,,,
ENSG00000135679,ENSG00000198732,,,
ENSG00000164292,ENSG00000169860,,,
ENSG00000111671,ENSG00000261373,,,
ENSG00000176454,ENSG00000239213,,,
ENSG00000172602,ENSG00000084731,,,
ENSG00000167617,ENSG00000066056,,,
ENSG00000187688,ENSG00000134070,,,
ENSG00000260549,ENSG00000189129,,,
ENSG00000164023,ENSG00000119630,,,
ENSG00000204482,ENSG00000213903,,,
ENSG00000013810,ENSG00000181392,,,
ENSG00000188404,ENSG00000091129,,,
ENSG00000180530,ENSG00000135218,,,
ENSG00000142409,ENSG00000147642,,,
ENSG00000205246,ENSG00000226415,,,
ENSG00000122035,ENSG00000181804,,,
ENSG00000168040,ENSG00000137809,,,
ENSG00000101470,ENSG00000198873,,,
ENSG00000174348,ENSG00000160867,,,
ENSG00000144802,ENSG00000143382,,,
ENSG00000147883,ENSG00000198719,,,
ENSG00000170190,ENSG00000115590,,,
ENSG00000163171,ENSG00000007312,,,
ENSG00000137055,ENSG00000161267,,,
ENSG00000122641,ENSG00000104147,,,
ENSG00000137642,ENSG00000185614,,,
ENSG00000133985,ENSG00000135549,,,
ENSG00000148803,ENSG00000080573,,,
ENSG00000131979,ENSG00000175183,,,
ENSG00000112773,ENSG00000196155,,,
ENSG00000166147,ENSG00000225492,,,
ENSG00000104894,ENSG00000170915,,,
ENSG00000125144,ENSG00000158315,,,
ENSG00000188820,ENSG00000180611,,,
ENSG00000189343,ENSG00000134369,,,
ENSG00000167920,ENSG00000214290,,,
ENSG00000196187,ENSG00000091583,,,
ENSG00000114737,ENSG00000018280,,,
ENSG00000177732,ENSG00000161714,,,
ENSG00000111261,ENSG00000126803,,,
ENSG00000220842,ENSG00000112299,,,
ENSG00000171840,ENSG00000139194,,,
ENSG00000175701,ENSG00000240024,,,
ENSG00000147548,ENSG00000073605,,,
ENSG00000259976,ENSG00000163507,,,
ENSG00000100350,ENSG00000155093,,,
ENSG00000144354,ENSG00000100473,,,
ENSG00000126860,ENSG00000271303,,,
ENSG00000143110,ENSG00000158715,,,
ENSG00000185986,ENSG00000136059,,,
ENSG00000140749,ENSG00000139173,,,
ENSG00000186517,ENSG00000152377,,,
ENSG00000234614,ENSG00000124920,,,
ENSG00000212802,ENSG00000196167,,,
ENSG00000026103,ENSG00000198125,,,
ENSG00000162817,ENSG00000169418,,,
ENSG00000116132,ENSG00000105538,,,
ENSG00000158406,ENSG00000244242,,,
ENSG00000110852,ENSG00000260912,,,
ENSG00000181524,ENSG00000125966,,,
ENSG00000147862,ENSG00000127329,,,
ENSG00000185442,ENSG00000128965,,,
ENSG00000113569,ENSG00000149557,,,
ENSG00000232956,ENSG00000072832,,,
ENSG00000049759,ENSG00000124116,,,
ENSG00000167107,ENSG00000183298,,,
ENSG00000164308,ENSG00000138795,,,
ENSG00000122966,ENSG00000106089,,,
ENSG00000133816,ENSG00000138615,,,
ENSG00000152818,ENSG00000105227,,,
ENSG00000162692,ENSG00000075651,,,
ENSG00000163823,ENSG00000233429,,,
ENSG00000157110,ENSG00000171462,,,
ENSG00000172716,ENSG00000154175,,,
ENSG00000120594,ENSG00000154065,,,
ENSG00000227671,ENSG00000223573,,,
ENSG00000120159,ENSG00000128591,,,
ENSG00000174106,ENSG00000179241,,,
ENSG00000152284,ENSG00000106123,,,
ENSG00000155465,ENSG00000259802,,,
ENSG00000119922,ENSG00000103034,,,
ENSG00000241973,ENSG00000110944,,,
ENSG00000112144,ENSG00000102886,,,
ENSG00000143797,ENSG00000159899,,,
ENSG00000060982,ENSG00000010438,,,
ENSG00000151468,ENSG00000130294,,,
ENSG00000154122,ENSG00000144369,,,
ENSG00000110721,ENSG00000023839,,,
ENSG00000119514,ENSG00000114859,,,
ENSG00000133710,ENSG00000076258,,,
ENSG00000130529,ENSG00000221890,,,
ENSG00000125845,ENSG00000085741,,,
ENSG00000124126,ENSG00000229953,,,
ENSG00000167711,ENSG00000124635,,,
ENSG00000130748,ENSG00000116761,,,
ENSG00000185619,ENSG00000256940,,,
ENSG00000111666,ENSG00000166394,,,
ENSG00000182853,ENSG00000128298,,,
ENSG00000104081,ENSG00000131944,,,
ENSG00000131626,ENSG00000128268,,,
ENSG00000127399,ENSG00000163884,,,
ENSG00000159200,ENSG00000146373,,,
ENSG00000134986,ENSG00000227051,,,
ENSG00000149260,ENSG00000171444,,,
ENSG00000108950,ENSG00000198270,,,
ENSG00000026297,ENSG00000163577,,,
ENSG00000153234,ENSG00000072201,,,
ENSG00000158292,ENSG00000232415,,,
ENSG00000171310,ENSG00000197614,,,
ENSG00000213462,ENSG00000163864,,,
ENSG00000000938,ENSG00000178826,,,
ENSG00000238142,ENSG00000081052,,,
ENSG00000139193,ENSG00000157193,,,
ENSG00000171051,ENSG00000160188,,,
ENSG00000048740,ENSG00000176273,,,
ENSG00000100311,ENSG00000204421,,,
ENSG00000124006,ENSG00000182175,,,
ENSG00000107562,ENSG00000160111,,,
ENSG00000173599,ENSG00000162078,,,
ENSG00000127863,ENSG00000119508,,,
ENSG00000139350,ENSG00000174007,,,
ENSG00000142875,ENSG00000228109,,,
ENSG00000172543,ENSG00000167874,,,
ENSG00000109762,ENSG00000272502,,,
ENSG00000092929,ENSG00000198720,,,
ENSG00000214357,ENSG00000072163,,,
ENSG00000158321,ENSG00000114473,,,
ENSG00000139239,ENSG00000167771,,,
ENSG00000254682,ENSG00000064205,,,
ENSG00000177303,ENSG00000188761,,,
ENSG00000243554,ENSG00000174791,,,
ENSG00000112699,ENSG00000206190,,,
ENSG00000185950,ENSG00000169252,,,
ENSG00000228594,ENSG00000159164,,,
ENSG00000162616,ENSG00000115138,,,
ENSG00000003147,ENSG00000231663,,,
ENSG00000118257,ENSG00000105290,,,
ENSG00000136732,ENSG00000132622,,,
ENSG00000063180,ENSG00000269190,,,
ENSG00000101417,ENSG00000213366,,,
ENSG00000154930,ENSG00000154721,,,
ENSG00000183048,ENSG00000077943,,,
ENSG00000128342,ENSG00000085265,,,
ENSG00000134759,ENSG00000237883,,,
ENSG00000084072,ENSG00000204301,,,
ENSG00000138131,ENSG00000186806,,,
ENSG00000183018,ENSG00000225138,,,
ENSG00000115504,ENSG00000114200,,,
ENSG00000158050,ENSG00000004838,,,
ENSG00000131941,ENSG00000082196,,,
ENSG00000164715,ENSG00000124772,,,
ENSG00000166025,ENSG00000248890,,,
ENSG00000245694,ENSG00000138028,,,
ENSG00000253958,ENSG00000166963,,,
ENSG00000099998,ENSG00000215915,,,
ENSG00000064651,ENSG00000115657,,,
ENSG00000137266,ENSG00000136002,,,
ENSG00000198286,ENSG00000105928,,,
ENSG00000173918,ENSG00000163072,,,
ENSG00000110811,ENSG00000141294,,,
ENSG00000196177,ENSG00000141384,,,
ENSG00000159674,ENSG00000133687,,,
ENSG00000123095,ENSG00000100003,,,
ENSG00000219928,ENSG00000180834,,,
ENSG00000101265,ENSG00000106809,,,
ENSG00000104951,ENSG00000225177,,,
ENSG00000163053,ENSG00000111452,,,
ENSG00000020633,ENSG00000145335,,,
ENSG00000171812,ENSG00000163631,,,
ENSG00000242125,ENSG00000197121,,,
ENSG00000102524,ENSG00000116678,,,
ENSG00000180596,ENSG00000225808,,,
ENSG00000106992,ENSG00000168917,,,
ENSG00000160307,ENSG00000232818,,,
ENSG00000151689,ENSG00000008735,,,
ENSG00000110013,ENSG00000172264,,,
ENSG00000128284,ENSG00000186603,,,
ENSG00000033327,ENSG00000138356,,,
ENSG00000115112,ENSG00000153132,,,
ENSG00000137285,ENSG00000147536,,,
ENSG00000127603,ENSG00000178222,,,
ENSG00000137628,ENSG00000133401,,,
ENSG00000085514,ENSG00000169031,,,
ENSG00000234851,ENSG00000272894,,,
ENSG00000203724,ENSG00000185615,,,
ENSG00000164125,ENSG00000164816,,,
ENSG00000229152,ENSG00000108342,,,
ENSG00000135083,ENSG00000181409,,,
ENSG00000104213,ENSG00000092421,,,
ENSG00000145012,ENSG00000108823,,,
ENSG00000084636,ENSG00000215187,,,
ENSG00000129757,ENSG00000239556,,,
ENSG00000183049,ENSG00000184260,,,
ENSG00000196407,ENSG00000120055,,,
ENSG00000163251,ENSG00000254615,,,
ENSG00000272821,ENSG00000168477,,,
ENSG00000173898,ENSG00000078900,,,
ENSG00000183688,ENSG00000013297,,,
ENSG00000061656,ENSG00000262001,,,
ENSG00000126878,ENSG00000177076,,,
ENSG00000173221,ENSG00000232815,,,
ENSG00000213015,ENSG00000087589,,,
ENSG00000167258,ENSG00000258484,,,
ENSG00000001631,ENSG00000108830,,,
ENSG00000119535,ENSG00000146453,,,
ENSG00000161281,ENSG00000260279,,,
ENSG00000065534,ENSG00000111834,,,
ENSG00000158270,ENSG00000197191,,,
ENSG00000150281,ENSG00000272825,,,
ENSG00000082074,ENSG00000225783,,,
ENSG00000170909,ENSG00000118402,,,
ENSG00000223612,ENSG00000109794,,,
ENSG00000100385,ENSG00000157315,,,
ENSG00000117594,ENSG00000129991,,,
ENSG00000145996,ENSG00000170558,,,
ENSG00000143776,ENSG00000204815,,,
ENSG00000151498,ENSG00000196218,,,
ENSG00000188290,ENSG00000166823,,,
ENSG00000021300,ENSG00000128578,,,
ENSG00000140678,ENSG00000172794,,,
ENSG00000164674,ENSG00000104833,,,
ENSG00000052795,ENSG00000151640,,,
ENSG00000006652,ENSG00000139438,,,
ENSG00000139508,ENSG00000186994,,,
ENSG00000204632,ENSG00000164879,,,
ENSG00000148158,ENSG00000198756,,,
ENSG00000179715,ENSG00000177791,,,
ENSG00000100336,ENSG00000118004,,,
ENSG00000010327,ENSG00000272829,,,
ENSG00000180354,ENSG00000168952,,,
ENSG00000112796,ENSG00000233966,,,
ENSG00000172348,ENSG00000106258,,,
ENSG00000132434,ENSG00000176826,,,
ENSG00000214975,ENSG00000136842,,,
ENSG00000166225,ENSG00000108984,,,
ENSG00000072071,ENSG00000198598,,,
ENSG00000124104,ENSG00000154330,,,
ENSG00000163406,ENSG00000224220,,,
ENSG00000177409,ENSG00000133246,,,
ENSG00000228288,ENSG00000149527,,,
ENSG00000049089,ENSG00000255150,,,
ENSG00000166833,ENSG00000255071,,,
ENSG00000169255,ENSG00000118276,,,
ENSG00000117000,ENSG00000224945,,,
ENSG00000185585,ENSG00000108839,,,
ENSG00000122863,ENSG00000019991,,,
ENSG00000067606,ENSG00000260000,,,
ENSG00000173110,ENSG00000231327,,,
ENSG00000054277,ENSG00000244124,,,
ENSG00000100031,ENSG00000133069,,,
ENSG00000135114,ENSG00000130595,,,
ENSG00000175287,ENSG00000125430,,,
ENSG00000185090,ENSG00000128011,,,
ENSG00000163017,ENSG00000159588,,,
ENSG00000122877,ENSG00000196091,,,
ENSG00000165449,ENSG00000088340,,,
ENSG00000177685,ENSG00000138316,,,
ENSG00000155307,ENSG00000111879,,,
ENSG00000162998,ENSG00000126218,,,
ENSG00000174059,ENSG00000173641,,,
ENSG00000187091,ENSG00000149922,,,
ENSG00000188747,ENSG00000236264,,,
ENSG00000090924,ENSG00000091106,,,
ENSG00000178531,ENSG00000162004,,,
ENSG00000154856,ENSG00000206549,,,
ENSG00000169896,ENSG00000129596,,,
ENSG00000125378,ENSG00000253626,,,
ENSG00000130176,ENSG00000224861,,,
ENSG00000137936,ENSG00000264769,,,
ENSG00000088002,ENSG00000163132,,,
ENSG00000136052,ENSG00000131094,,,
ENSG00000166289,ENSG00000237575,,,
ENSG00000163568,ENSG00000112964,,,
ENSG00000134321,ENSG00000176909,,,
ENSG00000085788,ENSG00000240891,,,
ENSG00000215006,ENSG00000101307,,,
ENSG00000166582,ENSG00000240449,,,
ENSG00000198523,ENSG00000179761,,,
ENSG00000165716,ENSG00000147465,,,
ENSG00000022567,ENSG00000160469,,,
ENSG00000188483,ENSG00000134201,,,
ENSG00000163141,ENSG00000260442,,,
ENSG00000232931,ENSG00000170382,,,
ENSG00000173482,ENSG00000174326,,,
ENSG00000203668,ENSG00000186715,,,
ENSG00000255198,ENSG00000253250,,,
ENSG00000106804,ENSG00000272841,,,
ENSG00000103569,ENSG00000255836,,,
ENSG00000200534,ENSG00000213931,,,
ENSG00000168405,ENSG00000250303,,,
ENSG00000137726,ENSG00000234465,,,
ENSG00000158106,ENSG00000112139,,,
ENSG00000177337,ENSG00000272599,,,
ENSG00000163431,ENSG00000164850,,,
ENSG00000198417,ENSG00000104879,,,
ENSG00000111729,ENSG00000225889,,,
ENSG00000105270,ENSG00000111087,,,
ENSG00000145506,ENSG00000158104,,,
ENSG00000146677,ENSG00000104154,,,
ENSG00000172183,ENSG00000100604,,,
ENSG00000092208,ENSG00000215548,,,
ENSG00000180340,ENSG00000146054,,,
ENSG00000127334,ENSG00000140057,,,
ENSG00000153162,ENSG00000261534,,,
ENSG00000171522,ENSG00000064692,,,
ENSG00000261221,ENSG00000105479,,,
ENSG00000143850,ENSG00000107954,,,
ENSG00000235501,ENSG00000188659,,,
ENSG00000162639,ENSG00000163959,,,
ENSG00000168234,ENSG00000137960,,,
ENSG00000241106,ENSG00000174871,,,
ENSG00000164976,ENSG00000172426,,,
ENSG00000260231,ENSG00000170214,,,
ENSG00000250742,ENSG00000236200,,,
ENSG00000168062,ENSG00000233554,,,
ENSG00000123106,ENSG00000230537,,,
ENSG00000197892,ENSG00000162148,,,
ENSG00000222041,ENSG00000116194,,,
ENSG00000165434,ENSG00000243368,,,
ENSG00000230795,ENSG00000232774,,,
ENSG00000091972,ENSG00000034971,,,
ENSG00000014914,ENSG00000132692,,,
ENSG00000154217,ENSG00000183682,,,
ENSG00000197822,ENSG00000235978,,,
ENSG00000155926,ENSG00000255201,,,
ENSG00000152229,ENSG00000267291,,,
ENSG00000173762,ENSG00000134245,,,
ENSG00000155850,ENSG00000111215,,,
ENSG00000119714,ENSG00000165046,,,
ENSG00000086619,ENSG00000066230,,,
ENSG00000168785,ENSG00000237846,,,
ENSG00000235109,ENSG00000173114,,,
ENSG00000115523,ENSG00000228314,,,
ENSG00000166250,ENSG00000236360,,,
ENSG00000139278,ENSG00000219529,,,
ENSG00000127314,ENSG00000087250,,,
ENSG00000123836,ENSG00000255443,,,
ENSG00000104332,ENSG00000126233,,,
ENSG00000109685,ENSG00000131409,,,
ENSG00000123342,ENSG00000227117,,,
ENSG00000135363,ENSG00000225614,,,
ENSG00000070190,ENSG00000177335,,,
ENSG00000120833,ENSG00000112276,,,
ENSG00000160883,ENSG00000139344,,,
ENSG00000136869,ENSG00000225792,,,
ENSG00000134278,ENSG00000171217,,,
ENSG00000177042,ENSG00000241556,,,
ENSG00000134508,ENSG00000144218,,,
ENSG00000149328,ENSG00000160401,,,
ENSG00000163701,ENSG00000132639,,,
ENSG00000250786,ENSG00000124701,,,
ENSG00000214389,ENSG00000148219,,,
ENSG00000104427,ENSG00000010282,,,
ENSG00000161277,ENSG00000140459,,,
ENSG00000095303,ENSG00000272512,,,
ENSG00000184730,ENSG00000198003,,,
ENSG00000204789,ENSG00000198300,,,
ENSG00000166086,ENSG00000130518,,,
ENSG00000256229,ENSG00000246985,,,
ENSG00000172005,ENSG00000260196,,,
ENSG00000135074,ENSG00000006128,,,
ENSG00000166816,ENSG00000198576,,,
ENSG00000054598,ENSG00000261159,,,
ENSG00000113532,ENSG00000231346,,,
ENSG00000137198,ENSG00000188672,,,
ENSG00000154553,ENSG00000228037,,,
ENSG00000247134,ENSG00000273243,,,
ENSG00000169515,ENSG00000118729,,,
ENSG00000259943,ENSG00000182575,,,
ENSG00000145545,ENSG00000108309,,,
ENSG00000129003,ENSG00000235272,,,
ENSG00000166922,ENSG00000231609,,,
ENSG00000239467,ENSG00000266903,,,
ENSG00000134152,ENSG00000132837,,,
ENSG00000138623,ENSG00000167371,,,
ENSG00000101104,ENSG00000268756,,,
ENSG00000102743,ENSG00000245146,,,
ENSG00000169129,ENSG00000169752,,,
ENSG00000184254,ENSG00000232504,,,
ENSG00000106415,ENSG00000139200,,,
ENSG00000158246,ENSG00000267607,,,
ENSG00000143412,ENSG00000100505,,,
ENSG00000166532,ENSG00000104899,,,
ENSG00000165171,ENSG00000231443,,,
ENSG00000198794,ENSG00000183773,,,
ENSG00000183486,ENSG00000140932,,,
ENSG00000079215,ENSG00000233098,,,
ENSG00000233493,ENSG00000249790,,,
ENSG00000255769,ENSG00000232803,,,
ENSG00000173546,ENSG00000078814,,,
ENSG00000213949,ENSG00000109771,,,
ENSG00000257698,ENSG00000165887,,,
ENSG00000099864,ENSG00000166246,,,
ENSG00000172890,ENSG00000250159,,,
ENSG00000188002,ENSG00000177453,,,
ENSG00000137959,ENSG00000188211,,,
ENSG00000171766,ENSG00000231305,,,
ENSG00000182013,ENSG00000042062,,,
ENSG00000111110,ENSG00000167549,,,
ENSG00000161835,ENSG00000165646,,,
ENSG00000167191,ENSG00000018625,,,
ENSG00000139116,ENSG00000156042,,,
ENSG00000111961,ENSG00000083454,,,
ENSG00000241399,ENSG00000169605,,,
ENSG00000171045,ENSG00000215481,,,
ENSG00000119938,ENSG00000235897,,,
ENSG00000102934,ENSG00000188573,,,
ENSG00000135094,ENSG00000249684,,,
ENSG00000162174,ENSG00000160117,,,
ENSG00000196549,ENSG00000117477,,,
ENSG00000177283,ENSG00000182600,,,
ENSG00000239569,ENSG00000120937,,,
ENSG00000253570,ENSG00000272663,,,
ENSG00000005249,ENSG00000246174,,,
ENSG00000178429,ENSG00000160282,,,
ENSG00000139233,ENSG00000173868,,,
ENSG00000124406,ENSG00000260261,,,
ENSG00000179922,ENSG00000273108,,,
ENSG00000102981,ENSG00000183570,,,
ENSG00000138640,ENSG00000204380,,,
ENSG00000127914,ENSG00000263235,,,
ENSG00000102802,ENSG00000241081,,,
ENSG00000236199,ENSG00000255823,,,
ENSG00000115526,ENSG00000230212,,,
ENSG00000162878,ENSG00000260807,,,
ENSG00000104369,ENSG00000233885,,,
ENSG00000096968,ENSG00000239218,,,
ENSG00000131459,ENSG00000253829,,,
ENSG00000175893,ENSG00000214872,,,
ENSG00000176387,ENSG00000170482,,,
ENSG00000152926,ENSG00000265451,,,
ENSG00000205189,ENSG00000253641,,,
ENSG00000234797,ENSG00000264569,,,
ENSG00000269981,ENSG00000172867,,,
ENSG00000247095,ENSG00000254997,,,
ENSG00000232442,ENSG00000240747,,,
ENSG00000228502,ENSG00000236047,,,
ENSG00000076641,ENSG00000238186,,,
ENSG00000127980,ENSG00000172232,,,
ENSG00000147854,ENSG00000110076,,,
ENSG00000173727,ENSG00000135447,,,
ENSG00000181826,ENSG00000158516,,,
ENSG00000188060,ENSG00000230847,,,
ENSG00000186907,ENSG00000166682,,,
ENSG00000181031,ENSG00000167723,,,
ENSG00000144199,ENSG00000181322,,,
ENSG00000142512,ENSG00000117425,,,
ENSG00000115425,ENSG00000172179,,,
ENSG00000164638,ENSG00000153157,,,
ENSG00000257702,ENSG00000099338,,,
ENSG00000198542,ENSG00000204790,,,
ENSG00000065802,ENSG00000175003,,,
ENSG00000185559,ENSG00000235078,,,
ENSG00000147894,ENSG00000268942,,,
ENSG00000125657,ENSG00000189423,,,
ENSG00000127328,ENSG00000224126,,,
ENSG00000154760,ENSG00000180574,,,
ENSG00000225573,ENSG00000272128,,,
ENSG00000106610,ENSG00000155749,,,
ENSG00000197646,ENSG00000196656,,,
ENSG00000233622,ENSG00000259755,,,
ENSG00000154153,ENSG00000149201,,,
ENSG00000164929,ENSG00000229107,,,
ENSG00000198846,ENSG00000156150,,,
ENSG00000169696,ENSG00000111245,,,
ENSG00000203778,ENSG00000231628,,,
ENSG00000113448,ENSG00000264924,,,
ENSG00000168646,ENSG00000169085,,,
ENSG00000080493,ENSG00000259098,,,
ENSG00000081181,ENSG00000179698,,,
ENSG00000218891,ENSG00000267226,,,
ENSG00000124602,ENSG00000239332,,,
ENSG00000135643,ENSG00000224903,,,
ENSG00000057294,ENSG00000126500,,,
ENSG00000163710,ENSG00000175206,,,
ENSG00000100033,ENSG00000266373,,,
ENSG00000092969,ENSG00000260246,,,
ENSG00000146122,ENSG00000271787,,,
ENSG00000235169,ENSG00000174827,,,
ENSG00000205517,ENSG00000171195,,,
ENSG00000137501,ENSG00000184524,,,
ENSG00000256594,ENSG00000223609,,,
ENSG00000101230,ENSG00000224789,,,
ENSG00000178878,ENSG00000205863,,,
ENSG00000224769,ENSG00000172247,,,
ENSG00000184588,ENSG00000198156,,,
ENSG00000197540,ENSG00000255750,,,
ENSG00000226332,ENSG00000260518,,,
ENSG00000145819,ENSG00000171772,,,
ENSG00000215788,ENSG00000129170,,,
ENSG00000134339,ENSG00000255725,,,
ENSG00000213178,ENSG00000203876,,,
ENSG00000174939,ENSG00000237611,,,
ENSG00000090376,,,,
ENSG00000162755,,,,
ENSG00000232677,,,,
ENSG00000096872,,,,
ENSG00000170522,,,,
ENSG00000256338,,,,
ENSG00000175265,,,,
ENSG00000126353,,,,
ENSG00000111186,,,,
ENSG00000114857,,,,
ENSG00000008311,,,,
ENSG00000100918,,,,
ENSG00000162601,,,,
ENSG00000166073,,,,
ENSG00000160326,,,,
ENSG00000187210,,,,
ENSG00000166780,,,,
ENSG00000178715,,,,
ENSG00000179954,,,,
ENSG00000185252,,,,
ENSG00000204622,,,,
ENSG00000254909,,,,
ENSG00000105339,,,,
ENSG00000154229,,,,
ENSG00000187116,,,,
ENSG00000159763,,,,
ENSG00000101187,,,,
ENSG00000188015,,,,
ENSG00000127989,,,,
ENSG00000163686,,,,
ENSG00000112303,,,,
ENSG00000145358,,,,
ENSG00000230330,,,,
ENSG00000171791,,,,
ENSG00000136999,,,,
ENSG00000100234,,,,
ENSG00000134121,,,,
ENSG00000069702,,,,
ENSG00000145703,,,,
ENSG00000101194,,,,
ENSG00000133216,,,,
ENSG00000179943,,,,
ENSG00000171033,,,,
ENSG00000186998,,,,
ENSG00000200090,,,,
ENSG00000164002,,,,
ENSG00000164867,,,,
ENSG00000263335,,,,
ENSG00000047578,,,,
ENSG00000136457,,,,
ENSG00000113296,,,,
ENSG00000142494,,,,
ENSG00000226525,,,,
ENSG00000225217,,,,
ENSG00000147459,,,,
ENSG00000220749,,,,
ENSG00000234975,,,,
ENSG00000089692,,,,
ENSG00000253716,,,,
ENSG00000163734,,,,
ENSG00000185100,,,,
ENSG00000033867,,,,
ENSG00000214485,,,,
ENSG00000128606,,,,
ENSG00000077157,,,,
ENSG00000056736,,,,
ENSG00000186205,,,,
ENSG00000115919,,,,
ENSG00000165617,,,,
ENSG00000141854,,,,
ENSG00000104728,,,,
ENSG00000154309,,,,
ENSG00000176428,,,,
ENSG00000173559,,,,
ENSG00000238072,,,,
ENSG00000225490,,,,
ENSG00000116017,,,,
ENSG00000181315,,,,
ENSG00000178750,,,,
ENSG00000166016,,,,
ENSG00000143882,,,,
ENSG00000124813,,,,
ENSG00000235241,,,,
ENSG00000117115,,,,
ENSG00000170962,,,,
ENSG00000089199,,,,
ENSG00000100285,,,,
ENSG00000260563,,,,
ENSG00000214401,,,,
ENSG00000109743,,,,
ENSG00000095539,,,,
ENSG00000142530,,,,
ENSG00000157368,,,,
ENSG00000108515,,,,
ENSG00000164761,,,,
ENSG00000267751,,,,
ENSG00000128045,,,,
ENSG00000224543,,,,
ENSG00000179388,,,,
ENSG00000138735,,,,
ENSG00000223551,,,,
ENSG00000160345,,,,
ENSG00000105246,,,,
ENSG00000127585,,,,
ENSG00000102908,,,,
ENSG00000260552,,,,
ENSG00000087303,,,,
ENSG00000149716,,,,
ENSG00000104093,,,,
ENSG00000168350,,,,
ENSG00000230082,,,,
ENSG00000169554,,,,
ENSG00000135931,,,,
ENSG00000224389,,,,
ENSG00000213085,,,,
ENSG00000201302,,,,
ENSG00000238279,,,,
ENSG00000267523,,,,
ENSG00000228078,,,,
ENSG00000270761,,,,
ENSG00000092607,,,,
ENSG00000267475,,,,
ENSG00000258469,,,,
ENSG00000215861,,,,
ENSG00000153531,,,,
ENSG00000102878,,,,
ENSG00000103269,,,,
ENSG00000185015,,,,
ENSG00000253520,,,,
ENSG00000104447,,,,
ENSG00000224114,,,,
ENSG00000007516,,,,
ENSG00000080200,,,,
ENSG00000238045,,,,
ENSG00000239246,,,,
ENSG00000128203,,,,
ENSG00000130475,,,,
ENSG00000239911,,,,
ENSG00000257027,,,,
ENSG00000230551,,,,
ENSG00000244731,,,,
ENSG00000204060,,,,
ENSG00000130598,,,,
ENSG00000154556,,,,
ENSG00000259933,,,,
ENSG00000167103,,,,
ENSG00000179979,,,,
ENSG00000136114,,,,
ENSG00000170684,,,,
ENSG00000105376,,,,
ENSG00000169385,,,,
ENSG00000172687,,,,
ENSG00000166770,,,,
ENSG00000162747,,,,
ENSG00000166831,,,,
ENSG00000111012,,,,
ENSG00000249007,,,,
ENSG00000244119,,,,
ENSG00000108187,,,,
ENSG00000266714,,,,
ENSG00000231721,,,,
ENSG00000088305,,,,
ENSG00000178821,,,,
ENSG00000270157,,,,
ENSG00000230953,,,,
ENSG00000197165,,,,
ENSG00000183044,,,,
ENSG00000172403,,,,
ENSG00000068024,,,,
ENSG00000062524,,,,
ENSG00000237440,,,,
ENSG00000131018,,,,
ENSG00000163485,,,,
ENSG00000152527,,,,
ENSG00000231245,,,,
ENSG00000172361,,,,
ENSG00000273179,,,,
ENSG00000128815,,,,
ENSG00000170509,,,,
ENSG00000199477,,,,
ENSG00000259366,,,,
ENSG00000212283,,,,
ENSG00000163661,,,,
ENSG00000154240,,,,
ENSG00000188206,,,,
ENSG00000135205,,,,
ENSG00000234478,,,,
ENSG00000162924,,,,
ENSG00000240970,,,,
ENSG00000131773,,,,
ENSG00000242375,,,,
ENSG00000187260,,,,
ENSG00000159958,,,,
ENSG00000214578,,,,
ENSG00000250616,,,,
ENSG00000189184,,,,
ENSG00000185834,,,,
ENSG00000263740,,,,
ENSG00000137434,,,,
ENSG00000215769,,,,
ENSG00000268362,,,,
ENSG00000204444,,,,
ENSG00000164764,,,,
ENSG00000134775,,,,
ENSG00000246451,,,,
ENSG00000169684,,,,
ENSG00000150636,,,,
ENSG00000260920,,,,
ENSG00000168993,,,,
ENSG00000186281,,,,
ENSG00000204983,,,,
ENSG00000229097,,,,
ENSG00000172828,,,,
ENSG00000235681,,,,
ENSG00000123191,,,,
ENSG00000012124,,,,
ENSG00000183628,,,,
ENSG00000261824,,,,
ENSG00000085382,,,,
ENSG00000213025,,,,
ENSG00000139537,,,,
ENSG00000232810,,,,
ENSG00000204556,,,,
ENSG00000085465,,,,
ENSG00000197208,,,,
ENSG00000092758,,,,
ENSG00000169635,,,,
ENSG00000272668,,,,
ENSG00000128000,,,,
ENSG00000156968,,,,
ENSG00000128266,,,,
ENSG00000139970,,,,
ENSG00000121690,,,,
ENSG00000228623,,,,
ENSG00000237476,,,,
ENSG00000196436,,,,
ENSG00000257815,,,,
ENSG00000165071,,,,
ENSG00000188171,,,,
ENSG00000249119,,,,
ENSG00000181350,,,,
ENSG00000142178,,,,
ENSG00000254893,,,,
ENSG00000169122,,,,
ENSG00000254815,,,,
ENSG00000173175,,,,
ENSG00000187801,,,,
ENSG00000140807,,,,
ENSG00000108932,,,,
ENSG00000048052,,,,
ENSG00000080007,,,,
ENSG00000228477,,,,
ENSG00000188763,,,,
ENSG00000127561,,,,
ENSG00000243422,,,,
ENSG00000182109,,,,
ENSG00000219747,,,,
ENSG00000168913,,,,
ENSG00000266916,,,,
ENSG00000111052,,,,
ENSG00000169962,,,,
ENSG00000152154,,,,
ENSG00000259207,,,,
ENSG00000135547,,,,
ENSG00000273373,,,,
ENSG00000091844,,,,
ENSG00000147576,,,,
ENSG00000126861,,,,
ENSG00000140465,,,,
ENSG00000139174,,,,
ENSG00000186301,,,,
ENSG00000224858,,,,
ENSG00000156427,,,,
ENSG00000265791,,,,
ENSG00000267194,,,,
ENSG00000196074,,,,
ENSG00000223374,,,,
ENSG00000169169,,,,
ENSG00000101670,,,,
ENSG00000259884,,,,
ENSG00000254122,,,,
ENSG00000146592,,,,
ENSG00000141576,,,,
ENSG00000262877,,,,
ENSG00000249592,,,,
ENSG00000213362,,,,
ENSG00000213988,,,,
ENSG00000163464,,,,
ENSG00000229689,,,,
ENSG00000259820,,,,
ENSG00000269246,,,,
ENSG00000169313,,,,
ENSG00000203685,,,,
ENSG00000272842,,,,
ENSG00000272807,,,,
ENSG00000160097,,,,
ENSG00000144426,,,,
ENSG00000116675,,,,
ENSG00000272468,,,,
ENSG00000260317,,,,
ENSG00000241547,,,,
ENSG00000262372,,,,
ENSG00000130653,,,,
ENSG00000273055,,,,
ENSG00000124097,,,,
ENSG00000106772,,,,
ENSG00000273284,,,,
ENSG00000270006,,,,
ENSG00000233799,,,,
ENSG00000138100,,,,
ENSG00000145248,,,,
ENSG00000161551,,,,
ENSG00000173531,,,,
ENSG00000100197,,,,
ENSG00000261762,,,,
ENSG00000262482,,,,
ENSG00000235957,,,,
ENSG00000112320,,,,
ENSG00000269976,,,,
ENSG00000268521,,,,
ENSG00000148200,,,,
ENSG00000261326,,,,
ENSG00000185495,,,,
ENSG00000105737,,,,
ENSG00000180914,,,,
ENSG00000050767,,,,
ENSG00000100156,,,,
ENSG00000243970,,,,
ENSG00000269235,,,,
ENSG00000104435,,,,
ENSG00000272588,,,,
ENSG00000066923,,,,
ENSG00000253846,,,,
ENSG00000213420,,,,
ENSG00000233695,,,,
ENSG00000104888,,,,
ENSG00000262539,,,,
ENSG00000256633,,,,
ENSG00000105697,,,,
ENSG00000196724,,,,
ENSG00000063438,,,,
ENSG00000257831,,,,
ENSG00000086967,,,,
ENSG00000184185,,,,
ENSG00000176402,,,,
ENSG00000178665,,,,
ENSG00000262663,,,,
ENSG00000107614,,,,
ENSG00000202058,,,,
ENSG00000168280,,,,
ENSG00000131730,,,,
ENSG00000234290,,,,
ENSG00000242477,,,,
ENSG00000058404,,,,
ENSG00000249908,,,,
ENSG00000271631,,,,
ENSG00000253392,,,,
ENSG00000069696,,,,
ENSG00000078053,,,,
ENSG00000253364,,,,
ENSG00000124507,,,,
ENSG00000242198,,,,
ENSG00000225978,,,,
ENSG00000231119,,,,
ENSG00000099822,,,,
ENSG00000214223,,,,
ENSG00000269227,,,,
ENSG00000225093,,,,
ENSG00000258168,,,,
ENSG00000101405,,,,
ENSG00000246982,,,,
ENSG00000170011,,,,
ENSG00000184451,,,,
ENSG00000254281,,,,
ENSG00000204248,,,,
ENSG00000130528,,,,
ENSG00000170290,,,,
ENSG00000272899,,,,
ENSG00000235609,,,,
ENSG00000259799,,,,
ENSG00000260001,,,,
ENSG00000271857,,,,
ENSG00000143632,,,,
ENSG00000118194,,,,
ENSG00000251188,,,,
ENSG00000273340,,,,
ENSG00000005513,,,,
ENSG00000154262,,,,
ENSG00000227201,,,,
ENSG00000197291,,,,
ENSG00000145075,,,,
ENSG00000256377,,,,
ENSG00000235772,,,,
ENSG00000155980,,,,
ENSG00000138336,,,,
ENSG00000231851,,,,
ENSG00000173991,,,,
ENSG00000253305,,,,
ENSG00000101605,,,,
ENSG00000149927,,,,
ENSG00000261584,,,,
ENSG00000029534,,,,
ENSG00000228509,,,,
ENSG00000196421,,,,
ENSG00000005961,,,,
ENSG00000261377,,,,
ENSG00000204055,,,,
ENSG00000255843,,,,
ENSG00000254363,,,,
ENSG00000239474,,,,
ENSG00000184226,,,,
ENSG00000233967,,,,
ENSG00000120088,,,,
ENSG00000257818,,,,
ENSG00000137392,,,,
ENSG00000175646,,,,
ENSG00000092054,,,,
ENSG00000156885,,,,
ENSG00000266002,,,,
ENSG00000109061,,,,
ENSG00000168530,,,,
ENSG00000172016,,,,
