i_doc,doc,Topic 1,Topic 2,Topic 3,Topic 4,Topic 5
0,dc0ce32f-d5aa-489f-ba4b-e01443815121.FPKM.txt.gz,0.390692030286,0.477140269018,0.0925498641235,0.0396178365722,0.0
1,2b33014e-c7ff-41aa-82bf-3121756639ad.FPKM.txt.gz,0.224745740541,0.739183753556,0.00434939010432,0.0317047647078,1.63510906177e-05
2,397e302e-393e-4f54-b360-fcffe394271e.FPKM.txt.gz,0.498794925444,0.414863469026,0.0757210583468,0.0106205471833,0.0
3,037b5a94-487e-4f5b-90a3-d696eb4a8a3e.FPKM.txt.gz,0.496175480713,0.477229400551,0.0160512132552,0.0105439054814,0.0
4,5e010a9a-7f65-434b-ae4c-43948461187c.FPKM.txt.gz,0.380284665129,0.528401520814,0.0900139732883,0.00128359275989,1.62480096188e-05
5,ae59d924-06ec-428d-b470-e78ed92c5e36.FPKM.txt.gz,0.302677006888,0.556064470237,0.00340047537258,0.134006488662,0.00385155884037
6,2b2b6341-1f6d-4acc-8a67-0ba8ab051ee8.FPKM.txt.gz,0.235555398464,0.598013572741,0.164899382629,0.00153164616617,0.0
7,87d1452e-8ec6-4c75-a03b-361738c728c0.FPKM.txt.gz,0.354444148008,0.307693886346,0.335029860242,0.00283210540358,0.0
8,5d420937-4d97-4f04-9ce9-754054261d97.FPKM.txt.gz,0.457543223648,0.476505856107,0.0602574828035,0.0056934374419,0.0
9,c622f68c-e37c-45ee-a266-ae704629f0f6.FPKM.txt.gz,0.353431832143,0.522954317675,0.0146778313019,0.108758203744,0.000177815136918
10,4ed9b51a-78a1-48c7-90bd-8ecd2e5767ad.FPKM.txt.gz,0.548228795152,0.429460191467,0.0106996326191,0.0116113807621,0.0
11,20a96363-a968-445a-bd9a-96b27e403516.FPKM.txt.gz,0.368267607795,0.607658602288,0.0188737148995,0.00520007501748,0.0
12,5f5460db-801d-4d87-ac5c-4b28ab42d8b9.FPKM.txt.gz,0.200019522035,0.540597699653,0.00494558232605,0.248369096618,0.00606809936716
13,314b3b08-27e7-4936-a7d9-2dce4e4d3db7.FPKM.txt.gz,0.334716145788,0.625664534347,0.0372662146381,0.00235310522738,0.0
14,47b14505-ca81-4d39-8eca-0cb773f8934e.FPKM.txt.gz,0.442100510968,0.532535757526,0.0189407153557,0.00642301614988,0.0
15,fddb387d-716e-48ca-9e99-483564c5384b.FPKM.txt.gz,0.414170732209,0.492126227382,0.0863541859651,0.00734885444328,0.0
16,83053f28-d761-4d5a-acd6-855cb22e46e2.FPKM.txt.gz,0.36516351939,0.6054089474,0.0245428009769,0.00488473223328,0.0
17,1b3deeeb-5fde-4154-a57f-bb575ccfb2be.FPKM.txt.gz,0.578079562638,0.353088286612,0.0581889031057,0.0106432476445,0.0
18,eb3fc2fd-468c-42b4-bffe-700011c0a918.FPKM.txt.gz,0.248541046363,0.577133134836,0.0130157379838,0.146609953211,0.0147001276053
19,b0a26c8d-9863-4352-8abe-dde66bdb8e55.FPKM.txt.gz,0.500899858594,0.45320735313,0.0331983545443,0.0126944337318,0.0
20,dc674030-76f0-412d-8491-586a928803fb.FPKM.txt.gz,0.468223647055,0.443872296601,0.004567954553,0.0816085844324,0.00172751735823
21,b30ff193-2e02-443a-9a87-7ab4027bccaf.FPKM.txt.gz,0.371227282009,0.476434551766,0.147886461099,0.00445170512559,0.0
22,23e87533-2220-4b0d-b3e2-43707cb25858.FPKM.txt.gz,0.392588303416,0.593731905038,0.00490373480023,0.00875796178344,1.80949623625e-05
23,f387829d-a128-4eda-9d8a-10d63bb1ee9c.FPKM.txt.gz,0.497036649671,0.46204296858,0.0126596069203,0.028260774829,0.0
24,5774022a-7bf2-4fdd-a4a5-f9aa33c2174d.FPKM.txt.gz,0.255152904676,0.608379244659,0.134734056508,0.00172238761706,1.14065405103e-05
25,18ec943b-2068-467c-82df-07c60f4ed200.FPKM.txt.gz,0.411628710372,0.468044962929,0.0112673062103,0.0858866360182,0.0231723844703
26,d20acb1e-7d44-4a0f-9ad4-2cc39c8fb151.FPKM.txt.gz,0.44177852349,0.533536073826,0.00551593959732,0.0191065436242,6.29194630872e-05
27,430d5203-9a93-4e33-94fa-aa4e0970989c.FPKM.txt.gz,0.251610004493,0.613868503819,0.00194698217762,0.12754230942,0.00503220008986
28,e78e2bc9-95d1-4ee7-a42f-c548715ca6f7.FPKM.txt.gz,0.263804325005,0.471572538316,0.00113373923997,0.26332143607,0.000167961368885
29,ac3052a6-d735-4755-9145-80b9f633c838.FPKM.txt.gz,0.517155110793,0.452287348106,0.00388670478914,0.0266484989278,2.23373838456e-05
30,60f8b5a7-a7da-4dd6-88d0-97dbf4c3c269.FPKM.txt.gz,0.32102552231,0.351828809538,0.299583309219,0.0275623589328,0.0
31,60a2aca4-1635-4343-81cd-9d7f68d3c395.FPKM.txt.gz,0.321722309998,0.583730785701,0.00366197599043,0.0901466266999,0.000738301610974
32,55adf423-02a4-425b-b57d-2d804a96320d.FPKM.txt.gz,0.512391530719,0.458266805507,0.0164757607312,0.0128427629295,2.31401133866e-05
33,7ea958f2-f45d-4549-9d45-07c51eebae99.FPKM.txt.gz,0.532697853013,0.40075600245,0.0131329279407,0.0534132165962,0.0
34,cfd41bd1-a69c-470a-be0a-885732277544.FPKM.txt.gz,0.512407395614,0.432422679318,0.0348977902312,0.0202721348362,0.0
35,2c4641bd-928f-4fa2-9931-3351955c2396.FPKM.txt.gz,0.328003473533,0.650456845126,0.0185003398022,0.00302046364117,1.88778977573e-05
36,d38d30c2-78fe-4e5f-a94b-56080bf4371a.FPKM.txt.gz,0.503920415564,0.466578457316,0.0167107713418,0.0127903557777,0.0
37,f0051b3a-479d-4410-ab85-270618818492.FPKM.txt.gz,0.472663890466,0.464335289293,0.034576313963,0.028424506278,0.0
38,04c8f4a3-77c8-4085-ae46-ae66ab486c08.FPKM.txt.gz,0.425634271708,0.369661051053,0.197717170609,0.00698750663081,0.0
39,f5abf3ae-a7bd-4606-bd9a-2633a82eb65c.FPKM.txt.gz,0.47155042442,0.387162064479,0.127677151531,0.0136103595696,0.0
40,c962af41-67e1-4e18-9d59-cee591ef98f9.FPKM.txt.gz,0.306607142857,0.553839285714,0.138988095238,0.000550595238095,1.4880952381e-05
41,73912113-540a-41bd-ada5-4f427592dfee.FPKM.txt.gz,0.332799839952,0.555923920033,0.109532859858,0.00162906014662,0.000114320010289
42,430d6c41-8efd-4e14-9876-5901e770f74d.FPKM.txt.gz,0.623410478128,0.326456002035,0.0117942522889,0.0383392675483,0.0
43,f9deb5e8-3a97-4eba-8b67-c71068a1bc93.FPKM.txt.gz,0.490214513695,0.492441299453,0.00111339287923,0.0155380161813,0.000692777791523
44,3d936a71-67c1-4173-82a4-12a667bcf3e9.FPKM.txt.gz,0.458243423986,0.511475702185,0.0153009362461,0.0148907712885,8.91662951404e-05
45,1477e0a8-d5fb-4572-8caa-c6f2d1786402.FPKM.txt.gz,0.441974335885,0.517090649857,0.0246885787183,0.0162464355395,0.0
46,8cd200d8-da0a-4176-8665-d527343c7264.FPKM.txt.gz,0.391981289676,0.581824256599,0.0177302594944,0.00846419423098,0.0
47,433237bf-1db2-4d5b-98f8-2e1c5796c65f.FPKM.txt.gz,0.360939615287,0.535860396614,0.0230292030527,0.0799476338535,0.000223151192371
48,7b39751b-6e15-416c-b879-42c76270e133.FPKM.txt.gz,0.369225614608,0.446287222013,0.00446035934163,0.166017506387,0.0140092976505
49,69f590a7-8b7d-46e4-9a90-a1a3d59771f9.FPKM.txt.gz,0.352928324861,0.537206694146,0.108233683383,0.00163129760986,0.0
50,bfcc0178-87a0-481d-b694-eb429fdfbaf4.FPKM.txt.gz,0.286084038618,0.610293528179,0.0998660054743,0.00374497520529,1.14525235636e-05
51,5230a3f7-5cec-4a22-a2d8-600d0f6b0d2f.FPKM.txt.gz,0.367621975221,0.547374932054,0.000749751644768,0.0842345972896,1.87437911192e-05
52,ed610a8d-576a-4f6a-8259-01f9dd48b9d4.FPKM.txt.gz,0.49654798585,0.447164213169,0.0522081478946,0.00407965308684,0.0
53,1a0ba473-dd46-4a74-af37-784643492999.FPKM.txt.gz,0.474147609762,0.4780180819,0.00747503397743,0.0392660875731,0.00109318678721
54,fab01c26-ff5b-4db5-bb5f-5b17847ca2b5.FPKM.txt.gz,0.468224098594,0.445564634075,0.0084436730953,0.0758955558589,0.00187203837679
55,d14e0a59-4f3a-4d92-9a54-82925bd470aa.FPKM.txt.gz,0.494111326026,0.486417365141,0.00829572318934,0.0111755856437,0.0
56,43b83f4b-dea9-4821-902b-d600fe8c03e7.FPKM.txt.gz,0.27890630038,0.54237871069,0.00191311450743,0.16919240773,0.00760946669246
57,3be615b7-aa41-47c4-852d-a5423cd03188.FPKM.txt.gz,0.417682787596,0.510343882724,0.0580673151573,0.0136776727406,0.000228341781979
58,5d6d057e-dd3f-4a85-8bf1-74d5069c7d9d.FPKM.txt.gz,0.294243277352,0.644063683138,0.058020256933,0.00367278257774,0.0
59,276b725d-0218-4fdd-896e-c727cc7de8e2.FPKM.txt.gz,0.48826749268,0.450481605635,0.000700131539865,0.0575592990198,0.00299147112488
60,7fe42315-1c0a-46cd-9b38-c09841337a96.FPKM.txt.gz,0.262949562975,0.591327554091,0.00351053159478,0.142194440464,1.79108754836e-05
61,7352c749-5f16-4c5d-bab8-740dac7a5c0d.FPKM.txt.gz,0.245622437068,0.535155197701,0.000419048759316,0.211709419617,0.00709389685414
62,b0546d5c-875e-4086-9155-7ac41b92ba52.FPKM.txt.gz,0.306751365965,0.550337473768,0.0064658839544,0.136388558032,5.67182803017e-05
63,2d0ce6d3-9a09-46ba-9c91-bd4f3764e490.FPKM.txt.gz,0.390402342231,0.585603513347,0.0152565246232,0.00873761979917,0.0
64,6261ea0e-e248-4620-ac4c-b90ffc580938.FPKM.txt.gz,0.335771806729,0.462366448732,0.000797321001435,0.197057885505,0.00400653803221
65,b08b8095-f54b-4649-ae13-cfdac7c7c5f2.FPKM.txt.gz,0.515040592508,0.463794331292,0.0129041447087,0.00826093149124,0.0
66,4938e83e-4ff0-4880-bc31-aa52e3a68ec2.FPKM.txt.gz,0.241598038749,0.546234588471,0.209465892322,0.00270148045889,0.0
67,79caf319-b6a9-4e02-aede-444242d215d4.FPKM.txt.gz,0.446990506482,0.419762902993,0.118500313238,0.0147462772878,0.0
68,e24662bd-3b02-4762-b306-75f98b700375.FPKM.txt.gz,0.301790872328,0.671773541306,0.0202657423455,0.00614673599076,2.31080300404e-05
69,944c109e-c6eb-4073-bac9-541585602d59.FPKM.txt.gz,0.460272958104,0.465483495556,0.0563372831147,0.017879813796,2.64494286923e-05
70,96978a72-9b98-4238-abab-cbf1c41bf5f8.FPKM.txt.gz,0.303725346969,0.511200389579,0.000779157535914,0.180034088142,0.00426101777453
71,9a07164a-711f-460d-a2cb-43651c85bcde.FPKM.txt.gz,0.330128983185,0.593824343351,0.0684403877587,0.00760628570504,0.0
72,b2bd3b9d-2380-47bb-a13d-a4e7a00d6740.FPKM.txt.gz,0.452575043888,0.487407227157,0.0419063841621,0.0181113447934,0.0
73,113872f7-02c9-4a3f-9af6-fd70130c458a.FPKM.txt.gz,0.350721153846,0.491937869822,0.00373520710059,0.153420857988,0.000184911242604
74,9c62a984-f89a-4838-af13-786468b293c1.FPKM.txt.gz,0.426645100877,0.537311654039,0.0205669532647,0.0154592661956,1.70256235635e-05
75,7d6848a5-7dfc-4494-9095-4e89fea1aee5.FPKM.txt.gz,0.270965820501,0.496557523519,0.00408191867697,0.189870534854,0.0385242024492
76,2fa4738b-04ba-4d04-b95a-1f9b08cba802.FPKM.txt.gz,0.339827156877,0.520056916864,0.000564983573626,0.13950909205,4.18506350834e-05
77,55e976c2-4953-4014-8264-6c703a5eacbc.FPKM.txt.gz,0.219386612939,0.592586374151,0.000652936348034,0.179053801955,0.00832027460637
78,22c44a19-4cbb-4950-acf5-8d23a3fcb0a7.FPKM.txt.gz,0.513449575046,0.466012441952,0.0103916586349,0.0101463243669,0.0
79,971ad289-437b-4c53-8d7c-6b6e9000aab5.FPKM.txt.gz,0.422955478371,0.451873487001,0.00549942111357,0.119540048416,0.000131565098411
80,f7a7853b-6fd7-4b89-b567-3798df13b4fd.FPKM.txt.gz,0.337483980796,0.524530900327,0.00321340448729,0.134408293644,0.000363420745586
81,d4ab2d5f-6980-4974-8f65-5e260bb6fb7d.FPKM.txt.gz,0.173626181746,0.746763451321,0.0023323106089,0.0761306093941,0.00114744693058
82,0bf53fc6-b8fb-4e6d-9297-4129c708f3da.FPKM.txt.gz,0.442082514039,0.52289596287,0.0324174948185,0.00260402827231,0.0
83,d6ee768c-7705-468c-bc8a-298c71ce1c8d.FPKM.txt.gz,0.307619943556,0.581451865789,0.0132094700533,0.091917529006,0.00580119159611
84,c1a0244b-d1df-4457-b21d-14006133525a.FPKM.txt.gz,0.406747714636,0.403323595011,0.0886815568749,0.101215719536,3.14139415072e-05
85,5c7f58e7-f1a5-44e5-a6f5-853c83b84016.FPKM.txt.gz,0.299319936753,0.469734882793,0.00228734591118,0.199705254755,0.0289525797885
86,47caf079-95ad-4c12-b8cf-fb333f72900d.FPKM.txt.gz,0.446504167218,0.513361555761,0.00725955814261,0.0328747188782,0.0
87,c03b9756-2611-404f-ba89-79e7143381bb.FPKM.txt.gz,0.538137859715,0.437845451628,0.0227151160717,0.00130157258496,0.0
88,898379ca-0a5c-4436-95d1-bb50239864ea.FPKM.txt.gz,0.408831908832,0.405322455322,0.182698782699,0.00314685314685,0.0
89,f64e55d6-0f87-4a4d-a95e-c0b82f7268db.FPKM.txt.gz,0.348073080217,0.492377961747,0.0128318584071,0.145175563802,0.00154153582643
90,d31beca5-e987-4def-906a-63f68ecc5c7a.FPKM.txt.gz,0.517035993339,0.453610008112,0.00382135690193,0.0255326416464,0.0
91,6d158f35-9847-41fd-814e-9bb63cca955f.FPKM.txt.gz,0.37493724112,0.492170829672,0.131448474959,0.00144345424878,0.0
92,1731040e-8598-4766-b768-505805c0d92b.FPKM.txt.gz,0.264268233865,0.437416266233,0.00207213161608,0.221610903699,0.0746324645862
93,58ce6671-f931-42fc-acb2-fac1ad460a22.FPKM.txt.gz,0.236804853387,0.545500505561,0.018301314459,0.194051230199,0.00534209639366
94,c28c0258-a9e8-45fa-8f53-6dd36e38e854.FPKM.txt.gz,0.549967382841,0.373960985669,0.00149407630311,0.0696323730561,0.00494518213001
95,d23a059b-5f83-4044-9694-94e641d763ed.FPKM.txt.gz,0.193736227209,0.613032291423,0.00249910746162,0.189464353864,0.0012680200421
96,65a21b09-322b-47cf-86bf-88916094c4f7.FPKM.txt.gz,0.44214139012,0.530321046373,0.0220246459842,0.00551291752243,0.0
97,60040f95-8414-4956-bd8a-ec461a49207c.FPKM.txt.gz,0.518593490572,0.393113016581,0.00293401869584,0.0850637978484,0.000295676302682
98,cd961e28-af13-4780-a068-35ff5548a3d2.FPKM.txt.gz,0.315591647332,0.560959010054,0.121160092807,0.00221191028616,7.7339520495e-05
99,96717cca-f561-43ee-8fac-74c9aa43c202.FPKM.txt.gz,0.520910822825,0.46542078684,0.00852762405879,0.00514076627657,0.0
100,c9381f51-ec09-4487-88a4-8e94452e4893.FPKM.txt.gz,0.298545310982,0.594767371234,0.10144861516,0.00508685617104,0.000151846452867
101,bcd07e88-975d-4f4b-9b2e-33ad0f2211f3.FPKM.txt.gz,0.392457504057,0.528572648843,0.00446314171009,0.0593875459127,0.0151191594772
102,78a560b2-9ce7-43c9-9d77-dac465e13a0c.FPKM.txt.gz,0.5705540374,0.382762685528,0.0292423511761,0.0154316026362,0.00200932325993
103,2ef45476-2bea-4b74-9d97-a33898386d5e.FPKM.txt.gz,0.426060126261,0.34494448166,0.116111483263,0.112883908816,0.0
104,9813b5d6-2309-4e67-85c0-1fae01d9672d.FPKM.txt.gz,0.381755164287,0.564785803411,0.0074310273118,0.045847774851,0.000180230140025
105,8f4891e2-55c1-48f4-bdce-c3848f74b8dc.FPKM.txt.gz,0.340917373049,0.398177929177,0.253537194011,0.00736750376297,0.0
106,a874f8c4-d1f9-4122-b78a-7bc017878fd3.FPKM.txt.gz,0.277796297921,0.477778752522,0.00226335643477,0.186402315993,0.0557592771296
107,54e1ee85-dbfa-499a-9bdd-6935a7661970.FPKM.txt.gz,0.407098121086,0.583822428802,0.00655847480994,0.00250128018277,1.96951195494e-05
108,0b89acda-ea9e-4a21-83f8-e3195f4395e9.FPKM.txt.gz,0.336616773057,0.521846797271,0.0151882016289,0.121872477805,0.00447575023846
109,ec2c4c86-5eaf-4f58-8da7-a9528f9922b9.FPKM.txt.gz,0.326967543033,0.494579087094,0.000839256658388,0.171756444292,0.00585766892181
110,48a39e37-0380-4465-8311-6c5c6aff522a.FPKM.txt.gz,0.415305904164,0.496274244153,0.000445664575014,0.0802731032516,0.00770108385625
111,78f79907-8bb5-408e-8bec-4dbe0d81174a.FPKM.txt.gz,0.512264503649,0.408946829435,0.00182057575708,0.0737658284432,0.00320226271558
112,cb537a4c-7b5c-493f-8dea-6fd0107e6c58.FPKM.txt.gz,0.408860067193,0.5459801547,0.0370341432924,0.00812563481522,0.0
113,fc867c2d-8e5d-4e2a-80b2-48be873efc56.FPKM.txt.gz,0.43265316073,0.544211219191,0.0169921256003,0.00611911553183,2.43789463419e-05
114,072e3af5-5598-4189-ab06-c5455442f322.FPKM.txt.gz,0.390376047723,0.564109340784,0.0222759193536,0.0232386921392,0.0
115,b7fcdf45-6b26-46e8-aa40-2761354d1251.FPKM.txt.gz,0.285565039566,0.592246821375,0.00273406241664,0.1188539166,0.000600160042678
116,9b77c8a1-a670-4011-82d7-bc4cbab06486.FPKM.txt.gz,0.579646097189,0.374166891224,0.0280786849906,0.0180903619869,1.79646097189e-05
117,513de6b7-faa2-4611-9f68-1334204ef397.FPKM.txt.gz,0.346720821392,0.582025854071,0.00257716017566,0.0683256705771,0.00035049378389
118,c71da743-de94-46d0-9ec0-fed1574845b9.FPKM.txt.gz,0.335454977684,0.469900768393,0.188279320869,0.00636493305317,0.0
119,05582ed0-da34-418a-b96e-fb4505e9ee03.FPKM.txt.gz,0.403941494723,0.565983007961,0.0283269218901,0.00174857542532,0.0
120,b468a0f7-2b37-4988-a179-34870f3ff1fb.FPKM.txt.gz,0.366678792288,0.46563902025,0.164559839942,0.00312234752031,0.0
121,1da49483-5cea-4652-8357-e8fba5f77268.FPKM.txt.gz,0.309593221883,0.577757026375,0.00450963421856,0.108049013802,9.1103721587e-05
122,5af9de4f-1220-4e7f-a58e-fd3473418754.FPKM.txt.gz,0.299657577679,0.557006975269,0.00555485098288,0.137298668358,0.000481927710843
123,2fec727f-b73d-4ae0-8b3c-5e85483e39d8.FPKM.txt.gz,0.37952054917,0.53663812367,0.00107259693595,0.0824290745276,0.000339655696384
124,2391658d-7cf2-4a09-8dd5-19ea7a37dadf.FPKM.txt.gz,0.384295921405,0.471941053885,0.142646621018,0.00111640369157,0.0
125,be6f5b47-f164-4947-9b35-02f94248e462.FPKM.txt.gz,0.339987911234,0.594836369916,0.063414212935,0.00176150591486,0.0
126,708e035d-e38b-4969-a96e-f7c324b3f8a3.FPKM.txt.gz,0.25696363229,0.565616209892,0.175702586314,0.00171757150325,0.0
127,58f98e52-c594-4bea-bf7d-9f75c09d0917.FPKM.txt.gz,0.448202751344,0.497164834081,0.0472116759529,0.00739608500567,2.46536166856e-05
128,c763a179-e1ba-43a6-b34f-cbe73098e535.FPKM.txt.gz,0.355653197662,0.519740991464,0.120716478157,0.00365807509566,0.00023125762099
129,cfccab4c-4b17-4012-a19b-5141f7a5b68f.FPKM.txt.gz,0.489599527393,0.470881785959,0.0315278900566,0.00799079659225,0.0
130,acec1346-4e7b-4e74-bc33-980e56dfafee.FPKM.txt.gz,0.404881525031,0.521272047034,0.0566898271869,0.0171387849635,1.78157847853e-05
131,36c6972a-3041-478c-a68d-702af9cc4954.FPKM.txt.gz,0.326233261639,0.550114479983,0.122889058489,0.000763199888989,0.0
132,7d9b1591-42eb-4d02-978e-0a194d498d6c.FPKM.txt.gz,0.307547578215,0.507550908274,0.00288050084084,0.176509765397,0.00551124727351
133,4b539965-2208-4574-8281-6109028eeec3.FPKM.txt.gz,0.178023624824,0.516784203103,0.00151622002821,0.278499647391,0.0251763046544
134,6095b94e-2101-4128-ae51-f0c77daf7811.FPKM.txt.gz,0.483877034605,0.45688004377,0.013079606073,0.0448639037067,0.00129941184516
135,5a7f277a-28b9-403b-959b-51e4b024084b.FPKM.txt.gz,0.469963463336,0.498852918685,0.00912000453168,0.0210723086074,0.0009913048404
136,09572b33-5517-462d-9a46-ec3d9b11b59b.FPKM.txt.gz,0.699859237351,0.282838028058,0.0098059373369,0.00748098122637,1.58160279627e-05
137,d0d7fae1-355e-4ada-a469-b69d59c1edfe.FPKM.txt.gz,0.451463014108,0.357692020602,0.165204896619,0.0256400686721,0.0
138,46a20956-b5c5-4bbd-baad-cfcaaad3b3f5.FPKM.txt.gz,0.330097087379,0.571351517953,0.00678070580983,0.0914881594493,0.000282529408743
139,1aeb8b9e-bf79-415d-a8dd-a63c3fbe2bab.FPKM.txt.gz,0.35455537468,0.535160372802,0.10867426343,0.00159210032021,1.78887676428e-05
140,b92498c2-6e54-4fd0-b752-18932e915381.FPKM.txt.gz,0.312333971265,0.499357308121,0.187608900568,0.000685538004513,1.42820417607e-05
141,ac6fccd6-d05f-40c7-9afe-82fa33ce919a.FPKM.txt.gz,0.443269908386,0.52340191478,0.00756286632634,0.0257653105072,0.0
142,962e3a62-1076-47d2-9b42-d95503e967be.FPKM.txt.gz,0.256366355302,0.52012310093,0.00377104960881,0.178257948462,0.0414815456969
143,bfd76989-9812-4065-9e07-22a1bc498018.FPKM.txt.gz,0.427967756011,0.468961716005,0.0861447304963,0.0169257974875,0.0
144,d1757d87-4920-473b-8586-24192541cb02.FPKM.txt.gz,0.278134324626,0.676040607445,0.041390921669,0.00443414626015,0.0
145,cc69ddad-2cd9-4a2c-8f42-56326c61f6de.FPKM.txt.gz,0.193555035129,0.535325526932,0.00110538641686,0.260290398126,0.00972365339578
146,5d259206-1431-48f8-abc3-3001bab5243d.FPKM.txt.gz,0.419323104537,0.463126283633,0.113805422758,0.00367615332839,6.90357432561e-05
147,f8332a4b-0365-4732-a6b8-a3998872e24c.FPKM.txt.gz,0.413673165736,0.524666190025,0.0569844060984,0.00467623814033,0.0
148,ecc62f3c-7ddb-425d-9c68-e3ce3f5872f0.FPKM.txt.gz,0.499452301943,0.466799832469,0.0239054093238,0.0098424562647,0.0
149,99580e31-0d96-415a-9519-91c493709684.FPKM.txt.gz,0.459452106967,0.530536739302,0.00563127397372,0.00437987975734,0.0
150,96c5f203-2d5b-4519-8a58-0a70934bb3de.FPKM.txt.gz,0.36961586491,0.586770544052,0.0364005740592,0.0071384638324,7.45531470747e-05
151,7dc7ff68-7d6d-4ead-8725-0f643ece6b78.FPKM.txt.gz,0.402246099023,0.461494159783,0.00331155625146,0.130266544283,0.00268164066015
152,7f44e5e1-cea0-4cf9-9a2c-972a3f8d6038.FPKM.txt.gz,0.309817712071,0.514873690254,0.00217094875843,0.165996842256,0.00714080665997
153,ce84840f-f5c3-4e67-baf6-c574cf585169.FPKM.txt.gz,0.410354446677,0.557380566881,0.0247546963697,0.00747127557888,3.90144938845e-05
154,ea440a6e-8009-4fbe-a650-bfdd88f60cd6.FPKM.txt.gz,0.350587522066,0.598113510333,0.00158693365191,0.0496585418041,5.349214557e-05
155,091be805-db73-4d7c-852a-c13b9923c13a.FPKM.txt.gz,0.361566396709,0.536765651112,0.00208895744954,0.090933924669,0.00864507006042
156,7fd4d7c0-5dd2-4ce8-a1ec-3f0271bf04d2.FPKM.txt.gz,0.290890143056,0.615236780489,0.0896910146575,0.00418206179707,0.0
157,25b2851d-cbfd-4b98-afc0-038e75ae83a3.FPKM.txt.gz,0.382467158884,0.497411065299,0.110365327452,0.00975644836514,0.0
158,a13a7cfe-e4dd-4d78-83f9-0179332d9efd.FPKM.txt.gz,0.232983348839,0.563348459245,0.0009872980311,0.19937724278,0.00330365110407
159,837e6048-97d1-4180-b385-683e99e9b628.FPKM.txt.gz,0.372030198157,0.420481593435,0.00254085074692,0.179655670916,0.0252916867452
160,6f9413df-3cff-4e32-87a0-b3e891ffa786.FPKM.txt.gz,0.310757201173,0.454550681309,0.00199313900228,0.18336878821,0.0493301903064
161,ae3d90f2-e69b-4711-8e09-368c732cdc23.FPKM.txt.gz,0.447568049978,0.51470528579,0.0225548659284,0.0151717983043,0.0
162,15975c7c-40b7-4782-a4e8-a484f11ac63f.FPKM.txt.gz,0.32408545402,0.507446500868,0.00377747252747,0.157497108155,0.00719346443031
163,840bb854-0669-485e-9d83-c4e1e4f10626.FPKM.txt.gz,0.296403682792,0.518575037727,0.000593451684555,0.174237414585,0.0101904132119
164,2291ce95-0573-4402-8c25-ec5a824212d9.FPKM.txt.gz,0.327060181844,0.508890171742,0.163429066243,0.000620580170299,0.0
165,153cb1b1-774c-4e65-b209-6a462b68cfc5.FPKM.txt.gz,0.362141020146,0.51445563652,0.119063437634,0.00431847406772,2.14316330904e-05
166,dc76cdde-f77f-4604-94c4-0b150b9a56b4.FPKM.txt.gz,0.573496334555,0.404802565811,0.0122459180273,0.00945518160613,0.0
167,01c43c5e-8c81-41f0-88f8-94710f5cf1ae.FPKM.txt.gz,0.314611714946,0.586214528107,0.00216396990115,0.095042541681,0.00196724536468
168,9bf66417-4431-4c23-9603-63273db48d39.FPKM.txt.gz,0.56185507911,0.397194832989,0.0186119391577,0.0222426049071,9.55438355117e-05
169,f1966e5e-98bb-438f-92aa-6fff48741313.FPKM.txt.gz,0.323764896253,0.552227484956,0.0020058320832,0.116186559239,0.0058152274681
170,c5ed8e4f-a283-4605-88de-cadcac24d134.FPKM.txt.gz,0.496111775765,0.469428302854,0.00758417364553,0.026854383866,2.1363869424e-05
171,6d53bf05-58d4-4633-b2da-0dd71d89ee91.FPKM.txt.gz,0.285159474418,0.531631009892,0.182708832325,0.000500683365133,0.0
172,4cdd597f-ca43-4545-b84e-e5854c8a63c2.FPKM.txt.gz,0.479020108323,0.484342899832,0.00361078254373,0.0329639544294,6.22548714437e-05
173,d751b729-f6cf-4fdf-b55d-f82830f0b26c.FPKM.txt.gz,0.536422365783,0.443305858766,0.0126572024545,0.00761457299662,0.0
174,7c9551e0-06bb-4846-b407-a95931200318.FPKM.txt.gz,0.435164120897,0.526080597985,0.0370896977576,0.00166558336042,0.0
175,99d1feac-dbcb-4f01-8e41-8f6101d06515.FPKM.txt.gz,0.427596529504,0.504693287331,0.00715409203917,0.0604038764016,0.000152214724238
176,b375ca9f-6408-496f-83c9-469c74ccc7a2.FPKM.txt.gz,0.328199423414,0.613092253698,0.0525194284282,0.00618889445976,0.0
177,d8454c9a-0054-49b0-adfd-7b4ce451ef77.FPKM.txt.gz,0.316697800798,0.514753332767,0.0140103591747,0.153010104441,0.00152840281905
178,add93641-2f11-4373-a079-b8116e7dd3cc.FPKM.txt.gz,0.372095515734,0.427248563834,0.00132898911086,0.170346394581,0.0289805367401
179,fa0419a3-7d4d-40fe-aceb-3d70965387e3.FPKM.txt.gz,0.293406739348,0.575090248349,0.130464703539,0.00102623540633,1.20733577215e-05
180,ae32fcc8-a1b7-47c8-b1c5-1e5cdbcf3725.FPKM.txt.gz,0.460683505753,0.391029968132,0.138051207987,0.0102353181269,0.0
181,8a2863d8-26a3-443e-a36f-5c149de57136.FPKM.txt.gz,0.498690848713,0.482055048215,0.00625838176129,0.0129957213104,0.0
182,eb514a1a-536a-4ce7-ad6b-ec2267452d7a.FPKM.txt.gz,0.283619663208,0.54539887736,0.00282360945739,0.136740942337,0.0314169076374
183,258b03ca-d1a3-4102-a953-476df48c3ae7.FPKM.txt.gz,0.435833976659,0.45994732301,0.00249761591208,0.0990872349121,0.00263384950729
184,97f3c6a3-a3b8-4f59-9242-8845fa1c90a8.FPKM.txt.gz,0.419617541092,0.496791523653,0.0568571854947,0.0267337497602,0.0
185,f69a97ec-c6c0-4450-83f1-3280f31ad447.FPKM.txt.gz,0.149276721911,0.412980785935,0.000741229746476,0.393882538249,0.0431187241583
186,394df3ed-9071-4731-8499-d83624d2a7fa.FPKM.txt.gz,0.424325560128,0.428620914218,0.00622133543944,0.140624350501,0.000207839714013
187,e9889edc-cfbf-4213-9629-fde30511bd63.FPKM.txt.gz,0.398105713413,0.535254778151,0.0659775265641,0.000661981871881,0.0
188,29b681e1-b036-4b63-9113-59bb58618c8a.FPKM.txt.gz,0.496221115198,0.466967735928,0.00716979375204,0.0296413551221,0.0
189,43dc7dbc-8b13-48cf-8e06-ed102da87d57.FPKM.txt.gz,0.344857935203,0.528105747355,0.006642421827,0.115345655026,0.00504824058852
190,97fbdeeb-5066-44c3-93ad-b05917236933.FPKM.txt.gz,0.315184220962,0.547490560508,0.107894691471,0.0294305270599,0.0
191,1b5c1647-d213-43f4-961c-ef74b269a152.FPKM.txt.gz,0.289321296263,0.473060461101,0.0021400568284,0.233212243283,0.00226594252419
192,245ad8f3-c93e-40ac-8ff0-92e7a5dacc20.FPKM.txt.gz,0.444515862449,0.509044580139,0.00892980120288,0.0374868004224,2.29557871539e-05
193,ae95b302-bd9d-4d3b-a791-2f788bf53d24.FPKM.txt.gz,0.220415485215,0.763856258318,0.0102193160118,0.00550894045483,0.0
194,cea0635c-ac68-4712-937e-56ba8abca332.FPKM.txt.gz,0.260619402612,0.679074731909,0.000817197845266,0.0592718600424,0.000216807591601
195,9fc18ac7-7fce-4840-b2c5-5daac7e422cf.FPKM.txt.gz,0.504644598409,0.466281755196,0.00964844752374,0.0194251988709,0.0
196,029d304b-56ee-403e-ad39-0c2ce07d5a09.FPKM.txt.gz,0.26418944571,0.643294419134,0.00130504935459,0.0911399012908,7.11845102506e-05
197,5f02561f-c7c7-4cea-997e-cfdf2ae02128.FPKM.txt.gz,0.306590503392,0.304591217422,0.385962156373,0.00285612281328,0.0
198,8dda6766-08f1-4f38-944f-30da042d3370.FPKM.txt.gz,0.368659620129,0.513367696905,0.00142401572434,0.116548667242,0.0
199,0056ef0b-ecb9-443e-a694-1c0797a21e5c.FPKM.txt.gz,0.257077221278,0.521500873436,0.00526454330087,0.207351216827,0.00880614515782
200,0b4a2460-8f70-4f60-85b3-95d0012d38c8.FPKM.txt.gz,0.273599561363,0.536987115051,0.00189618934479,0.187265832039,0.000251302202321
201,01667231-844e-4f98-905c-c0ecafee35b5.FPKM.txt.gz,0.49714893617,0.490872340426,0.00321276595745,0.00876595744681,0.0
202,6b34f95d-8875-4a62-b90e-9cf9d92c8055.FPKM.txt.gz,0.318037149587,0.611889306457,0.0228004243612,0.0468415658209,0.000431553773398
203,80af6fa2-c963-4ab7-9965-8b1678f49376.FPKM.txt.gz,0.366923321906,0.578804398734,0.0180782704809,0.0361940088799,0.0
204,ce69433a-55bd-4160-b1fa-85178fe0fce4.FPKM.txt.gz,0.550229362832,0.402932332477,0.00401659313887,0.0427778143588,4.38971927745e-05
205,80980cc8-30b5-4668-a7ea-e3cca5a44e2f.FPKM.txt.gz,0.451395625515,0.412135078247,0.00565571520088,0.122998078155,0.00781550288277
206,44624e0b-ad12-4670-b427-02db7dc87267.FPKM.txt.gz,0.497520055206,0.479082204779,0.00586560855689,0.0175321314586,0.0
207,db126604-3a46-470e-871a-d219267f4f10.FPKM.txt.gz,0.231723632365,0.606670942912,0.00317053055988,0.123485750939,0.0349491432237
208,68ebb9b3-4081-4e5d-8340-551e3d622970.FPKM.txt.gz,0.343411498631,0.560409475062,0.020592786573,0.0704479625441,0.00513827718922
209,4001b986-adbc-4d49-9107-29488ddc6b61.FPKM.txt.gz,0.286568276685,0.538610614192,0.0018038163387,0.171243291592,0.00177400119261
210,83fea6d3-5ae6-48e7-9d09-113dcb39e22b.FPKM.txt.gz,0.32349515259,0.52660251241,0.0033331541315,0.144436679032,0.00213250183682
211,5be2bd1d-24ac-47c5-9e20-33dea602ed65.FPKM.txt.gz,0.426284918978,0.458072372999,0.00392683169301,0.103688239388,0.00802763694204
212,feb99183-103f-4ca1-b61a-b88227826952.FPKM.txt.gz,0.476766873826,0.345317242376,0.167853013441,0.010062870357,0.0
213,fdbe22dd-cc5e-465a-9bb4-5336ac42af75.FPKM.txt.gz,0.202182908293,0.745408292518,0.0502132241175,0.00219557507178,0.0
214,b4661ac5-95c7-450e-8797-b2dbe04ad1ee.FPKM.txt.gz,0.458735870458,0.468357648531,0.0235655336958,0.0493409473149,0.0
215,94da98fb-7e9f-4937-bf6b-dd6885258f7c.FPKM.txt.gz,0.523252635689,0.465462709879,0.00523233112066,0.00605232331121,0.0
216,fc435124-0749-4c74-ba94-d59a30953ed2.FPKM.txt.gz,0.462881550161,0.493551411605,0.0349828107094,0.0085842275237,0.0
217,9375a989-fa46-4658-8e39-d086885d6065.FPKM.txt.gz,0.250231775943,0.639184148682,0.00946508268472,0.100235010026,0.000883982665316
218,10e453a6-8c30-456c-9a8a-f1195b6122f4.FPKM.txt.gz,0.462203359701,0.506288329926,0.0251533197049,0.00633277042041,2.22202470891e-05
219,42c07ead-83bf-4277-9691-1a363e2b5b90.FPKM.txt.gz,0.362996727443,0.615404394577,0.0143992519869,0.00719962599345,0.0
220,17112e14-d73c-4cb1-9cba-d0ebbdfea020.FPKM.txt.gz,0.27688160981,0.599851857948,0.00232500720135,0.12094152504,0.0
221,e0c71365-4f21-4bf8-b861-fb3ec1316ce3.FPKM.txt.gz,0.454794304732,0.419149648477,0.0928336517064,0.0328088382993,0.000413556785285
222,67ba85ff-0919-4c9d-ad1e-73b25804c0dc.FPKM.txt.gz,0.219313202823,0.608037814854,0.00448943471973,0.167425697697,0.00073384990611
223,f4a1e772-2a5e-4c0a-803a-1bdb2b376a47.FPKM.txt.gz,0.21575995771,0.655128823921,0.128088441472,0.00102277689673,0.0
224,c9ad1adf-993c-465b-866c-c5c2c5fa9f06.FPKM.txt.gz,0.338808562816,0.539825269504,0.00201808613907,0.119041536811,0.000306544729985
225,653ffc71-52ca-473e-8ce4-c934932baa8c.FPKM.txt.gz,0.487039760808,0.480939406361,0.00733007016613,0.024666650592,2.41120729149e-05
226,2b5a102d-0462-4fee-a1f1-21dca1390db0.FPKM.txt.gz,0.508071655961,0.389266675457,0.0690376174958,0.033624051086,0.0
227,7c1d57e4-ea8b-4634-8b1d-65ef201dda59.FPKM.txt.gz,0.561626259656,0.421426853065,0.0090882360803,0.00785865119885,0.0
228,13cf1657-4a38-4e8b-a3e4-8223ba78c6a5.FPKM.txt.gz,0.395728349221,0.528433468025,0.0491754684307,0.0266627143236,0.0
229,10d6ec12-4039-4262-b16d-1bd671b99a57.FPKM.txt.gz,0.507665317139,0.472469635628,0.0129824561404,0.00688259109312,0.0
230,c60f9638-1b5b-4bd5-90f6-c903b8679f2b.FPKM.txt.gz,0.173580926718,0.736289613965,0.0163552223068,0.0735750688302,0.000199168179954
231,b448bfa4-4ce9-457c-8e63-5bee1a31e275.FPKM.txt.gz,0.505365880031,0.456951315114,0.00178412132025,0.0358446192523,5.40642824318e-05
232,d146cc22-0cb0-4adf-b507-95c343419dc1.FPKM.txt.gz,0.258006595823,0.625381702699,0.0114571882252,0.104372786124,0.000781727128374
233,2b72861d-7b1b-4b7b-8b9d-1e2fb596bfc7.FPKM.txt.gz,0.349118608649,0.509791364724,0.0155043985305,0.123698136102,0.00188749199501
234,12b16f45-0e5e-4c24-85b5-fd05a6482fa2.FPKM.txt.gz,0.577657797254,0.414061932547,0.00225165242234,0.00600440645958,2.42113163693e-05
235,778e1365-7b5e-469c-915d-c3be22bec7a8.FPKM.txt.gz,0.353419092756,0.618660033558,0.0161461246357,0.0117600306143,1.47184363133e-05
236,0b0f745e-573f-4ace-9431-6b17c550b878.FPKM.txt.gz,0.373055828997,0.467233863029,0.0113345521024,0.142933483336,0.00544227253551
237,ed82f112-4b2e-416b-89f3-9c408f0f022a.FPKM.txt.gz,0.470534770662,0.476981610653,0.0285774677658,0.0239061509195,0.0
238,39ef3ef1-d868-4c8c-81a1-238451a08f11.FPKM.txt.gz,0.219791585861,0.692214206294,0.0699712978047,0.0180229100406,0.0
239,e3bee637-c8c3-4953-842c-11b16ea1bf73.FPKM.txt.gz,0.526506387687,0.432451463635,0.00430037219596,0.0364399959763,0.000301780504979
240,ffb473b7-a5cf-4607-b97c-fc78b4719ccb.FPKM.txt.gz,0.24817147009,0.643981593606,0.00431097117946,0.103511746186,2.42189392105e-05
241,73820dc9-48b2-4fce-ae5d-ca8e0a5359d9.FPKM.txt.gz,0.467466116053,0.506723845828,0.00889453621347,0.016862558238,5.29436679373e-05
242,378bba31-bcf1-49a1-b1ff-e14278f7054c.FPKM.txt.gz,0.535907254892,0.427241252688,0.0318942453968,0.00495724702303,0.0
243,222a1182-fa38-46be-88c7-0731ba0a81bb.FPKM.txt.gz,0.381717280715,0.526098350547,0.0123323570217,0.0798520117157,0.0
244,88b3eb4d-02ae-4903-89f5-9ee294ee732e.FPKM.txt.gz,0.180787253983,0.699611728478,0.00141919935734,0.117940822065,0.000240996117285
245,dbebc784-425a-4946-b5e1-cb43c349c398.FPKM.txt.gz,0.4844298058,0.505411070237,0.00325091966806,0.00690820429464,0.0
246,8a705b7c-4607-4ede-9486-cbeb1191004e.FPKM.txt.gz,0.272816893078,0.547782882155,0.0102328515941,0.168240698752,0.000926674421814
247,1ef4c9a4-403e-4ed2-b9d6-06302a842278.FPKM.txt.gz,0.525683147688,0.432566712076,0.0194460026177,0.0220103106552,0.000293826962631
248,a8b5d651-3c19-464b-aa1a-9dc46be11044.FPKM.txt.gz,0.366249431881,0.562665061603,0.00942156272648,0.0584701937132,0.00319375007677
249,6fdbffc8-dac1-4a98-9912-9084b2ce3f28.FPKM.txt.gz,0.250480674423,0.68222490633,0.0663330704003,0.000961348846381,0.0
250,1af985f0-777b-4283-b8cb-cddb4ac1e7cc.FPKM.txt.gz,0.387315061848,0.503662381761,0.00463254911472,0.103274314819,0.00111569245695
251,1916f968-78bb-4ac4-8ddf-0585132076a9.FPKM.txt.gz,0.453324059159,0.518395811978,0.0151559525553,0.0131241763069,0.0
252,6b14871d-013e-4817-9bca-2fd62a71a0e2.FPKM.txt.gz,0.272077242604,0.453958841995,0.00386847195358,0.269397850144,0.000697593303104
253,0633549b-8522-4be3-85b2-055201621efa.FPKM.txt.gz,0.332449852419,0.520872236612,0.0143766439773,0.118627391924,0.0136738750678
254,8478e2c8-4c90-4e3c-97bc-d201991ad4a6.FPKM.txt.gz,0.51072496425,0.426543022634,0.00252776935188,0.0590775808525,0.00112666291112
255,6095fc44-4542-4435-8e6b-dba09b3f7f92.FPKM.txt.gz,0.497333646102,0.464101962624,0.0340917976386,0.00447259363516,0.0
256,fd917385-0e99-45cc-91a2-f6bd48c8019d.FPKM.txt.gz,0.389235139956,0.529191534345,0.050366683551,0.0312066421477,0.0
257,1d381b27-88c0-4ddd-87cc-31fbb24525c0.FPKM.txt.gz,0.37126739551,0.503228513485,0.00319354763514,0.121284878435,0.00102566493391
258,c584b745-3bff-4591-8460-02eb1a00d214.FPKM.txt.gz,0.450298329356,0.496559268099,0.0438743038982,0.00926809864757,0.0
259,85f00b2b-bee0-4bed-bf31-a344b0fe64a8.FPKM.txt.gz,0.342173901815,0.430467680707,0.0145908116623,0.119024868941,0.0937427368747
260,e01aab1d-cbb8-451d-b9b9-ef67ed495c86.FPKM.txt.gz,0.15579987253,0.568132568515,0.000908221797323,0.256851497769,0.0183078393881
261,c258e44b-44c5-43d7-835e-912049ae12c4.FPKM.txt.gz,0.482139305462,0.487290663909,0.0235888460162,0.00698118461355,0.0
262,c6d03bd4-42cd-445a-9222-7ea265bd103f.FPKM.txt.gz,0.232895052072,0.578474893953,0.00129652334447,0.185346467679,0.00198706295185
263,719e930d-dd49-4e49-97ed-7ce1f253f3cf.FPKM.txt.gz,0.579055883801,0.38795544067,0.0151403249631,0.0178483505662,0.0
264,2ec6297f-091b-4744-aaf7-83f86396192f.FPKM.txt.gz,0.202146432238,0.635956750513,0.00117107289528,0.154228696099,0.00649704825462
265,6ad85b23-1f2d-411e-b65e-fefa28732508.FPKM.txt.gz,0.360592592593,0.590476190476,0.00886772486772,0.0400423280423,2.1164021164e-05
266,173d8cb8-d151-4766-b61c-7ecdf8af56ca.FPKM.txt.gz,0.463341655391,0.492958014903,0.0285491033142,0.0150749938061,7.62325856187e-05
267,ae42d69a-f6a4-4d03-9f4a-869b71fef8f8.FPKM.txt.gz,0.365868618511,0.486577661467,0.00214675635338,0.145284291877,0.000122671791622
268,a6801749-f1cc-4824-8be9-c86df987b768.FPKM.txt.gz,0.268042293699,0.429632919393,0.282749432041,0.0195753548674,0.0
269,51221b71-eaee-41f0-849f-98ef800ad010.FPKM.txt.gz,0.469464036829,0.40775858428,0.118849516408,0.00390674494235,2.11175402289e-05
270,2c9d9875-4237-410c-afc2-15d06a034d20.FPKM.txt.gz,0.512487207295,0.384850382636,0.0205294270396,0.0821177081583,1.52748713092e-05
271,7975e611-5e6d-444e-a773-5e131734a1ec.FPKM.txt.gz,0.320366768547,0.484060387145,0.00101880151894,0.178012410855,0.0165416319348
272,514bf089-668d-46fe-934d-8538e0d88366.FPKM.txt.gz,0.321300937268,0.534467645142,0.00157335191387,0.142523206941,0.000134858735475
273,2029581a-86cd-4ea2-82d4-0e085ae1f8f9.FPKM.txt.gz,0.464334524811,0.522235071489,0.00155067283431,0.0118534482759,2.62825904121e-05
274,feb82116-b8c0-41e6-9afd-43cc6f6c0d62.FPKM.txt.gz,0.280283324663,0.540717915883,0.00332146144303,0.173796470447,0.00188082756413
275,911f9fce-80fe-4d73-b886-5a51389f181d.FPKM.txt.gz,0.161881052741,0.644506681,0.00305524908767,0.174554678586,0.0160023385857
276,0c37e843-b21b-4d00-b91d-c9d7865200c2.FPKM.txt.gz,0.426717522795,0.532590051458,0.0262029430351,0.0144894827119,0.0
277,69ad4bfb-b94a-4b72-986b-d6a73febd362.FPKM.txt.gz,0.520728298634,0.458347483086,0.0148115252998,0.00611269298085,0.0
278,ac32a9f2-e148-4e70-899e-78b8ae563839.FPKM.txt.gz,0.524140905823,0.44327821711,0.00138030194105,0.0300790797987,0.0011214953271
279,b2192c25-6689-497e-ae44-49fc4fc80e97.FPKM.txt.gz,0.312192084394,0.589256607022,0.000769216681013,0.0971593926851,0.000622699217963
280,d5a54e1d-02d7-4cee-b6b1-e0a616cc322d.FPKM.txt.gz,0.52460762865,0.446685056597,0.00692475982117,0.021782554932,0.0
281,5b917d60-5201-4def-839a-a92f15d9068d.FPKM.txt.gz,0.517123201371,0.421288713051,0.00335156112189,0.0412771211854,0.0169594032709
282,6476b6b8-7e7e-44ac-9869-c93b654458a5.FPKM.txt.gz,0.498829313978,0.470686022009,0.0284476703348,0.0020369936783,0.0
283,fa3d075d-a2fd-4842-a724-fdce90fd8eb7.FPKM.txt.gz,0.274834664409,0.586031716973,0.00155609968191,0.136936772009,0.000640746927847
284,15d9df59-6840-4f24-81f2-008e43af911b.FPKM.txt.gz,0.321853907996,0.523784294303,0.00234963488517,0.151827877727,0.000184285089033
285,9e7f3ce2-b4d2-4086-bb9f-3c6099c82837.FPKM.txt.gz,0.396418306434,0.4854237074,0.00431129781119,0.113830896055,1.57922996747e-05
286,592b3724-0836-41e9-b4d0-1bce729e7a1f.FPKM.txt.gz,0.529818847954,0.411459393446,0.0229323563335,0.0357894022661,0.0
287,2ce7edaf-0a05-444a-ba19-a26ee1b74513.FPKM.txt.gz,0.497438237673,0.48841502624,0.00923064158145,0.00491609450518,0.0
288,86640b11-93b3-4f4e-89a7-1a1fdc9a414b.FPKM.txt.gz,0.369557889278,0.556022300013,0.00290418773499,0.0661221314664,0.00539349150784
289,f204f6b8-03fb-4464-922d-de9fffeff9d5.FPKM.txt.gz,0.227919239575,0.559691482227,0.211452623789,0.000925090774532,1.15636346817e-05
290,7af5a442-83c8-426b-ba0f-a56783fbc5f2.FPKM.txt.gz,0.350232891437,0.420928878538,0.00347097814403,0.146676818345,0.0786904335364
291,a22817b9-da0e-45cd-ba5d-3eb790e273cb.FPKM.txt.gz,0.437497586407,0.530295423827,0.0277466692412,0.0044603205252,0.0
292,aa5ba703-5bc5-4536-98cd-ab31520d29d7.FPKM.txt.gz,0.473381997396,0.459875395202,0.0447042960759,0.022038311326,0.0
293,206537cc-dc94-4722-b6d2-1e5fd6588078.FPKM.txt.gz,0.563283098767,0.418109353593,0.00254078963756,0.0160667580022,0.0
294,ac4cd473-92f1-43ae-b9ef-2239755ef6a7.FPKM.txt.gz,0.374062519695,0.543722820949,0.0269111993446,0.0475042541123,0.00779920589904
295,dd5a0067-d77e-40e7-a42f-064d7cfab3d6.FPKM.txt.gz,0.317492583233,0.554211075706,0.126730579057,0.00151082298649,5.49390176904e-05
296,cfffb137-1ebf-4c5b-9f38-ac28c191c132.FPKM.txt.gz,0.377868724054,0.477422260515,0.00242813503564,0.137581264197,0.00469961619801
297,20c6123b-33b6-46a7-8625-482e4594c032.FPKM.txt.gz,0.418436070125,0.449968296403,0.0498346271828,0.0817610062893,0.0
298,74a288d5-7bb7-414b-b422-f9a4548a8433.FPKM.txt.gz,0.341003159909,0.461980951533,0.168799234501,0.0282166540567,0.0
299,b7f4d8a5-5d3b-4995-9ff4-a3298ca82f0e.FPKM.txt.gz,0.30371611282,0.500346321741,0.00816674989127,0.177187867463,0.010582948084
300,d5fd50e4-2068-4cfc-9b04-3976f9fd7940.FPKM.txt.gz,0.530269745581,0.458056605701,0.00794421170941,0.00372943700828,0.0
301,95167b79-f563-461e-81dd-a7143cfafe0d.FPKM.txt.gz,0.428891553476,0.487586735596,0.0311363591689,0.0523853517583,0.0
302,f69d848c-f9cb-4871-9c25-35c43cbbf4e6.FPKM.txt.gz,0.331072627905,0.641140449068,0.00193147648208,0.0257018063695,0.000153640174711
303,9447e559-9df9-4517-9f1e-7b280cc4293b.FPKM.txt.gz,0.30615249247,0.583742258621,0.0117939693391,0.0957392805171,0.00257199905242
304,b600c271-e77b-4752-af07-08dd817ea601.FPKM.txt.gz,0.550892857143,0.434573412698,0.00706845238095,0.00744047619048,2.48015873016e-05
305,3743ccc7-6c5f-459c-bd5d-e3c03d19e538.FPKM.txt.gz,0.354638130324,0.535348810011,0.00302126581292,0.106504492915,0.000487300937567
306,8ff70f54-8735-40b1-a556-b96e8889cc0f.FPKM.txt.gz,0.293503939696,0.599339059662,0.10617378361,0.000955905447295,2.73115842084e-05
307,be066ad3-e17c-4adc-9f4b-4d5c33d4dfad.FPKM.txt.gz,0.439713997508,0.544532130778,0.0106509226844,0.00510294902985,0.0
308,2525f105-0ebf-461c-a69c-03bf8ef1e42f.FPKM.txt.gz,0.54492937274,0.401811337632,0.02608922515,0.0271514293168,1.86351608214e-05
309,156e6312-4cfa-486c-8730-7881580fbc1a.FPKM.txt.gz,0.325806041605,0.541343614512,0.13150870652,0.00134163736248,0.0
310,1888b928-30dc-4b5c-b0aa-7a1e9e34f753.FPKM.txt.gz,0.401502671863,0.529792277713,0.0166539435092,0.0520109285226,4.01783920607e-05
311,631f56be-6fde-4e67-8ce1-83f01325d489.FPKM.txt.gz,0.388483685221,0.540301617768,0.0583383602961,0.0128434329586,3.29037565122e-05
312,0d6ef3a0-0ac4-4898-a438-34bbbfde6341.FPKM.txt.gz,0.277817814932,0.675050446815,0.0443355433843,0.00279619486884,0.0
313,085bdf94-a24f-4511-8d3f-d0c91f7e6947.FPKM.txt.gz,0.234265828955,0.480271353518,0.00154362779613,0.229689107946,0.0542300817852
314,40ba876d-2ee4-46f9-af5c-c7afbefb9e51.FPKM.txt.gz,0.479720978137,0.451943633838,0.00177899845508,0.0639034971364,0.00265289243301
315,031c7bbf-4088-400e-9ff9-036417c0091a.FPKM.txt.gz,0.438595771731,0.521315643776,0.0353517747657,0.00473680972789,0.0
316,2891f45a-b4b0-438b-92a6-494fefea1efe.FPKM.txt.gz,0.479647420026,0.452634445875,0.0541249876201,0.0135931464792,0.0
317,20870a8f-9d0a-41a0-90b6-f0f51a03e3e5.FPKM.txt.gz,0.412212344889,0.377636600471,0.207682990928,0.00246806371261,0.0
318,42434e75-893e-4a9a-9008-6a3c2ea6dc7d.FPKM.txt.gz,0.41730506156,0.510351117191,0.00111719106247,0.0699270405837,0.00129958960328
319,042d7a67-32a0-4dac-8ecd-02f6984a7b74.FPKM.txt.gz,0.291227518221,0.484334853967,0.0159928687536,0.176327932463,0.0321168265954
320,f1af55bb-21e4-473b-ad35-906fdc6a7cf5.FPKM.txt.gz,0.297418511311,0.659130990027,0.0341461931404,0.00930430552177,0.0
321,03d6e124-5927-4573-a041-a1d8e109fa1c.FPKM.txt.gz,0.442522871217,0.45448627727,0.00332512315271,0.0748944405348,0.0247712878255
322,6821cf1e-ae8a-472d-8b55-92eca84abab5.FPKM.txt.gz,0.211998426436,0.656215578285,0.0050550747443,0.126396538159,0.000334382376082
323,4da5c413-9533-426a-9f39-7bad328a95b7.FPKM.txt.gz,0.273907243998,0.596885901908,0.00330904986661,0.124820439155,0.00107736507285
324,5fedbbb9-10a8-4f18-a1e8-30b3d6164083.FPKM.txt.gz,0.460086695565,0.487851506058,0.0474380349005,0.00462376347671,0.0
325,4fb80022-8f80-4992-b1aa-0f678c941878.FPKM.txt.gz,0.508162344385,0.471796777533,0.0118121731744,0.00822870490802,0.0
326,42f7a87d-594e-4f38-92d7-1b56f3ff11b9.FPKM.txt.gz,0.451058515699,0.37906755471,0.00323501427212,0.164069933397,0.00256898192198
327,2d683c1f-3a48-4bb8-84f9-bad6347c008b.FPKM.txt.gz,0.528905939939,0.440455086652,0.0101600740839,0.0204788993253,0.0
328,8c593c14-319f-4268-92c1-46019e543502.FPKM.txt.gz,0.410889947219,0.377036946581,0.00104476194353,0.195397620114,0.0156307241421
329,82d6c231-8692-460d-bbca-e24237b82b47.FPKM.txt.gz,0.481341625944,0.481785872945,0.0198923935041,0.0169801076065,0.0
330,b2ca49c5-527d-43e0-8280-6fe8ff7b3738.FPKM.txt.gz,0.304413571496,0.555092011287,0.138793254756,0.00168766117164,1.35012893731e-05
331,3fbe693e-0d6c-4866-8b4d-2e9738c93e8d.FPKM.txt.gz,0.571656084323,0.400431675782,0.00488254646801,0.0230296934264,0.0
332,7f147a1b-4ca6-481b-a79d-be653bbff528.FPKM.txt.gz,0.507419210277,0.456331225415,0.00241497784196,0.0337101030723,0.000124483393915
333,12d1e7fb-44bc-4007-820d-a85c41d019df.FPKM.txt.gz,0.506542824662,0.459303872481,0.0325569020149,0.00159640084174,0.0
334,057c6a18-e5f2-4eba-9c20-c483c5a67cc3.FPKM.txt.gz,0.248608993654,0.143270395997,0.598868952217,0.00925165813169,0.0
335,c9fe38e3-9f2e-4bfb-86e8-a43943985672.FPKM.txt.gz,0.259773764636,0.569160547728,0.00138916451677,0.124528676325,0.045147846795
336,7c5f96bd-441c-4467-8700-dc5224e682bb.FPKM.txt.gz,0.420728639002,0.503119863129,0.0729309939951,0.00322050387467,0.0
337,d3771f3a-ebc8-4ed6-97f9-6d6003d8470a.FPKM.txt.gz,0.31073789617,0.601667314797,0.086282325491,0.00131246354268,0.0
338,fadfa0b7-8543-4ca3-8c26-9114e71caaeb.FPKM.txt.gz,0.455025359694,0.407742469724,0.119842666391,0.0173895041921,0.0
339,bbc51e77-8f08-4815-9006-ee7ca1aaf112.FPKM.txt.gz,0.241606330756,0.51447240966,0.00822538541102,0.20932867064,0.0263672035331
340,0063c2da-4f47-4974-afea-03b4cdb21e33.FPKM.txt.gz,0.394473800448,0.498928460418,0.00582394032097,0.097387406547,0.00338639226528
341,1742f583-99dd-46ba-9df2-b47d9cb1c3f9.FPKM.txt.gz,0.531023033824,0.448502455558,0.0132115929999,0.00726291761776,0.0
342,bc5be208-5934-40dd-81df-567599ea2a51.FPKM.txt.gz,0.303362148175,0.585497571678,0.0773500346903,0.033640233269,0.00015001218849
343,b5b0644d-9eb9-44aa-a5a1-39e9630ad156.FPKM.txt.gz,0.364400607612,0.596291903365,0.0025178433943,0.0367896456291,0.0
344,1d1a63f0-860d-451c-a7f1-b6e15d253dba.FPKM.txt.gz,0.200330139714,0.595697973214,0.0075898099144,0.194833483655,0.00154859350271
345,2133df71-b9a1-4b99-8eb7-0b7f9a1b5cc2.FPKM.txt.gz,0.435465484484,0.478277390754,0.0761452396031,0.0101118851594,0.0
346,2bdd8011-dd68-4077-9354-eae6431b44b6.FPKM.txt.gz,0.237713074327,0.713939603703,0.00129791468374,0.0468114562603,0.000237951025353
347,b13f356a-71cb-41d0-a53d-51553db8987f.FPKM.txt.gz,0.300700011865,0.164511262903,0.524313971423,0.0104747538094,0.0
348,5b1d889e-c40d-4f58-a4b3-9e9eb0835e86.FPKM.txt.gz,0.556074105501,0.430278602744,0.00685900155565,0.00678829019941,0.0
349,0358446c-e52e-4524-8f42-9fc427e144d1.FPKM.txt.gz,0.259109225875,0.570943796394,0.0182078472959,0.143828207847,0.00791092258749
350,e897fe45-26b8-468a-84fd-e1ad54f840e3.FPKM.txt.gz,0.473365595157,0.502272434541,0.0106721622169,0.0136898080851,0.0
351,8714911e-19cb-47ab-bcdd-28d7e37c4a13.FPKM.txt.gz,0.207294303141,0.569997095556,0.003360856396,0.214410190449,0.00493755445832
352,b01ddd22-5864-4e4a-a463-62831421fe99.FPKM.txt.gz,0.551200353734,0.424558483107,0.00377142559888,0.0204177178974,5.20196634328e-05
353,5061303f-9743-4495-a9ea-a5c579992525.FPKM.txt.gz,0.457958224311,0.482127810546,0.00383609029225,0.056055700918,2.21739323252e-05
354,e77ea9a5-0b4f-466a-86b3-378d756dea57.FPKM.txt.gz,0.513125285725,0.442385890619,0.000697769543562,0.0437669930945,2.40610187435e-05
355,170b32d9-17b0-4bbe-85d8-89b5fc8b5bb1.FPKM.txt.gz,0.325622422652,0.644474827442,0.0197587492006,0.0101219485302,2.20521754471e-05
356,fe819208-ff01-49e0-a04a-5fb467351305.FPKM.txt.gz,0.248108052377,0.655552118775,0.00230951644499,0.092731209403,0.00129910300031
357,3fbc019c-2a61-48f6-9c6d-00823297ae53.FPKM.txt.gz,0.276984847625,0.583905567221,0.137563134896,0.00154645025821,0.0
358,33ccace3-8a24-44e8-a101-15bd1e8467fe.FPKM.txt.gz,0.265181354022,0.66186592401,0.0698362177574,0.0031165042106,0.0
359,69918dce-8729-48a2-8294-a8b6b72c02e7.FPKM.txt.gz,0.407641423358,0.499635036496,0.0664233576642,0.0263001824818,0.0
360,b9e1ccfb-5124-4f8a-8f6e-8ecfeaa54e9e.FPKM.txt.gz,0.419264049125,0.517352065501,0.0521957573502,0.0111648678824,2.32601414217e-05
361,2b856cba-b1b2-4d22-aed7-c5b8ab35415a.FPKM.txt.gz,0.510892480675,0.383504759471,0.066089567495,0.0395131923593,0.0
362,3880c844-453a-47f0-a046-922baa28a07a.FPKM.txt.gz,0.537086009319,0.39994962851,0.0612853125131,0.00167904965789,0.0
363,a12ff0ad-8580-4cec-9e63-1175335f0316.FPKM.txt.gz,0.568758516554,0.3996243509,0.0227415018598,0.00887563068538,0.0
364,7972a299-f3bb-43a5-b75f-a1cf3c998bc5.FPKM.txt.gz,0.539273338234,0.442507613147,0.00842696629213,0.009792082327,0.0
365,c27a0a56-cde3-4e53-b02d-8a2ca66b5d1d.FPKM.txt.gz,0.508781289345,0.440323509955,0.0449627622116,0.0059324384883,0.0
366,05ec8eb6-0940-49e0-ab1e-8ec6cd850bb9.FPKM.txt.gz,0.194584139265,0.586325792616,0.0017828609873,0.216869901606,0.000437305525187
367,7ff71ff2-38d3-46b3-b2a3-105377beb504.FPKM.txt.gz,0.361312296911,0.514524527268,0.120913753279,0.00324942254238,0.0
368,fefd7990-acb5-4d6b-9bfa-b1a474e368d7.FPKM.txt.gz,0.48073721481,0.463033742116,0.035875911553,0.0203531315216,0.0
369,175f6491-e372-44ee-9108-3228812e2f1c.FPKM.txt.gz,0.236052897818,0.543051741581,0.00363130510189,0.209134267958,0.00812978754155
370,6bc9fb91-4915-4afc-b685-80ce6d6d6650.FPKM.txt.gz,0.286969579,0.438073522051,0.00274363680181,0.240550210407,0.0316630517398
371,d39a7d6b-a424-483a-abb6-cb11ec9a263f.FPKM.txt.gz,0.404397887629,0.478711799844,0.0419184486192,0.0693100164488,0.00566184745909
372,8377d811-2636-4a75-be84-8e201ca646c1.FPKM.txt.gz,0.224811910354,0.58594403089,0.00089566498149,0.14579435532,0.0425540384539
373,52cf2038-62b5-4c57-b5b5-3f06c48a5f26.FPKM.txt.gz,0.222667252998,0.658980971963,0.116592780993,0.00171145366596,4.75403796099e-05
374,c4087638-cda2-4686-96b4-59b377ddb18d.FPKM.txt.gz,0.307061691503,0.58929343766,0.00216254472536,0.0992411433964,0.00224118271537
375,fde67178-6278-4872-a2c4-cfa32f71fdbe.FPKM.txt.gz,0.334967765368,0.539196101577,0.125291322377,0.000544810678289,0.0
376,d011c9fc-3598-4f0b-b059-85d63de31a9f.FPKM.txt.gz,0.343002028398,0.591596638655,0.0334975369458,0.0319037960012,0.0
377,959e98c8-c279-4178-acc2-0bb0c42ed5c2.FPKM.txt.gz,0.349412471625,0.564394445186,0.0685505407932,0.0176425423955,0.0
378,755f981f-f957-48ec-9779-cf9887e19ab0.FPKM.txt.gz,0.337816103754,0.632601033433,0.0175717756562,0.0118570988605,0.000153988296889
379,780ab54f-9100-447b-ba9e-75480e7be3d9.FPKM.txt.gz,0.483260358311,0.450316437544,0.00973212749278,0.0566910766525,0.0
380,6e98ba8f-e00d-470c-832f-adc3dc6956a6.FPKM.txt.gz,0.425052477176,0.501024253307,0.0484813231835,0.0254419463342,0.0
381,f9ea29ab-6953-4646-b367-cff2483b9f46.FPKM.txt.gz,0.503942351837,0.417889294768,0.0730183444118,0.00515000898257,0.0
382,df692bf8-d523-4528-aa0c-a0549373adee.FPKM.txt.gz,0.466336759833,0.40242970011,0.116111630278,0.0151219097783,0.0
383,b0937926-a768-41bd-80bc-68d4e5743f8c.FPKM.txt.gz,0.509163147713,0.452603332432,0.0242131757951,0.0140203440601,0.0
384,b1f9bae8-7483-41ba-aab7-7a051850df23.FPKM.txt.gz,0.392862581857,0.587356380189,0.0143831328155,0.00536406247356,3.38426654483e-05
385,3c050f49-77a0-4055-8c9b-5c0e06a075d0.FPKM.txt.gz,0.277042305239,0.537348047079,0.0032854685658,0.174149160273,0.00817501884313
386,524d2e99-0526-426f-873d-ea65e27b18a0.FPKM.txt.gz,0.462791960891,0.512639451803,0.0205364977228,0.00401119792755,2.08916558726e-05
387,485f059b-e143-40b6-b4d2-96bb7497558f.FPKM.txt.gz,0.531591930927,0.444455496757,0.00167110969642,0.0222814626189,0.0
388,8dcf8486-6c13-4623-90c9-2c9f65f58fc8.FPKM.txt.gz,0.335376238819,0.635281022436,0.0260973352824,0.00324540346266,0.0
389,2c1e38c7-ff65-4dee-bcba-0a97dd82a22f.FPKM.txt.gz,0.404498868628,0.525588979103,0.0268867296686,0.0427093038733,0.000316118727539
390,be244b42-fd11-4788-9a3e-60be97747994.FPKM.txt.gz,0.321922329731,0.548784398046,0.0143156227013,0.114430675795,0.0005469737264
391,3799992f-2a2b-4a7b-8c21-f493764f4ce8.FPKM.txt.gz,0.518268492449,0.426654082416,0.0366809572562,0.0183964678782,0.0
392,6363e940-3a9d-49f3-adb0-e084be80d95d.FPKM.txt.gz,0.289749513619,0.67686040856,0.0288667315175,0.0045233463035,0.0
393,e4d01f10-116a-4936-a24b-dda4e6c53397.FPKM.txt.gz,0.593479989398,0.391394999558,0.00365756692287,0.0114674441205,0.0
394,c1d1a2ba-9cb6-4428-8025-d1e41feeeb0d.FPKM.txt.gz,0.281209623913,0.471679994413,0.00433006250655,0.214512693369,0.0282676257988
395,3107533c-054e-463c-b2bc-73ba71ed133a.FPKM.txt.gz,0.545990086942,0.398899000569,0.0255951897294,0.0294954091168,2.03136426424e-05
396,0933e6f7-e2ac-4dc0-b34e-4a45109a28b7.FPKM.txt.gz,0.301633900691,0.583344328627,0.114032194221,0.000989576461275,0.0
397,508976fe-e7a9-4743-a098-2fb0cbe32f8d.FPKM.txt.gz,0.535360771034,0.456173482678,0.00224667882261,0.00621906746549,0.0
398,90af0faf-3e8c-4741-bf49-f87a5b21d54c.FPKM.txt.gz,0.429036866681,0.534532023138,0.00818872395289,0.028242386229,0.0
399,3b1e8e56-f2a3-4a3f-8f99-ba8a8f33152c.FPKM.txt.gz,0.326926697359,0.599770661829,0.049068099745,0.0242003114892,3.42295777782e-05
400,26918c74-1269-4f63-a871-57855b4aa846.FPKM.txt.gz,0.405102814577,0.49946473973,0.00468352736518,0.0906820107944,6.69075337883e-05
401,ef6e0187-ca29-4c32-9731-4f9a6b51ff80.FPKM.txt.gz,0.395641197383,0.523279578203,0.00855273326807,0.0707060298487,0.00182046129802
402,c8fb3217-2cc9-47c0-84b6-b666c07624e6.FPKM.txt.gz,0.329002277425,0.444203098877,0.22364835512,0.00314626857812,0.0
403,68acaa5e-6a27-499f-925d-710af9d30710.FPKM.txt.gz,0.578897294643,0.379379133611,0.0118311415287,0.0298924302177,0.0
404,ce786209-c77d-47e0-95a6-20c036bed8b3.FPKM.txt.gz,0.486317197762,0.495966107192,0.0113516581529,0.00636503689289,0.0
405,cf792f7f-a3ee-4544-b029-8c4e4da4f973.FPKM.txt.gz,0.306982303938,0.617821757776,0.0689973874895,0.00619855079608,0.0
406,85ac083c-dbb9-4541-8b75-d73ab216f54c.FPKM.txt.gz,0.476569407604,0.483731211317,0.0279840848806,0.0117152961981,0.0
407,b1558748-bec9-4bea-a35b-040ca9a1f4cd.FPKM.txt.gz,0.256813891618,0.650027045823,0.012441078742,0.0733548963979,0.00736308741872
