,Topic 1
A1BG,0.0005033187041457236
A2M,0.0007974962476322751
A2ML1,0.0002023294607427671
A4GALT,0.0005239735361503067
A4GNT,6.337078244810385e-05
AADAC,0.00030696596074896354
AATK,0.00036743627742621103
ABCA3,0.0005521432112884721
ABCA4,0.0003034941911141506
ABCA8,0.0003448038551233168
ABCB6,0.0005517916396798835
ABCC1,0.0005477046197300405
ABCC12,2.3379511971145113e-05
ABCC2,0.00019775902983111467
ABCC3,0.0005509566571094854
ABCC5,0.0005427386707587258
ABCC6,0.00040962487045684883
ABCC8,0.00022641211593108952
ABHD12B,0.0001624700296190291
ABI3BP,0.0004999787738641315
ABLIM3,0.0004179746961608292
AC003102.1,4.3111468503183e-05
AC006538.4,0.00019354017052805088
AC008948.1,0.0003326746346270085
AC009065.1,4.2935682698888674e-05
AC011298.1,1.230500630060269e-05
AC012215.1,1.7095169467623025e-05
AC016559.1,9.668219236187828e-06
AC018867.2,3.4497964092761115e-05
AC025262.1,8.072963062216837e-05
AC026703.1,0.00039775932866698195
AC040977.1,8.160855964363999e-05
AC079354.2,8.08614699753891e-06
AC091801.1,3.309167765840652e-05
AC092291.2,7.075378622846547e-06
AC104534.3,0.00011487602310634083
AC110615.1,4.210070012849063e-05
AC117834.1,7.615919971051593e-05
AC142381.1,5.836088702571562e-05
ACADL,0.0003068341213957428
ACE,0.0005282363419044441
ACE2,0.00029206811383501957
ACHE,0.000341112353233136
ACKR3,0.0005578562499280377
ACMSD,0.00010318626712076828
ACSL4,0.0005412005449711505
ACSL5,0.0005443207429973747
ACSM3,0.0004308949527764621
ACTA1,0.00015214261361673755
ACTG2,0.0005224793568138049
ACTL6B,2.461001260120538e-05
ACVRL1,0.000533070451522538
ADA,0.00046868890069974177
ADAD1,3.208090928371416e-06
ADAM18,9.140861823304855e-06
ADAM23,0.0003110529806988066
ADAM28,0.00044438651325605144
ADAM8,0.0005090317427852892
ADAMDEC1,0.0003546918066148726
ADAMTS1,0.000516810264625313
ADAMTS18,8.885972407078086e-05
ADAMTS19,3.594819697818929e-05
ADAMTS4,0.0004041755105237248
ADAMTS8,0.00032568714890630906
ADAMTSL4,0.000508416492470259
ADCY4,0.00042729134378842844
ADCYAP1,0.00015983324255461424
ADH1B,0.0005119761550072191
ADH4,7.29950552332181e-05
ADH7,0.0002542741659117399
ADIPOQ,1.2568685007044176e-05
ADIRF,0.0006279508393903995
ADM,0.0005757424555149852
ADRA2A,0.0003078009433193616
ADRB1,0.0002957156692741268
ADRB2,0.00038497091140456987
ADTRP,0.0003710398864142447
AF165138.7,6.644703402325453e-05
AFM,5.800931541712697e-06
AFP,8.648661571280748e-05
AGER,0.0006069004893261541
AGR2,0.0007027037526665607
AGR3,0.0005668652723981218
AGRP,0.0001830809151725386
AGT,0.000337860315853691
AGXT,3.085040865365389e-05
AHCYL2,0.0005282363419044441
AHNAK2,0.0004983088087233354
AHSG,7.022642881558249e-05
AIF1,0.0006302800012972993
AIM1,0.0004651292381627817
AIM2,0.00035684518271747803
AIRE,3.3399302815921586e-05
AK1,0.000663239839602485
AK4,0.0004458806925925532
AKAP12,0.0004297083985974754
AKAP14,0.00020360390782390094
AKAP2,0.000532543094109655
AKNA,0.0004903105546279436
AKR1B1,0.0006533958345620028
AKR1B10,0.00039020053908232603
AKR1B15,0.00019789086918433542
AKR1C1,0.0006335320386767442
AKR1C2,0.0006007479861758528
AKR1C3,0.000639332970218457
AKR1C4,7.435739521649911e-05
AKR7A3,0.0002680733515488443
AL022328.1,0.00012230297333777601
AL049829.1,1.9819849434185047e-05
AL117190.2,7.484080617830851e-05
AL158147.2,1.6655704956887213e-05
AL163636.6,0.00039982481186744026
AL353354.2,0.00019679220790749588
AL359693.1,2.329161906899795e-06
AL590235.1,8.08614699753891e-06
AL590714.1,2.1533761026054707e-05
AL603965.1,0.00030397760207596003
ALB,0.00019995635238479373
ALDH1A1,0.000639332970218457
ALDH1A2,0.0003491985002306749
ALDH1A3,0.00045642784085021267
ALDH3A1,0.0004724243490409961
ALDH3B1,0.0005300820928495345
ALDH3B2,0.00036541474067682634
ALDH8A1,0.00018277329001502353
ALDOB,0.00011808411403471225
ALG1L,0.00040312079569795883
ALOX15,0.00028239989459883177
ALOX15B,0.00045642784085021267
ALOX5,0.0005709522923479649
ALOX5AP,0.0006249185342663224
ALPL,0.000563173770507941
ALPP,0.00020562544457328568
ALPPL2,0.00011913882886047819
ALS2CL,0.0004927276094369906
ALX3,7.541211004226506e-05
ALX4,2.882887190426916e-05
AMACR,0.00047510508255648457
AMBP,0.0001931007060173151
AMICA1,0.0005052523479929611
AMIGO2,0.0005051205086397404
AMTN,0.00015952561739709917
AMY1A,0.00013003754872672628
AMY1B,0.00026060245486633554
AMY1C,0.00040707597629458116
AMY2A,5.33070451522538e-05
ANG,0.0004901347688236493
ANGPT1,0.00037793947923279693
ANGPTL1,0.00029303493575863834
ANGPTL3,4.280384334566793e-05
ANGPTL4,0.0005115806369475568
ANKH,0.0005607127692478205
ANKRD1,0.00030810856847687665
ANKRD29,0.00047013913358516995
ANKRD33,4.812136392557123e-05
ANKRD36C,0.0002797191610833433
ANKRD37,0.00048701457079742503
ANLN,0.00043722324173105774
ANO1,0.0004559004834373297
ANPEP,0.0004964191113271714
ANXA10,0.00014247439438054972
ANXA13,9.808847879623287e-05
ANXA3,0.0005966170197749362
ANXA8,0.0003923099687338579
ANXA8L1,0.0003530218414740765
ANXA8L2,0.0004377945455950143
AOAH,0.0004435075842345798
AOC1,0.00027123749602614216
AOC3,0.0005539889622335625
AOX1,0.00035289000212085576
AP000349.1,8.516822218060004e-05
AP001350.1,1.5073632718238296e-05
AP001579.1,3.186117702834625e-05
AP3M2,0.000476950833501575
APBB1,0.000489739250763987
APCDD1,0.0004833670153583178
APCS,1.7622526880505996e-05
APLN,0.0003899808068269581
APLP1,0.00040035216928032324
APOA1,0.00018132305712959535
APOA2,9.470460206356714e-05
APOA4,1.3843132088178026e-05
APOA5,4.104598530272469e-05
APOB,3.427823183739321e-05
APOBEC3A,0.00037921392631393077
APOBEC3B,0.00042834605861419436
APOBR,0.00041243744332555805
APOC1,0.0007759624866062204
APOC2,0.0005037142222053859
APOC3,5.33070451522538e-05
APOC4-APOC2,0.00012656577909191338
APOD,0.000570205202679714
APOF,1.1601863083425393e-05
APOH,0.0002545378446181814
APOL1,0.0006448702230537281
APOL3,0.0005429584030140937
APOLD1,0.00042232539481711377
APOM,0.00036049273815658524
AQP1,0.0006987925185210121
AQP12A,1.85454023530512e-05
AQP12B,1.7974098489094644e-05
AQP2,4.592404137189218e-05
AQP4,0.00045726282342061067
AQP5,0.0003864650907410716
AQP9,0.00041098721044012987
AQPEP,0.00011333789731876549
ARC,0.0002110748045064097
AREG,0.0005273574128829725
AREGB,0.00017183062369770184
ARG1,0.00015328522134465066
ARHGAP29,0.00045924041371892183
ARHGAP31,0.0004080867446692735
ARHGAP36,2.069877845565667e-05
ARHGAP44,0.0004025494918340023
ARHGEF15,0.00040751544080531695
ARHGEF26,0.00044645199645650975
ARHGEF4,0.00041648051682432747
ARL14,0.0001344321938340844
ARL4D,0.00048191678247288964
ARMC9,0.0004647337201031195
ARNTL2,0.0004221496090128194
ARRB1,0.0005240614290524539
ARSE,0.00033689349393007225
ART3,0.00012177561592489306
ARTN,0.00034950612538819
ASB11,4.1661235617754826e-05
ASCL1,0.00011298632571017685
ASCL3,3.898050210226638e-05
ASGR2,0.00024829744856573287
ASH2L,0.0005406292411071939
ASIC2,5.814115477034771e-05
ASNS,0.0005595262150688338
ASPG,0.0002690841199235367
ASPN,0.0004593722530721426
ASPSCR1,0.0005616356447203656
ASRGL1,0.00048657510628668924
ATCAY,1.6963330114402282e-05
ATF3,0.0005936726075530062
ATF5,0.0005673926298110048
ATHL1,0.0005744240619827778
ATOH8,0.0004561641621437712
ATP10A,0.00036567841938326784
ATP10B,0.0002060209626329479
ATP11A,0.00054229920624799
ATP11B,0.0005237098574438652
ATP12A,0.0001671283534328287
ATP13A4,0.00045361526798150346
ATP2A3,0.0005143492633651925
ATP2C2,0.00046780997167827015
ATP4A,5.1944705168972784e-05
ATP4B,3.361903507128949e-05
ATP6V1B1,0.0003158870903169005
ATP6V1C2,0.0003407607816245474
ATP8A1,0.00041977650065484605
AXL,0.0004980451300168939
AZGP1,0.0004592843601699954
AZU1,0.0001931007060173151
B3GALT5,8.402561445268694e-05
B3GNT3,0.00037530269216838206
B3GNT5,0.0005329825586203908
B3GNT6,0.0001516152562038546
B3GNT7,0.00047901631670203333
B3GNT8,0.0004537031608836506
B4GALNT4,0.0003738085128318803
B4GALT4,0.0005356193456848056
BAALC,0.0003863332513878509
BACE2,0.0005716993820162157
BAI1,0.00023994762286175248
BAMBI,0.0004574825556759786
BARX1,0.00023520140614580572
BARX2,0.00030147265436476593
BASP1,0.0005778079387154434
BATF2,0.0004106795852826148
BCAN,0.0001225666520442175
BCAS1,0.00031180007036705744
BCAT1,0.0004518574099385602
BCHE,0.00034058499582025303
BCL11A,0.0003985503647863064
BCL2A1,0.0005164586930167243
BCL6B,0.0004236877348003948
BEST2,2.799388933387112e-05
BEX1,0.00023445431647755484
BEX5,0.0003966167209390689
BHLHE41,0.0004431120661749176
BHMT,9.017811760298829e-05
BHMT2,0.0003040215485270336
BIRC3,0.0005025276680263992
BMP2,0.00042636846831588325
BMP4,0.0004263245218648096
BMP5,0.00032973022240507854
BMP6,0.0003554388962831234
BMP7,0.0003858498404260415
BMPER,0.0002748411050141758
BNC1,0.0001886621144588834
BPIFA1,0.0003670847058176224
BPIFA2,0.0001355748015619975
BPIFB1,0.0004633274336687649
BPIFB2,0.00013381694351905426
BPIFB4,7.027037526665608e-05
BRDT,0.00011663388114928408
BRINP1,0.00018492666611762902
BRINP2,4.91321323002636e-05
BTBD16,0.0001524941852253262
BTG2,0.0006421894895382397
BTK,0.0004493524622273661
BTN1A1,3.577241117389496e-05
BTNL3,5.264784838615008e-05
BTNL9,0.00039749564996054045
C10orf10,0.0006499680113782636
C10orf128,0.00046706288201001924
C10orf54,0.0005961336088131267
C10orf99,0.0001649749773302232
C11orf53,0.00011549127342137096
C11orf86,8.024621966035897e-05
C11orf88,0.0002878492545319558
C11orf96,0.0005410247591668562
C12orf54,0.00021516182445625276
C12orf75,0.000528763699317327
C14orf132,0.00038756375201791116
C14orf23,1.2173166947381948e-05
C15orf48,0.0005540768551357097
C15orf59,0.0003330262062355971
C16orf74,0.00041349215815132396
C16orf89,0.0005657226646702087
C17orf72,0.0003483195712092033
C19orf33,0.0006866632980247037
C19orf59,0.00041520606974319364
C19orf77,0.0002048344084539612
C1QB,0.0007576368165085371
C1QTNF1,0.0005101304040621287
C1QTNF3,0.00040852620918000934
C1QTNF9B,0.00010788853738564145
C1orf110,0.00021002008968064377
C1orf115,0.0004622727188429989
C1orf116,0.000537684828885264
C1orf162,0.0005518355861309571
C1orf189,0.00016392026250445726
C1orf192,0.0003700291180395523
C1orf194,0.000319402806402787
C1orf61,0.000210415607740306
C1orf64,2.289610100933572e-05
C1orf87,0.00017789523394585603
C2,0.0006113830273356594
C20ORF135,1.8018044940168225e-06
C20orf166,9.009022470084112e-06
C20orf85,0.00032177591476076036
C21orf37,3.4410071190613955e-05
C21orf62,3.54647860163799e-05
C2CD4B,0.0003054717814124618
C2orf40,0.00034216706805890193
C2orf54,0.00042258907352355526
C2orf82,0.00024992346725545534
C3,0.0008034290185272086
C3AR1,0.00048073022829390295
C3orf72,5.981111991114379e-05
C4A,0.0006399921669845607
C4B,0.000635026218013246
C4BPA,0.0005285879135130328
C4BPB,0.0003054717814124618
C4orf26,9.94508187795139e-05
C5,0.0003743358702447633
C5AR1,0.0005035384364010916
C5AR2,0.00031694180514266646
C5orf38,0.00047941183476169554
C5orf49,0.0003040215485270336
C6,0.00020676805230119877
C6orf118,0.0001782468055544447
C6orf141,0.0003372450655386609
C6orf15,0.00010305442776754753
C6orf203,0.0004895634649596928
C6orf58,4.491327299719982e-05
C7,0.0005488472274579536
C7orf10,0.0003798291766289609
C8A,4.4605647839684754e-05
C8B,0.0001812351642274482
C8orf22,3.181723057727267e-05
C8orf4,0.0006591088732015684
C8orf87,2.3643190677586598e-05
C9orf116,0.00041973255420377247
C9orf117,0.0003172494303001815
C9orf135,0.000231290172000257
C9orf152,0.0003453312125361998
C9orf24,0.00034959401829033713
CA12,0.0004236877348003948
CA2,0.0005017805783581483
CA3,0.0003116682310138367
CA4,0.0003501213757032201
CA5A,2.197322553679052e-05
CA6,4.917607875133718e-05
CA8,0.00026868860186387444
CA9,0.0003702927967459938
CABP7,0.0001033620529250626
CABYR,0.0003696335999798901
CACNA1A,0.00015956956384817275
CACNA2D2,0.00043071916697216773
CACNG4,0.0003260826669659713
CACNG6,0.00016888621147577193
CACNG7,1.3799185637104446e-05
CADM1,0.0005421673668947692
CALB1,0.0001770163049243844
CALB2,0.0003100861587751878
CALCA,0.0001923536163490642
CALCB,8.868393826648654e-05
CALCRL,0.0004954522894035526
CALHM3,4.930791810455792e-05
CALML3,0.00032340193345048283
CALML5,0.00021656811089060734
CALY,0.00013021333453102062
CAMK2B,0.00016348079799372145
CAMK2N1,0.0005115366904964833
CAMP,0.00024759430534855554
CAPN12,0.0004310267921296828
CAPN13,0.0004291810411845924
CAPN3,0.0004400797610508405
CAPN5,0.00042285275222999675
CAPN6,0.00017569791139217697
CAPN8,0.0004982648622722618
CAPNS2,0.00023972789060638456
CAPS,0.0005607567156988941
CAPSL,0.0002453969827948765
CARD14,0.00031412923227395724
CARD16,0.0005747756335913664
CARD18,8.301484607799457e-05
CARTPT,1.907275976593417e-05
CASP14,9.281490466740315e-05
CASR,4.1661235617754826e-05
CATSPERD,0.00017161089144233395
CAV1,0.0006635035183089265
CAV2,0.0006347625393068045
CBLC,0.0004383219030078973
CBLN1,8.266327446940593e-05
CBR1,0.0006641187686239566
CBR3,0.00045440630410082793
CBS,0.0005026155609285463
CCBE1,0.0003052081027060203
CCDC114,0.0002933425609161534
CCDC17,0.0003093390691069369
CCDC19,0.0003415957641949454
CCDC3,0.00046614000653747405
CCDC37,0.000210415607740306
CCDC42B,0.00022935652815301942
CCDC58,0.0005628221988993523
CCDC68,0.0003643160793999868
CCDC69,0.0005109653866325267
CCDC78,0.0003795654979225194
CCDC80,0.0005890582301902802
CCDC91,0.0005184802297661091
CCKBR,5.392229546728393e-05
CCL13,0.00045691125181202203
CCL14,0.0004920244662198133
CCL15-CCL14,0.00034427649771043387
CCL17,0.0003432217828846679
CCL18,0.0006679421098673582
CCL19,0.0005315762721860363
CCL2,0.0006572191758054044
CCL20,0.0005087680640788476
CCL21,0.0006267203387603392
CCL23,0.00034968191119248433
CCL24,0.00029909954600679256
CCL26,0.00029518831186124385
CCL3,0.0005023518822221049
CCL4,0.0005063510092698007
CCL4L1,0.00041516212329212006
CCL4L2,0.0003773681753688404
CCL5,0.0005782474032261793
CCNA1,0.00024838534146788
CCNB2,0.00046543686332029677
CCND1,0.0006234683013808942
CCND2,0.00047453377869252807
CCNE1,0.0003858498404260415
CCNJL,0.0004317738817979337
CCNO,0.0003369374403811458
CCRL2,0.0004081306911203471
CCT2,0.0006685573601823883
CCT6A,0.000696595195967333
CD101,0.0003634371503785152
CD163,0.0006087462402712445
CD2,0.0004681175968357852
CD200,0.0004289173624781509
CD207,0.0002636347599904126
CD22,0.00037038068964814096
CD27,0.0004391129391272217
CD274,0.00043142231018934507
CD300LF,0.0004194249290462574
CD300LG,0.00018532218417729123
CD302,0.0004895195185086192
CD34,0.0005376408824341904
CD36,0.0005227430355202465
CD37,0.0005890142837392066
CD3D,0.0004808620676471237
CD3E,0.0005016926854560011
CD40,0.0005594822686177602
CD48,0.0005239735361503067
CD52,0.000696287570809818
CD53,0.0006250503736195431
CD69,0.00044478203131571365
CD7,0.0004697436155255077
CD70,0.0002542741659117399
CD79A,0.00048371858696690645
CD79B,0.00040426340342587195
CD83,0.0004969464687400543
CD8B,0.0003710838328653183
CD93,0.0005204138736133467
CD97,0.0006130529924764555
CDA,0.00042417114576220416
CDC20,0.0005022200428688841
CDC20B,8.973865309225248e-05
CDC42EP5,0.000509251475040657
CDC45,0.000418633892926933
CDCA3,0.00045779018083349365
CDCA8,0.00042421509221327773
CDH11,0.0005605369834435261
CDH13,0.0004230724844853646
CDH16,8.174039899686072e-05
CDH17,0.00012920256615632825
CDH18,5.67788147870667e-05
CDH2,0.00023770635385699982
CDH22,5.761379735746474e-05
CDH3,0.0005343888450547454
CDH5,0.000516810264625313
CDH6,0.0003128547851928234
CDHR2,0.00012102852625664218
CDHR3,0.00036308557876992654
CDHR4,0.00021775466506959403
CDHR5,8.6222937006366e-05
CDK5R2,8.420140025698126e-05
CDK5RAP2,0.0005583836073409207
CDKN1C,0.0004962872719739506
CDKN2A,0.00045181346348748664
CDKN2B,0.0004688207400529625
CDKN3,0.00045924041371892183
CDO1,0.00030173633307120743
CDSN,0.0001121513431397788
CDX2,7.251164427140871e-05
CEA,7.22919120160408e-05
CEACAM1,0.0004709301697044944
CEACAM5,0.000503802115107533
CEACAM6,0.0006951010166308313
CEACAM7,0.0001598771890056878
CECR1,0.000559614107970981
CEL,0.0002911452383624744
CELA2A,4.697875619765813e-05
CELA3A,3.818946598294192e-05
CELA3B,3.858498404260415e-05
CELF2,0.00046609606008640047
CELF3,6.666676627862244e-05
CENPW,0.0005070980989380516
CEP112,0.0004195567683994782
CERS3,0.00019222177699584347
CES1,0.0006700075930678165
CFB,0.0006434639366193736
CFD,0.000577544260009002
CFHR2,1.0678987610880192e-05
CFI,0.0005473091016703782
CFP,0.00039393598742358044
CFTR,0.00030213185113086964
CGA,9.004627824976754e-05
CGB,3.401455313095172e-05
CGB5,8.965076019010532e-05
CGNL1,0.0004087459414353772
CGREF1,0.0003385195126197947
CH25H,0.0004393326713825896
CHAD,0.00022584081206713296
CHGA,0.0001427380730869912
CHGB,0.00020993219677849662
CHI3L1,0.0006194252278821247
CHI3L2,0.00048147731796215385
CHIA,0.0002796752146322697
CHIC2,0.0005162389607613565
CHIT1,0.0004883329643296325
CHP2,0.0001383873744307067
CHRDL1,0.000424083252860057
CHRDL2,0.00030881171169405393
CHRNA1,0.0001825975042107292
CHRNA2,6.064610248154183e-05
CHRNA6,7.308294813536527e-05
CHRNA9,8.683818732139613e-05
CHRND,1.5513097228974108e-05
CHST2,0.0004484735332058945
CHST9,0.0002240829540241897
CIDEA,5.3614670309768864e-05
CIDEC,8.187223835008147e-05
CIITA,0.0004675023465207551
CIT,0.00046451398784775157
CITED2,0.0006223696401040546
CITED4,0.00044627621065221546
CKM,0.0001898486686378701
CKMT1A,0.00039569384546652364
CKMT1B,0.0004092293523971866
CLC,0.00018220198615106697
CLCA1,1.2700524360264919e-05
CLCA2,0.00028450932425036366
CLCA4,0.00012498370685326446
CLDN1,0.0005567136422001246
CLDN10,0.0003789502476074893
CLDN11,0.00036123982782483615
CLDN18,0.0004203478045188026
CLDN19,4.100203885165111e-05
CLDN2,0.0002273349914036347
CLDN3,0.0005074496705466402
CLDN5,0.0005465180655510538
CLDN6,0.00015930588514173125
CLDN8,0.00022276456049198228
CLEC12A,0.0003834767320680681
CLEC14A,0.0005053402408951084
CLEC1A,0.00037042463609921454
CLEC2A,2.667549580166369e-05
CLEC2B,0.0005029231860860613
CLEC3A,1.9204599119154913e-05
CLEC3B,0.0005399260978900167
CLEC4A,0.0004234240560939533
CLEC4E,0.0004050544395451964
CLIC2,0.0004972540938975694
CLIC3,0.0005105259221217909
CLIC5,0.0003935404693639182
CLIC6,0.00046939204391691905
CLPS,5.119761550072191e-05
CLPSL1,7.404977005898405e-05
CLPSL2,0.00011382130828057489
CLRN3,7.85762545195629e-05
CLVS2,1.0810826964100935e-05
CMBL,0.0005023079357710312
CMPK2,0.0004256653250987059
CNFN,0.0004033844744044003
CNN1,0.0004996272022555428
CNTN2,4.7330327806246776e-05
CNTN5,0.00012366531332105705
CNTNAP2,0.00022179773856836348
CNTNAP5,1.69193836633287e-05
COBL,0.000407823065962832
COCH,0.0003375966371472495
COL10A1,0.000427862647652385
COL11A1,0.00035486759241916687
COL11A2,0.00021489814574981127
COL12A1,0.0005353117205272906
COL14A1,0.00043159809599363936
COL15A1,0.0004622727188429989
COL16A1,0.0005425628849544315
COL17A1,0.0004308070598743149
COL27A1,0.0004152939626453408
COL2A1,0.00010687776901094908
COL4A3,0.0003459464628512299
COL4A5,0.0004345425082155693
COL4A6,0.0002713253889282893
COL5A1,0.0005916510708036215
COL5A2,0.0005503853532455289
COL6A6,0.000291496809971063
COL7A1,0.000487541928210308
COL8A1,0.0005384758650045884
COL9A2,0.00041656840972647467
COL9A3,0.00032388534441229224
COLCA1,0.0003816749275740513
COLCA2,0.00037389640573402746
COLEC12,0.0004794557812127691
COMP,0.00041032801367402616
COX4I2,0.00047844501283807677
COX6B2,0.00020171421042773695
COX7A1,0.0005631298240568674
COX7B2,6.851251722371283e-05
COX8C,5.0714204538912516e-05
CP,0.000570512827837229
CPA1,9.518801302537652e-05
CPA3,0.0004968146293868336
CPA4,0.00016233819026580836
CPAMD8,0.0004270716115330605
CPB1,0.0001432214840488006
CPB2,0.00024363912475193326
CPD,0.0005507808713051911
CPE,0.0005869488005387484
CPLX2,0.00011606257728532752
CPLX3,3.603608988033645e-05
CPM,0.0005481440842407763
CPN1,1.700727656547586e-05
CPS1,0.0002792796965726075
CPVL,0.0005390911153196186
CPXM1,0.0003972759177051726
CPXM2,0.0004202159651655819
CR2,0.00021722730765671107
CRABP1,0.00022698341979504605
CRABP2,0.0005851469960447315
CRB2,5.625145737418373e-05
CRCT1,0.00011852357854544806
CREB3L1,0.0005137779595012359
CREB3L3,4.051862788984172e-05
CRISP3,0.0001309604241992715
CRISPLD1,0.0003602730059012173
CRLF1,0.0005110093330836003
CRNN,5.994295926436453e-05
CRP,6.253579987770582e-05
CRTAC1,0.0004225451270724817
CRYAB,0.000597583841698555
CRYBA2,8.165250609471357e-05
CRYM,0.0003668649735622545
CSAG1,0.0001425183408316233
CSF1,0.0005267861090190159
CSF2RB,0.0004203917509698762
CSF3,0.0003190951812452719
CSF3R,0.0005548678912550342
CSN1S1,2.0918510711024573e-05
CSPG4,0.00039969297251421954
CSRNP1,0.0005356632921358793
CSRP2,0.0005645800569422956
CSRP3,2.1533761026054707e-05
CST1,0.00035126398343113323
CST11,1.4370489501060999e-05
CST2,0.0002638984386968541
CST4,0.00011900698950725745
CST6,0.0004570870376163164
CST7,0.0005030550254392822
CSTA,0.0005912555527439593
CT45A1,8.57395260445566e-05
CT45A3,0.00011382130828057489
CT45A5,9.808847879623287e-05
CTAG1A,8.824447375575073e-05
CTAG1B,5.9195869596113655e-05
CTAG2,0.00010371362453365125
CTAGE15,7.3830037803616145e-06
CTB-186H2.3,8.705791957676404e-05
CTD-2105E13.6,4.926397165348434e-05
CTD-2545G14.7,2.9532015121446458e-05
CTHRC1,0.000563173770507941
CTNNA2,4.319936140533016e-05
CTRB1,5.836088702571562e-05
CTRB2,8.885972407078086e-05
CTSE,0.0005335099160332738
CTSG,0.00030512020980387315
CTSK,0.0005952107333405816
CTSS,0.0006983970004613498
CTSV,0.00039015659263125246
CTSW,0.00044188156554485734
CUL4A,0.0005741603832763362
CUZD1,0.0002080864458334062
CX3CL1,0.0005782034567751057
CXCL1,0.0005426507778565786
CXCL10,0.0005155797639952528
CXCL11,0.00033636613651718926
CXCL12,0.0005300381463984609
CXCL13,0.0004387174210675595
CXCL14,0.0005118003692029247
CXCL2,0.0005459467616870972
CXCL3,0.0004224132877192609
CXCL5,0.00034783616024739394
CXCL6,0.00030239552983731113
CXCL9,0.0004953204500503319
CXCR6,0.00037873051535212136
CXorf48,4.069441369413604e-05
CXorf61,0.00016866647922040402
CXorf67,4.442986203539043e-05
CYBB,0.0005326309870118021
CYBRD1,0.0005865532824790861
CYFIP2,0.0005000227203152051
CYP11B1,1.186554178986688e-05
CYP1A1,0.00011360157602520698
CYP1B1,0.0004784010663870032
CYP24A1,0.0003471330170302166
CYP26A1,0.00015025291622057356
CYP27A1,0.0005693702201093159
CYP27B1,0.00033469617137639316
CYP2A6,0.0001509121129866773
CYP2A7,5.3966241918357516e-05
CYP2B6,5.370256321191603e-05
CYP2F1,0.0001756539649411034
CYP2S1,0.00048371858696690645
CYP2W1,0.00010758091222812638
CYP3A4,3.203696283264058e-05
CYP3A5,0.0003521868589036784
CYP4B1,0.0005274453057851196
CYP4F11,0.0002970780092574078
CYP4F3,0.00028029046494729983
CYP4X1,0.00040123109830179487
CYR61,0.0006738748807622916
CYTIP,0.0004836746405158329
CYYR1,0.0004254895392944116
DACT2,0.00027110565667292144
DAPK1,0.0005054281337972555
DAPK2,0.0004636790052773535
DAPL1,0.00033843161971764757
DARC,0.0004908379120408266
DAW1,0.00023537719195010004
DCBLD2,0.000495408342952479
DCD,1.1689755985572556e-05
DCDC2B,0.00017745576943512022
DCSTAMP,0.0003093830155580105
DCUN1D1,0.0005172057826849752
DCUN1D2,0.0004456170138861117
DCX,8.130093448612492e-06
DDAH1,0.0005208093916730089
DDC,0.00023414669132003978
DDHD2,0.000531180754126374
DDX3Y,0.0003207211999349944
DEFA1,0.0002734787650308948
DEFA1B,8.907945632614876e-05
DEFA3,0.00018057596746134447
DEFA4,9.277095821632957e-05
DEFA5,2.720285321454666e-05
DEFA6,2.0479046200288764e-05
DEFB1,0.0004254895392944116
DEFB103A,4.82092568277184e-05
DEFB103B,4.1793074970975565e-05
DEFB119,5.756985090639116e-06
DEFB123,1.9775902983111466e-06
DEFB126,6.565599790393007e-05
DEFB4A,0.00024223283831757868
DEFB4B,9.712165687261409e-05
DEGS2,0.0003411562996842096
DENND3,0.0005321915225010664
DERL3,0.0005411126520690033
DES,0.0004400797610508405
DHCR7,0.0005920026424122101
DHRS2,0.00023045518942985897
DHRS9,0.000407823065962832
DIO1,0.0001455066995046268
DIO2,0.0003051641562549467
DIRAS2,8.921129567936951e-05
DIRAS3,0.0002820483229902431
DKK1,0.00036374477553603024
DKK4,6.943539269625804e-05
DLC1,0.00048494908759696677
DLEC1,0.0002701388347493026
DLGAP1,0.00022417084692633686
DLGAP2,3.862893049367773e-05
DLK1,8.846420601111863e-05
DLL3,0.00013961787506076696
DLX2,6.244790697555866e-05
DLX5,0.00026446974256081067
DLX6,0.00017582975074539772
DMBT1,0.0004562960014969919
DMKN,0.0006391571844141627
DMRT2,0.00025796566780192067
DMRTC2,3.317957056055368e-05
DNAAF1,0.00032432480892302803
DNAAF3,0.0003408926209777681
DNAH12,0.00020958062516990796
DNAH9,0.00024183732025791644
DNAI1,0.0002259726514203537
DNAI2,0.00019477067115811116
DNAJA4,0.0005217322671455541
DNAJB1,0.0006739627736644388
DNAJB4,0.0004892997862532513
DNAJC12,0.0003673483845240639
DNALI1,0.00046104221821293865
DNASE1L3,0.0003552191640277555
DNER,0.00023032335007663822
DNMT3L,1.700727656547586e-05
DNTTIP1,0.0005926178927272403
DOCK2,0.00046767813232504937
DOCK4,0.00045229687444929605
DOCK8,0.0004559004834373297
DOK2,0.00048591590952058554
DPCR1,0.00020457072974751974
DPEP1,0.00026244820581142593
DPEP2,0.0003960014706240387
DPEP3,8.683818732139613e-05
DPP4,0.0004526044996068111
DPPA4,4.9659489713146574e-05
DPPA5,1.705122301654944e-05
DPRX,2.715890676347308e-05
DPT,0.000498880112587292
DPYD,0.0004943536281267131
DPYSL2,0.0005774124206557813
DPYSL5,4.245227173707928e-05
DRAM1,0.0005687549697942858
DSC2,0.00047796160187626736
DSC3,0.0002800267862408584
DSCR8,5.625145737418373e-05
DSG1,9.15404575862693e-05
DSG3,0.00023867317578061861
DSP,0.0005702930955818611
DUOX1,0.0005145250491694868
DUOX2,0.0003028789407991205
DUOXA1,0.0005094712072960249
DUOXA2,0.00019622090404353934
DUSP1,0.0007236222633775854
DUSP13,0.0001736324281917187
DUSP2,0.0004593722530721426
DUSP4,0.0004130526936405882
DUSP5,0.0005116245833986304
DUSP6,0.0006258853561899411
DYDC2,0.00026148138388780716
DYNLRB2,0.0003099103729708935
ECE2,0.0004458806925925532
ECEL1,0.00019964872722727866
ECHDC3,0.00047405036773071865
ECM1,0.0005491548526154686
ECSCR,0.0005687989162453593
EDIL3,0.0004733472245135414
EDN1,0.0004919805197687397
EDN2,0.0003312244017415803
EDN3,8.103725577968343e-05
EDNRB,0.0004255334857454852
EEF1A2,0.0003471769634812902
EFCAB1,0.00032344587990155646
EFCAB4A,0.0005086801711767005
EFCC1,0.0003318396520566104
EFEMP1,0.0006380585231373231
EFHD1,0.0004066365117838453
EFNA2,0.0001121513431397788
EFNB1,0.0005355753992337321
EGFL6,0.00048160915731537457
EGFL7,0.0006073839002879635
EGFR,0.0005285000206108855
EGLN3,0.0005317520579903306
EGR1,0.0006516819229701332
EGR2,0.0004167002490796954
EIF1AY,0.00032151223605431887
EIF4E1B,2.1050350064245315e-05
EIF4EBP1,0.0006319060199870217
ELANE,0.00017222614175736408
ELAVL3,3.388271377773098e-05
ELF5,0.00032964232950293134
ELMO1,0.0004977814513104524
ELN,0.0005776321529111491
EMB,0.0004899150365682814
EMCN,0.00043862952816541234
EMP1,0.0006688210388888298
EMP2,0.0006879377451058376
EMX2,3.5069267956717666e-05
ENG,0.0006434199901683
ENKUR,0.0002468032692292311
ENO3,0.0004447380848646401
ENPP2,0.0005355314527826585
ENPP4,0.0004391129391272217
ENPP6,0.00010485623226156435
EPB41L3,0.0004923320913773284
EPDR1,0.0005016047925538539
EPGN,0.00017394005334923375
EPHA5,2.6807335154884432e-05
EPHB3,0.00046064670015327644
EPHB6,0.00040931724529933377
EPS8L3,8.868393826648654e-05
EPSTI1,0.00048305939020080275
ERAS,5.220838387541427e-05
ERBB2,0.0006154700472855025
EREG,0.00024363912475193326
ERG,0.00043489407982415793
ERLIN2,0.000530126039300608
ERN2,0.0002502310924129704
ERO1L,0.0005993856461925718
ERP27,0.0004134042652491768
ERRFI1,0.0006318181270848746
ERV3-1,0.00046939204391691905
ERVMER34-1,0.0003025713156416054
ESAM,0.000581631279958845
ESM1,0.0004169639277861369
ESPN,0.00042096305483383273
ESYT3,0.0003664255090515187
ETNPPL,5.888824443859859e-05
ETS1,0.0005627343059972052
ETV1,0.0004669310426567985
ETV4,0.00046662341749928346
EVA1A,0.0005004621848259408
EVI2B,0.0005179089259021526
EYA2,0.0003961333099772595
F13A1,0.00048525671275448184
F2,4.429802268216969e-05
F2RL2,0.00022192957792158423
F3,0.0006153821543833553
F5,0.00033689349393007225
FA2H,0.0003568891291685516
FABP1,5.9239816047187235e-05
FABP3,0.0005012532209452653
FABP4,0.00048125758570678593
FABP5,0.0007112733106259091
FABP6,0.0003745995489512048
FABP7,0.00011962223982228759
FAIM2,0.0002690841199235367
FAIM3,0.00043564116949240884
FAM105A,0.00046807365038471164
FAM107A,0.0004131845329938089
FAM107B,0.0005914752849993271
FAM118A,0.0005050765621886668
FAM129C,0.00018765134608419103
FAM132A,0.00032555530955308834
FAM132B,0.0003016923866201338
FAM134B,0.0004150742303899729
FAM150B,0.0003281481501664296
FAM151A,5.5284635450564944e-05
FAM154B,0.0003263023992213392
FAM159B,4.8428989083086305e-05
FAM162B,0.0003626461142591907
FAM163A,5.286758064151799e-05
FAM166B,0.0003008574040497358
FAM167A,0.00034541910543834693
FAM174B,0.0005050326157375933
FAM177B,0.0001694575153397285
FAM183A,0.0003763134605430744
FAM184A,0.0003716990831803484
FAM189A2,0.000412129818168043
FAM216B,0.00020848196389306844
FAM229B,0.00048587196306951197
FAM25A,0.00011175582508011658
FAM25G,3.682712599966091e-05
FAM26F,0.0004779176554251938
FAM3B,0.00045664757310558054
FAM3D,0.0003404531564670323
FAM43B,0.00011975407917550833
FAM46B,0.0003875198055668376
FAM46C,0.00043783849204608787
FAM65B,0.00041024012077187896
FAM69B,0.0004490008906187775
FAM81B,0.0002873658435701464
FAM83A,0.00040685624403921324
FAM83C,0.00011768859597505002
FAM83D,0.0004495282480316604
FAM84A,0.0004234680025450269
FAM84B,0.0005421673668947692
FAM92B,0.00023067492168522686
FAM9B,3.9551805966222934e-05
FAM9C,1.9644063629890724e-05
FAP,0.0004717651522748924
FAS,0.0004990119519405127
FASN,0.0006840265109602889
FAT2,0.00026253609871357313
FAXDC2,0.0004779176554251938
FBLN5,0.0005635692885676032
FBN1,0.0005367180069616452
FBN2,0.00020004424528694088
FBP1,0.0006145911182640308
FBXO2,0.0004361245804542182
FBXO27,0.00041125088914657136
FBXO32,0.0005263466445082801
FCER1A,0.0003342567068656574
FCER1G,0.0007078894338932433
FCER2,0.00019345227762590373
FCGBP,0.00031711759094696075
FCGR1A,0.0005275331986872668
FCGR1B,0.0003951664880536407
FCGR2A,0.000603340826789194
FCGR3A,0.0006199965317460812
FCGR3B,0.0003896292352183695
FCN1,0.0004483416938526737
FCN3,0.000529818414143093
FDCSP,0.0003101301052262614
FER1L6,7.211612621174648e-05
FERMT1,0.0004062849401752567
FERMT2,0.0005264784838615008
FETUB,0.00010850378770067158
FEV,2.0039581689552953e-05
FEZ1,0.0004919805197687397
FGA,0.0003283678824217975
FGB,0.00020004424528694088
FGD5,0.00042483034252830787
FGF11,0.00037873051535212136
FGF19,7.027037526665608e-05
FGF20,7.36981984503954e-05
FGF21,2.2368743596452747e-05
FGF3,1.7183062369770184e-05
FGF5,3.8321305336162666e-05
FGF7,0.0004440349416474628
FGFBP1,0.00044113447587660644
FGFBP2,0.00029391386478010996
FGFR1,0.00055530735576577
FGFR2,0.00048002708507672567
FGFR3,0.000478840530897739
FGFR4,0.00044983587318917547
FGG,0.000468557061346521
FGGY,0.0004742700999860866
FGL1,0.00023238883327709653
FGL2,0.0004546699828072694
FGR,0.0005122398337136606
FHL1,0.0005595262150688338
FHL2,0.0005619872163289543
FHL5,0.0002989237602024982
FIBIN,0.0003974077570583933
FIGF,0.0003473966957366581
FILIP1,0.00033408092106136303
FILIP1L,0.000511360904692189
FKBP5,0.0005676563085174462
FLG,9.822031814945362e-05
FLG2,1.5600990131121267e-05
FLI1,0.0004762037438333241
FLNC,0.00034098051387991524
FLRT3,0.00044135420813197436
FMO1,0.0003119758561713518
FMO2,0.0004954962358546262
FMO3,0.00044434256680497787
FMO5,0.00043524565143274657
FMR1NB,2.113824296639248e-05
FNDC1,0.0003418154964503133
FNDC4,0.00041296480073844103
FOLR1,0.0005927057856293874
FOLR2,0.0005182604975107411
FOLR3,0.0002435951783008597
FOS,0.000717689492482652
FOSB,0.0004990558983915863
FOSL1,0.00045102242736816216
FOXA1,0.0004970343616422016
FOXA2,0.00037363272702758596
FOXE1,0.0002268515804418253
FOXF1,0.00041894151808444805
FOXG1,3.54647860163799e-05
FOXH1,0.00011373341537842773
FOXI1,5.502095674412346e-05
FOXJ1,0.00038589378687711506
FOXM1,0.0004759400651268826
FOXQ1,0.0004242590386643513
FPR1,0.0004801589244299464
FPR2,0.00032089698573928874
FRG2B,1.69193836633287e-05
FRMD1,3.739842986361746e-05
FRMD6,0.000475588493518294
FRY,0.00044693540741831916
FSCN1,0.0006242593375002186
FST,0.0004291810411845924
FSTL3,0.0005554391951189908
FTCD,0.0001649749773302232
FURIN,0.0006339275567364065
FUT3,0.00044465019196249293
FUT9,3.4410071190613955e-05
FXYD1,0.0004730835458070999
FXYD2,0.0002964627589423777
FXYD4,0.00020914116065917215
FXYD6,0.0005656347717680615
FZD4,0.00042329221674073254
G0S2,0.0005641845388826333
G6PC,9.009022470084112e-06
GAB2,0.0004502753376999113
GABRA2,6.556810500178291e-05
GABRA3,0.0001555264903494033
GABRA4,2.6807335154884432e-05
GABRA5,5.603172511881582e-05
GABRE,0.000475061136105411
GABRG2,6.455733662709054e-05
GABRP,0.0002477261447017763
GABRQ,9.940687232844031e-05
GABRR1,0.00010525175032122659
GAD2,8.701397312569045e-06
GADD45B,0.0006389374521587947
GADD45G,0.0004847733017926724
GAGE1,4.3419093660698065e-05
GAGE10,1.6128347544004242e-05
GAGE12I,6.890803528337507e-05
GAGE2D,4.3550933013918805e-05
GAL,0.00025313155818382677
GALNT14,0.00041885362518230085
GALNT6,0.0004624045581962197
GALNT9,9.729744267690842e-05
GALR1,1.010768374692364e-05
GAPDH,0.0009579886869529931
GAS2,0.0002094927322677608
GAS6,0.0006345428070514366
GAST,0.00010595489353840388
GATA2,0.000437926384948235
GATA3,0.0003342567068656574
GATA6,0.0003931010048531824
GBP1,0.0005771487419493397
GBP4,0.0005058675983079913
GBP5,0.00046886468650403606
GBP6,0.00027229221085190813
GBX1,2.127008231961322e-05
GC,3.2740106049817875e-05
GCG,1.828172364660971e-05
GCLC,0.0005553952486679172
GCLM,0.0005218641064987748
GCNT3,0.0003261705598681185
GDA,0.0001817185751892576
GDF10,0.00028450932425036366
GDF15,0.0005652392537083993
GDF6,8.486059702308498e-05
GDPD2,8.68821337724697e-05
GDPD4,6.657887337647527e-05
GEM,0.0005209851774773032
GFI1B,0.00011210739668870523
GFRA3,0.00027110565667292144
GGH,0.0005256874477421764
GGT1,0.0005542086944889305
GGTLC3,0.00024759430534855554
GH2,1.69193836633287e-05
GHRH,2.1709546830349033e-05
GHRL,0.00024464989312662566
GIF,1.1689755985572556e-05
GIMAP4,0.0005407610804604147
GIMAP5,0.0005414202772265184
GIMAP6,0.0004600753962893199
GIMAP7,0.0004985724874297768
GIMAP8,0.00041661235617754825
GJA1,0.0006308952516123294
GJA4,0.0004553731260244467
GJA5,0.0004716333129216717
GJB1,0.0002627997774200146
GJB2,0.0004473309254779814
GJB3,0.0003659860445407829
GJB5,0.0003071417465532579
GJB6,0.00030279104789697334
GKN1,4.144150336238692e-05
GKN2,0.0003602730059012173
GLB1L3,0.00017679657266901652
GLDN,0.0003260387205148977
GLIPR2,0.0005553513022168436
GLP2R,9.06175821137241e-05
GLRX,0.0006018027010016188
GLYATL2,0.00014933004074802836
GMFG,0.0006140198144000742
GMNC,4.9703436164220154e-05
GNA14,0.0003665573484047394
GNG11,0.00048059838894068223
GNG4,0.00027154512118365723
GNGT1,0.0001295541377649169
GNLY,0.0005125914053222492
GNRH2,8.472875766986425e-05
GNRHR,4.4034343975728196e-05
GOLGA7B,0.00011034953864576198
GOLGA8A,0.0005224354103627313
GOLM1,0.000588662712130618
GOLT1A,0.00040804279821819993
GP2,7.945518354103452e-05
GPC1,0.000579126332247651
GPC3,0.0005538571228803418
GPD1,0.00031109692714988016
GPD1L,0.000497825397761526
GPER1,0.0002989237602024982
GPIHBP1,0.00031790862706628523
GPM6A,0.0002700069953960819
GPNMB,0.0007164589918525916
GPR110,0.00039920956155241013
GPR116,0.0005508248177562647
GPR128,3.70908047061024e-05
GPR133,0.000450934534466015
GPR146,0.00042860973732063585
GPR15,0.00019129890152329824
GPR171,0.0003531536808272972
GPR183,0.0004807741747449765
GPR87,0.0003408926209777681
GPRC5A,0.0006682497350248732
GPRIN2,0.0003785107830967535
GPSM3,0.0005705567742883026
GPT2,0.0004555928582798146
GPX2,0.0005062631163676535
GPX3,0.0007393111464108538
GRAMD2,0.00040514233244734357
GRASP,0.0004857401237162912
GRB7,0.0005295107889855779
GREM1,0.000397231971254099
GRIA2,4.5660362665450696e-05
GRIK1,3.867287694475131e-05
GRK5,0.0004980451300168939
GRP,0.0002774339456275171
GRTP1,0.00045853727050174456
GSDMB,0.0004778737089741202
GSG1,4.3419093660698065e-05
GSR,0.0005873003721473369
GSTA1,0.00046609606008640047
GSTA2,0.0002171394147545639
GSTM1,0.00036449186520428115
GSTM2,0.0005841362276700391
GSTM3,0.0005812357618991828
GSTM4,0.0005285000206108855
GSTM5,0.00036607393744293005
GSTT1,0.000517645247195711
GTSF1,0.00029404570413333074
GUCA1A,9.712165687261409e-05
GUCA2B,5.282363419044441e-05
GYPA,2.465395905227896e-05
GYPC,0.0005687549697942858
GZMA,0.0004774342444633844
GZMB,0.0004781373876805617
GZMH,0.0004079549053160528
H2AFB1,5.0274740028176705e-05
H2AFB2,8.24874886651116e-05
H2AFB3,8.635477635958673e-05
HABP2,0.00023678347838445462
HAND1,5.220838387541427e-05
HAO1,9.228754725452018e-06
HAP1,0.0002275547236590026
HAPLN1,0.000162689761874397
HAS1,0.00018708004222023447
HAS3,0.00046965572262336054
HBA1,0.0005850591031425844
HBA2,0.0006582299441800968
HBB,0.0006751493278434255
HBE1,0.00010731723352168489
HBEGF,0.0005251161438782198
HBG1,7.963096934532884e-05
HBG2,0.00019670431500534873
HCAR2,0.00043884926042078026
HCAR3,0.0003633932039274416
HCK,0.0005439252249377125
HCST,0.0005638769137251183
HDGFL1,1.1206345023763165e-05
HEG1,0.0005115806369475568
HEPACAM2,0.00010191182003963443
HES6,0.0004428483874684761
HEY1,0.0004914971088069303
HFE2,2.8213621589239027e-05
HGD,0.0003028789407991205
HGF,0.0003793897121182251
HHATL,0.0001339048364212014
HHIP,0.0003213364502500245
HHIPL2,0.00019134284797437184
HHLA2,0.0002457925008545387
HIF3A,0.0003757861031301914
HIGD1B,0.00043915688557829533
HILPDA,0.0005389153295153243
HIST1H1A,1.3623399832810122e-05
HIST1H1B,0.00010942666317321679
HIST1H1C,0.0006313347161230651
HIST1H1D,0.00017503871462607327
HIST1H1E,0.00021406316317941322
HIST1H2AB,6.473312243138487e-05
HIST1H2AC,0.0005688428626964329
HIST1H2AD,0.00016409604830875158
HIST1H2AE,0.0003425625861185642
HIST1H2AH,0.00010692171546202266
HIST1H2AI,0.00022351165016023315
HIST1H2AJ,0.00011456839794882577
HIST1H2AK,0.00020729540971408175
HIST1H2AL,0.00012036932949053846
HIST1H2AM,0.000237794246759147
HIST1H2BB,4.087019949843036e-05
HIST1H2BC,0.00043691561657354267
HIST1H2BD,0.0005516158538755891
HIST1H2BE,0.00016356869089586862
HIST1H2BF,0.00017767550169048814
HIST1H2BG,0.0003511760905289861
HIST1H2BH,0.0002830590913649355
HIST1H2BI,8.125698803505134e-05
HIST1H2BJ,0.0003806202127482854
HIST1H2BL,0.00015214261361673755
HIST1H2BM,8.653056216388107e-05
HIST1H2BN,0.00026591997544623885
HIST1H2BO,0.0001847069338622611
HIST1H3A,8.560768669133586e-05
HIST1H3B,0.00011131636056938077
HIST1H3C,0.00010402124969116632
HIST1H3D,0.0002860035035868654
HIST1H3F,8.872788471756011e-05
HIST1H3G,0.00015930588514173125
HIST1H3H,0.000338915030679457
HIST1H3I,5.6998547042434604e-05
HIST1H3J,0.00011034953864576198
HIST1H4A,6.055820957939467e-05
HIST1H4B,0.00010177998068641368
HIST1H4C,0.00012177561592489306
HIST1H4D,0.0001263021003854719
HIST1H4E,0.0001814988429338897
HIST1H4F,1.94682778255964e-05
HIST1H4H,0.00040777911951175844
HIST1H4J,0.00044724303257583423
HIST1H4K,0.00011474418375312009
HIST2H2AA4,0.0006610425170488059
HIST2H2AB,8.842025956004504e-05
HIST2H2AC,0.000321600128956466
HIST2H2BE,0.0005059994376612121
HIST2H2BF,0.00037556637087482356
HIST2H3C,0.0001541641503661223
HIST2H3D,0.00015469150777900524
HIST2H4A,0.0004734790638667621
HIST2H4B,0.00036330531102529446
HIST3H2A,0.0004053620647027115
HIST3H2BB,0.00020707567745871383
HIST4H4,0.0003029668337012677
HK3,0.00047005124068302275
HLA-DMA,0.0006896956031487807
HLA-DMB,0.0006513303513615446
HLA-DOA,0.0005018684712602955
HLA-DPB1,0.0007580323345681993
HLA-DQA1,0.0006784013652228704
HLA-DQA2,0.000470974116155568
HLA-DQB1,0.0006736551485069238
HLA-DQB2,0.0004951446642460375
HLA-DRA,0.0008795882182377245
HLA-DRB1,0.0007843123123102008
HLA-DRB5,0.0006526926913448255
HLA-G,0.00032546741665094114
HLF,0.00037117172576746544
HMCN1,0.0004461443712989947
HMGA2,0.00024091444478537124
HMGB3,0.0006468038669009657
HMGB4,7.295110878214452e-06
HMGCS2,0.00014603405691750979
HMOX1,0.0006053623635385788
HMX3,1.063504115980661e-05
HNF1B,0.0003407607816245474
HOPX,0.0007023961275090457
HOXB13,0.0001126347541015882
HOXB2,0.00038224623143800785
HOXB8,0.00018127911067852178
HOXB9,0.00015833906321811248
HOXC10,0.00021032771483815883
HOXC11,0.00012946624486276975
HOXC13,0.00016185477930399895
HOXC4,9.329831562921254e-05
HOXD11,0.0001383434279796331
HP,0.0005415960630308126
HPD,0.00018088359261885954
HPGD,0.0005309170754199326
HPGDS,0.00034963796474141075
HPN,0.0004729956529049527
HPR,0.00014036496472901784
HPX,0.00024043103382356186
HR,0.00031667812643622497
HRASLS2,0.0002830590913649355
HRG,5.809720831927413e-05
HRH3,1.0063737295850058e-05
HS3ST4,4.5176951703641305e-05
HSD11B1,0.0004484295867548209
HSD17B11,0.0006117785453953216
HSD17B13,0.00019547381437528844
HSD17B2,0.0002938699183290364
HSD17B6,0.0004598117175828784
HSD3B1,1.3931024990325189e-05
HSD3B2,3.3311409913774426e-05
HSF4,0.0005353117205272906
HSPA1B,0.0007253801214205285
HSPA2,0.0004398600287954726
HSPA6,0.00044618831775006826
HSPB3,0.00023041124297878537
HSPB6,0.0004763355831865449
HSPB7,0.0003571528078749931
HSPB8,0.0005300820928495345
HTR3A,0.00018048807455919733
HTR3B,1.524941852253262e-05
HYAL1,0.00044957219448273403
IAPP,1.9292492021302076e-05
IBSP,0.0001471766646454229
ICAM1,0.000677302703946031
ICAM2,0.0005643163782358541
ICAM4,0.00036414029359569246
ID1,0.0006609985705977324
ID2,0.000616348976306974
ID4,0.00045282423186217903
IDO1,0.0005150963530334433
IER3,0.0006601635880273344
IER5,0.0005579001963791113
IFI44,0.000556142338336168
IFI44L,0.0004441667810006835
IFI6,0.0007293792484682245
IFIT1,0.0004968585758379072
IFIT3,0.000527928716746929
IFITM5,6.293131793736804e-05
IFT57,0.0006126574744167932
IGF1,0.0003793897121182251
IGF2,0.00041494239103675214
IGF2BP2,0.0004798512992724313
IGFBP1,8.050989836680046e-05
IGFBP2,0.0007183926356998292
IGFBP3,0.0006766874536310009
IGFBP5,0.0006394648095716777
IGFBP6,0.0005435297068780503
IGFL1,0.0001675678179435645
IGFL2,0.0002797191610833433
IGFL3,8.178434544793431e-05
IGJ,0.0007423873979860045
IGLL5,0.0006227212117126433
IGSF10,0.0003677878490347997
IGSF23,3.238853444122922e-05
IGSF6,0.0004789723702509597
IGSF9,0.00039591357772189155
IKBKB,0.000566953165300269
IL10RA,0.0004955841287567733
IL13RA2,0.00023955210480209024
IL17C,0.00011144819992260151
IL17REL,6.829278496834493e-05
IL1A,0.0002671504760762991
IL1B,0.0004328285966236996
IL1R2,0.00041793074970975565
IL1RL1,0.00036044879170551167
IL1RN,0.0005282363419044441
IL20RB,0.0003427383719228585
IL23A,0.0003038457627227393
IL2RG,0.0005670850046534897
IL33,0.0004838943727712008
IL36B,5.1988651620046364e-05
IL36G,0.00021072323289782107
IL36RN,0.00018250961130858204
IL37,0.00016053638577179154
IL6,0.0004903984475300907
IL6R,0.0004678978645804173
IL7R,0.0005190515336300657
IL8,0.0005697217917179046
INA,0.00013939814280539904
INHA,0.00021960041601468445
INHBA,0.00044579279969040605
INHBB,0.0004017145092636043
INMT,0.00049677068293576
INPP5D,0.0005016926854560011
INS,1.0239523100144382e-05
INSL6,2.2676368753967816e-05
INSM1,6.205238891589643e-05
INSRR,1.9819849434185047e-05
IQCF1,1.2480792104897015e-05
IQCF3,4.3506986562845225e-06
IQCG,0.0004647337201031195
IRF6,0.0005510445500116326
IRF8,0.0004613937898215273
IRX2,0.00044618831775006826
IRX3,0.0005288515922194742
IRX4,0.00011412893343808995
ISG15,0.0006644703402325453
ISM2,9.215570790129943e-05
ITGA1,0.00047365484967105644
ITGA11,0.0003781152650370912
ITGA6,0.0005635692885676032
ITGA8,0.0003667770806601073
ITGAL,0.000472336456138849
ITGAM,0.00045282423186217903
ITGAX,0.0005208533381240825
ITGB2,0.0006429365792064906
ITGB4,0.0006522532268340898
ITGB6,0.0005523629435438401
ITIH2,0.00012832363713485663
ITIH5,0.00038571800107282077
ITLN1,0.0002375305680527055
ITLN2,0.00029092550610710646
ITM2A,0.0005082846531170382
ITPKA,0.00029694616990418705
ITPRIP,0.00050327475769465
IVL,0.00026381054579470697
IYD,0.000200659495601971
JAG1,0.0005303018251049024
JAG2,0.0005116245833986304
JAM2,0.00042298459158321747
JAM3,0.00046156957562582164
KAL1,0.00044596858549470034
KANK2,0.0005981551455625115
KANK3,0.00037143540447390693
KCNA1,4.1661235617754826e-05
KCNAB2,0.000510613815023938
KCNC2,2.0479046200288764e-05
KCNE1L,0.00012014959723517056
KCNE2,0.0001712593198337453
KCNE3,0.0004562960014969919
KCNE4,0.0003499895363499994
KCNH6,7.365425199932182e-05
KCNJ15,0.0004979132906636731
KCNJ3,3.269615959874429e-05
KCNJ4,2.6983120959178758e-05
KCNJ6,6.108556699227765e-05
KCNK3,0.00032502795214020536
KCNK5,0.00041568948070500305
KCNN4,0.0004781373876805617
KCNQ1,0.0004557686440841089
KCNQ2,6.671071272969601e-05
KCTD1,0.00046899652585725683
KCTD12,0.0005316202186371098
KCTD4,1.3887078539251607e-05
KDM5D,0.00029325466801400626
KDM6B,0.0004949249319906696
KDR,0.00045946014597428975
KEL,0.00017829075200551827
KHDC1L,0.00015394441811075437
KHDRBS3,0.00044917667642307177
KIAA0040,0.00051272324467547
KIAA0101,0.000498660380331924
KIAA0408,0.00032414902311873374
KIAA1199,0.0004370035094756898
KIAA1324,0.000437926384948235
KIAA1324L,0.0004579220201867144
KIAA1462,0.00046833732909115313
KIF12,0.00028661875390189554
KIF1A,0.00020817433873555338
KIFC2,0.000502747400281767
KIR2DL1,6.504074758889994e-05
KISS1,0.00016677678182424005
KIT,0.0004238195741536155
KLF2,0.0005023958286731785
KLF4,0.000557724410574817
KLF6,0.000617711316290255
KLF9,0.0005068344202316101
KLHDC7B,0.00029369413252474205
KLK1,0.0002755881946824267
KLK10,0.0004368277236713955
KLK11,0.0004708862232534208
KLK12,0.00021419500253263397
KLK13,0.00026904017347246313
KLK14,0.00017912573457591632
KLK15,1.533731142467978e-05
KLK3,3.1158033811168955e-05
KLK4,0.00012555501071722102
KLK5,0.0001615032076954103
KLK6,0.00021212951933217565
KLK7,0.00023344354810286247
KLK8,0.00023946421189994306
KNG1,4.073836014520962e-05
KPRP,5.339493805440096e-05
KREMEN1,0.0004935186455563151
KREMEN2,0.0002064604271436837
KRT1,0.00021907305860180147
KRT10,0.0005088559569809948
KRT13,0.0004196446613016253
KRT14,0.0003837404107745096
KRT15,0.0005945954830255515
KRT16,0.0004139316226620598
KRT17,0.0006265884994071184
KRT2,7.567578874870655e-05
KRT20,7.20721797606729e-05
KRT222,6.583178370822439e-05
KRT23,0.0002820043765391695
KRT24,6.359051470347176e-05
KRT25,2.9004657708563483e-06
KRT31,0.00011900698950725745
KRT34,6.710623078935825e-05
KRT36,5.0670258087838936e-05
KRT4,0.00034774826734524674
KRT40,8.472875766986425e-05
KRT5,0.0005434418139759031
KRT6A,0.000520589659417641
KRT6B,0.0003295544366007842
KRT6C,0.00022935652815301942
KRT7,0.00073509228710779
KRT75,0.00011408498698701637
KRT77,6.170081730730778e-05
KRT79,0.00013482771189374663
KRT80,0.0004495282480316604
KRT81,0.00019516618921777338
KRT83,6.798515981082986e-05
KRT85,2.8169675138165443e-05
KRT86,0.00021173400127251344
KRTAP1-1,1.4722061109649647e-05
KRTAP1-3,4.65832381379959e-06
KRTAP1-5,1.5469150777900524e-05
KRTAP11-1,4.746216715946752e-06
KRTAP2-3,5.212049097326711e-05
KRTAP21-2,5.581199286344792e-06
KRTAP3-1,9.15404575862693e-05
KRTAP3-2,1.9336438472375656e-05
KRTAP3-3,1.010768374692364e-05
KRTDAP,0.00022856549203369497
KYNU,0.0004795876205659899
L1CAM,0.0002284775991315478
LAD1,0.0006025497906698696
LAIR1,0.0005497701029304987
LAIR2,0.00021199767997895493
LAMA1,0.0002928152035032705
LAMA3,0.000565898450474503
LAMA4,0.0005303897180070496
LAMC2,0.0005935407681997855
LAMC3,0.0004350698656284523
LAMP1,0.000727225872365619
LAMP3,0.0005677442014195934
LAPTM5,0.0007119325073920128
LAT2,0.000492376037828402
LBP,0.00013311380030187696
LCE1A,1.7974098489094644e-05
LCE1C,7.655471777017817e-05
LCE1F,5.1900758717899205e-05
LCE2B,2.1401921672833964e-05
LCE2C,2.3159779715777207e-05
LCE3D,0.00010560332192981523
LCE3E,6.939144624518445e-05
LCN12,0.00026772177994025567
LCN15,3.941996661300219e-05
LCN2,0.0006459688843305677
LCP1,0.00063041184065052
LCP2,0.0005523189970927665
LDB2,0.0004763355831865449
LDHAL6A,2.5049477111941193e-05
LDLR,0.0006051426312832108
LDLRAD1,0.0002685567625106537
LDOC1,0.0005433099746226823
LECT1,8.784895569608849e-05
LEFTY1,0.00012520343910863238
LELP1,1.2964203066706406e-05
LEPR,0.000399121668650263
LEPREL1,0.00048591590952058554
LGALS14,1.5952561739709916e-05
LGALS2,0.0003472648563834374
LGALS4,0.0002931667751118591
LGALS7,0.0002681612444509915
LGALS7B,0.00041375583685776546
LGI1,2.7774157078503215e-05
LGI3,0.00029000263063456126
LGR5,0.00020918510711024575
LGR6,0.0002968143305509663
LHFP,0.0005370256321191603
LHX1,4.1661235617754826e-05
LHX3,1.0766880513027353e-05
LHX5,8.442113251234917e-05
LHX8,4.188096787312273e-05
LHX9,0.0001397497144139877
LIF,0.0004361245804542182
LIFR,0.00043968424299117826
LILRA2,0.00034862719636671836
LILRA5,0.00039797906092234987
LILRA6,0.00041652446327540105
LILRB4,0.0005169860504296073
LIMCH1,0.0005568015351022717
LIMS2,0.0005223035710095106
LIPF,3.6783179548587325e-05
LIPG,0.0003489348215242334
LIPH,0.00045594442988840326
LIX1,2.9575961572520038e-05
LMCD1,0.0005651953072573257
LMO2,0.00048494908759696677
LMO3,0.0004890800539978833
LMO7,0.0006478146352756581
LMOD1,0.000427862647652385
LMX1A,3.260826669659713e-05
LOR,5.172497291360488e-05
LOX,0.0004685131148954474
LOXL2,0.00048398226567334795
LPCAT1,0.0006881135309101319
LPHN2,0.0005277968773937082
LPIN2,0.0005007698099834559
LPL,0.00046947993681906625
LPXN,0.0005075375634487874
LRG1,0.00045919646726784826
LRIG3,0.000498660380331924
LRMP,0.0004216222515999365
LRRC10B,0.00026477736771832574
LRRC23,0.0004943975745777867
LRRC32,0.0005513521751691477
LRRC36,0.00031281083874174984
LRRC38,5.603172511881582e-05
LRRC4,0.0003647555439107226
LRRC46,0.0003325867417248613
LRRC48,0.000358207522700759
LRRC55,9.206781499915227e-05
LRRK2,0.0004488690512655567
LRRN4,0.0003184799309302418
LRRTM1,7.888387967707796e-05
LRRTM3,1.4062864343545932e-05
LSP1,0.0006083946686626559
LST1,0.0005813236548013299
LST3,2.021536749384728e-05
LTB,0.0004918926268665926
LTB4R,0.00043436672241127495
LTBP2,0.0005662060756320181
LTBP4,0.0006628003750917492
LTF,0.0005147008349737811
LUZP6,0.00027686264176356054
LY6D,0.0003559662536960064
LY6G6C,0.00017991677069524077
LY6G6D,6.890803528337507e-05
LY6H,0.00022329191790486526
LY6K,0.000387475859115764
LY86,0.000457965966637788
LYG2,5.959138765577589e-05
LYNX1,0.00041867783937800656
LYPD1,0.00034330967578681505
LYPD2,0.00017178667724662827
LYPD3,0.0004594161995232162
LYPD6B,0.0003680954741923148
LYVE1,0.00040646072597955103
LYZ,0.0007667776783318419
MACC1,0.0003726659051039672
MACROD2,0.00037183092253356914
MAEL,9.971449748595537e-05
MAFA,8.024621966035897e-05
MAFF,0.0005330265050714644
MAGEA1,0.00011092084250971854
MAGEA10,8.951892083688457e-05
MAGEA12,0.00010239523100144381
MAGEA2,0.00011927066821369893
MAGEA2B,0.00011012980639039408
MAGEA3,0.00018294907581931785
MAGEA4,0.00017600553654969207
MAGEA6,0.00017248982046380557
MAGEA8,5.159313356038414e-05
MAGEA9,0.0001525381316763998
MAGEB2,8.771711634286775e-05
MAGEC1,5.506490319519704e-05
MAGEC2,7.317084103751243e-05
MAGEC3,4.152939626453408e-05
MAGED4B,0.00046222877239192534
MAL,0.00042285275222999675
MALL,0.0006167005479155627
MAMDC2,0.0003676999561326525
MAN1A1,0.0005054720802483291
MANSC4,7.664261067232533e-05
MAOA,0.000588970337288133
MAOB,0.00045752650212705216
MAP1B,0.0004023297595786344
MAP1LC3C,0.000248912698880763
MAP2,0.0004477703899887172
MAP6,0.00035908645172223064
MAPK15,0.0004307631134232413
MAPK4,0.00020426310459000467
MARC2,0.0004938702171649037
MARCH11,4.139755691131334e-05
MARCH4,7.084167913061264e-05
MARCH9,0.0005226990890691729
MARCO,0.0005698096846200517
MATN2,0.0004700072942319492
MATN3,0.0003751708528151613
MATN4,8.279511382262668e-05
MB,0.0003729295838104087
MBIP,0.0005884869263263236
MCCC1,0.0005531979261142381
MCF2L,0.0004831912295540235
MDFI,0.0005270497877254574
ME1,0.0004990119519405127
MEDAG,0.00037561031732589713
MEF2C,0.0004445183526092722
MEP1A,6.868830302800716e-05
MEP1B,1.6743597859034376e-05
MEST,0.0005978475204049964
MET,0.0005220398923030692
METTL11B,6.0733995383688996e-05
METTL7A,0.0005739406510209684
METTL7B,0.0003611958813737625
MFAP2,0.0005818070657631393
MFAP4,0.0006416181856742832
MFAP5,0.0003818946598294192
MFI2,0.0004266760934733983
MFNG,0.00047914815605525405
MFSD2A,0.0005304776109091967
MFSD4,0.0004144589800749428
MGAT3,0.00033961817389663426
MGAT4A,0.0004896953043129135
MGLL,0.0005869488005387484
MIA,0.00026007509745345255
MIEN1,0.0006300602690419313
MISP,0.00047835711993592957
MLKL,0.0004814333715110803
MLPH,0.0006077354718965522
MME,0.0004206114832252441
MMP1,0.0004801589244299464
MMP10,0.00032019384252211146
MMP11,0.0004951446642460375
MMP13,0.0002762473914485304
MMP19,0.0004976496119572317
MMP20,1.9688010080964304e-05
MMP28,0.0004709301697044944
MMP3,0.00023761846095485267
MMP7,0.0005461225474913915
MMP9,0.0005476606732789669
MMRN1,0.00034981375054570505
MMRN2,0.00046060275370220287
MNDA,0.00048815717852533814
MORN5,0.00024166153445362212
MOXD1,0.0004957159681099941
MRAP2,0.0002556365058950209
MRC1,0.00033614640426182134
MRC1L1,0.0004562520550459183
MRGPRD,1.3052095968853568e-05
MROH2A,0.0001066140903045076
MROH6,0.0004937823242627565
MRPS17,0.0005009455957877502
MS4A1,0.00034629803445981855
MS4A12,6.152503150301345e-06
MS4A15,0.00037020490384384667
MS4A4A,0.0005254677154868084
MS4A7,0.0005341251663483039
MS4A8,0.00028415775264177496
MSC,0.00042377562770254195
MSLN,0.00054880328100688
MSMB,0.00036440397230213395
MSMP,0.00015310943554035634
MSR1,0.0005407610804604147
MSRB3,0.0004584054311485238
MSTN,7.264348362462945e-05
MT-ATP8,0.001081961625431565
MT-ND2,0.0010229854880908194
MT-ND5,0.0009015174973234414
MT-ND6,0.000936279140122644
MT1A,0.00039178261132097493
MT1E,0.0006722488620725691
MT1F,0.0005053402408951084
MT1G,0.0005096030466492457
MT1H,0.0003018242259733546
MT1M,0.00043524565143274657
MT1X,0.0007302581774896961
MT2A,0.0007666458389786212
MT3,0.00023739872869948475
MT4,6.7677534653314795e-06
MTMR7,0.00022992783201697598
MTRNR2L2,0.00016088795738038018
MTTP,0.00010771275158134713
MUC13,0.00021652416443953377
MUC15,0.00036000932719477583
MUC16,0.0002922438996393139
MUC17,7.031432171772966e-06
MUC19,5.721827929780251e-05
MUC2,4.6934809746584545e-05
MUC20,0.0005181286581575204
MUC21,0.00030094529695188295
MUC3A,0.00031478842904006095
MUC4,0.00045827359179530306
MUC5AC,0.00018896973961639847
MUC5B,0.0003895852887672959
MUC6,8.138882738827209e-05
MUC7,2.333556552007153e-05
MUCL1,0.00022395111467096897
MUM1L1,0.00015477940068115242
MUSTN1,0.00031777678771306446
MX1,0.0005919586959611366
MXRA5,0.0004642503091413101
MYADM,0.0006267642852114128
MYB,0.0003361903507128949
MYBL2,0.0004696996690744341
MYBPC1,0.00013100437065034507
MYBPH,0.0001393102499032519
MYBPHL,0.00022381927531774822
MYCL,0.0003967925067433632
MYCN,0.00018198225389569908
MYEOV,0.0003049883704506524
MYF6,1.9160652668081333e-05
MYH1,4.0650467243062457e-05
MYH10,0.0005389153295153243
MYH11,0.0005658545040234294
MYH7,3.739842986361746e-05
MYH7B,0.00019670431500534873
MYL1,2.8213621589239027e-05
MYL2,9.33862085313597e-05
MYL7,7.339057329288033e-05
MYLK,0.0005920905353143573
MYO15B,0.0006008358790779999
MYO1F,0.0005000666667662787
MYO1G,0.000471809098725966
MYOC,0.00014199098341874034
MYOZ1,0.00027062224571111203
MYPN,1.867724170627194e-05
MYRF,0.0004136679439556183
MYT1L,2.2632422302894236e-05
MYZAP,0.00037209460124001064
MZB1,0.0005671728975556368
NAA11,3.647555439107226e-05
NAMPTL,0.00043942056428473677
NAPSA,0.0007390474677044123
NAT16,2.0522992651362344e-05
NCALD,0.00045427446474760716
NCAN,2.118218941746606e-05
NCCRP1,0.0002640302780500749
NCF1,0.00047848895928915034
NCF2,0.0005568894280044189
NCKAP1L,0.0004776100302676787
NCOA7,0.0005902008379181933
NDNF,0.0004741822070839394
NDP,0.00012019354368624413
NDRG2,0.0006071202215815221
NDRG4,0.0004694359903679926
NDST4,1.3052095968853568e-05
NDUFA4L2,0.0006039121306531506
NEBL,0.0004928594487902114
NEDD9,0.000588135354717735
NEFH,0.0001909473299147096
NEFM,0.00011171187862904299
NELL1,0.00016936962243758132
NELL2,0.0003680954741923148
NES,0.00048398226567334795
NFIX,0.0005469575300617896
NFKBIZ,0.0005317960044414041
NGB,5.5328581901638524e-05
NGFR,0.00031439291098039874
NINJ2,0.0005129429769308378
NIPAL4,0.00020017608464016162
NKAIN3,4.1177824655945434e-05
NKD1,0.00029808877763210016
NKG7,0.0005213806955369655
NKX2-1,0.0005208093916730089
NKX2-2,2.4741851954426124e-05
NKX2-3,6.192054956267568e-05
NKX6-2,1.4897846913943972e-05
NKX6-3,3.5640571820674223e-05
NLRP11,3.933207371085503e-05
NLRP2,0.00037042463609921454
NLRP4,2.667549580166369e-05
NLRP7,0.00010050553360527984
NMB,0.00047339117096461495
NME5,0.00030393365562488646
NMNAT2,0.00023401485196681903
NMRK2,6.495285468675278e-05
NMU,0.0003323670094694934
NNAT,0.0002497037350000875
NOL4,7.78731113023856e-05
NOS2,0.00024469383957769923
NOS3,0.00043849768881219157
NOSTRIN,0.00044983587318917547
NOTCH4,0.0004753248148118525
NOTUM,0.00028987079128134054
NOX5,0.00011716123856216705
NPB,0.00012902678035203393
NPC1L1,0.00010446071420190213
NPFFR2,7.106141138598054e-05
NPHS2,5.93277089493344e-06
NPNT,0.0005880914082666615
NPPA,0.00013772817766460297
NPPB,3.906839500441354e-05
NPPC,0.00013891473184358965
NPR1,0.0004075593872563905
NPR3,0.0003710838328653183
NPTX1,0.000239156586742428
NPTX2,0.00025730647103581697
NPW,0.00020496624780718195
NPY,9.044179630942977e-05
NQO1,0.0006739188272133652
NR0B1,0.00010973428833073185
NR0B2,0.00022188563147051065
NR2F1,0.00048811323207426457
NR4A1,0.0006376190586265873
NR4A2,0.00043906899267614813
NR4A3,0.00035056084021395595
NR5A1,4.653929168692232e-05
NRARP,0.0004421891907023724
NRCAM,0.0003768408179559574
NREP,0.0005591306970091715
NRG1,0.0003431778364335943
NRGN,0.0005197986232983165
NRN1,0.00045256055315573754
NRSN1,3.098224800687463e-05
NSG1,0.0002995829569686019
NSG2,7.242375136926155e-05
NT5E,0.0004432878519792119
NTM,0.00043199361405330157
NTN4,0.0005123716730668813
NTNG2,0.00025291182592845885
NTRK2,0.00036629366969829797
NTS,0.000328631561128239
NTSR1,7.009458946236176e-05
NTSR2,1.3096042419927149e-05
NXF2,7.826862936204783e-05
NXF2B,6.860041012586e-05
NXPE1,7.426950231435195e-06
NXPH1,3.7793947923279695e-05
NXPH2,3.146565896868402e-05
NXPH4,0.0003165462870830042
OAS1,0.0005802689399755641
OASL,0.00042812632635882644
OBP2A,0.00010134051617567787
ODAM,0.00020131869236807474
ODC1,0.0006533518881109292
ODF1,2.03911532981416e-05
ODF3B,0.0005832572986485676
OFCC1,4.948370390885225e-05
OGN,0.0003139095000185893
OLFM1,0.0004568233589098749
OLFM2,0.0004707104374491265
OLFM3,2.0171421042773696e-05
OLFM4,0.0001578556522563031
OLFML3,0.0005547360519018135
OLR1,0.0004961993790718035
OMG,0.0003407607816245474
OPN3,0.0005108774937303796
OR51E2,2.8213621589239027e-05
ORAOV1,0.0004925957700837698
ORM1,0.0004060212614688152
ORM2,0.00031839203802809464
OSCAR,0.0004551973402201524
OSGIN1,0.00047158936647059813
OSR1,0.00037881840825426856
OTOG,2.10942965153189e-05
OTOS,2.9883586730035107e-05
OTX2,5.0714204538912516e-05
P2RX3,2.6192084839854298e-05
P2RY4,5.282363419044441e-05
PACRG,0.0002493961098425724
PADI1,0.00014867084398192466
PADI2,0.00035407655629984244
PADI3,0.00014651746787931917
PAEP,0.0002479898234082178
PAGE1,4.051862788984172e-05
PAGE2,9.030995695620904e-05
PAGE2B,9.29027975695503e-05
PAGE4,4.526484460578847e-05
PAGE5,6.882014238122791e-05
PAH,0.0001181720069368594
PALM,0.0004551094473180052
PALMD,0.00044174972619163657
PAPSS2,0.0005448041539591841
PAQR9,2.8697032551048418e-05
PARM1,0.0005246327329164104
PAX2,1.7446741076211673e-05
PAX3,4.021100273232665e-05
PAX7,7.25555907224823e-05
PAX8,0.0003279284179110617
PAX9,0.0003278405250089145
PCCA,0.00048578407016736477
PCDH1,0.0005110093330836003
PCDH8,3.344324926699517e-05
PCDHGC3,0.0005035384364010916
PCDP1,0.0003644479187532075
PCID2,0.0005589109647538037
PCK1,8.749738408749985e-05
PCOLCE2,0.00043304832887906754
PCP4,0.0002916286493242838
PCP4L1,0.00039525438095578785
PCSK1,0.00016668888892209288
PCSK1N,0.00034221101450997556
PCSK2,0.00021410710963048682
PCSK9,0.00037350088767436525
PDC,4.157334271560766e-05
PDCL2,2.8565193197827675e-05
PDE4C,0.0003553510033809763
PDGFB,0.0004760279580290298
PDGFRA,0.0004918926268665926
PDIA2,0.00020966851807205513
PDK4,0.00048380647986905366
PDLIM3,0.0005476167268278933
PDLIM4,0.0005226990890691729
PDPN,0.0005489790668111743
PDZD2,0.00039055211069091467
PDZK1IP1,0.0006000008965076019
PEBP4,0.0004636790052773535
PEG10,0.0005189636407279184
PENK,0.00030208790467979607
PER1,0.0005986385565243208
PERP,0.0006591967661037155
PEX5L,8.02022732092854e-05
PF4,0.00022021566632971458
PFN2,0.0006257535168367204
PGA3,0.00012546711781507387
PGA4,0.00012704919005372277
PGA5,2.3950815835101664e-05
PGAM2,0.00020342812201960662
PGAP3,0.0005266982161168687
PGC,0.000523621964541718
PGF,0.00045546101892659385
PGM5,0.0003569330756196252
PHACTR1,0.000395342273857935
PHACTR3,0.0003397060667987814
PHGDH,0.000540101883694311
PHGR1,7.268743007570304e-05
PHLDB2,0.000498880112587292
PHYHD1,0.0004972540938975694
PI15,0.00025480152332462287
PI16,0.00022628027657786877
PI3,0.0005025716144774728
PID1,0.0004392008320293689
PIFO,0.00040246159893185513
PIGR,0.0005572409996130076
PIGY,0.00033452038557209887
PILRA,0.0005002863990216465
PIM2,0.000571567542662995
PIP,0.00023164174360884566
PIP5K1B,0.00037763185407528187
PIR,0.0005332901837779059
PITPNC1,0.0005143932098162661
PITX1,0.0003773242289177668
PITX2,0.00021125059031070406
PKDCC,0.0005094712072960249
PKHD1L1,0.00028868423710235385
PKIB,0.0004048786537409021
PKIG,0.0006110754021781443
PKP1,0.0004483416938526737
PLA1A,0.00038716823395824895
PLA2G10,0.000365238954872532
PLA2G16,0.0005978035739539228
PLA2G1B,0.0003523186982568992
PLA2G2A,0.00039200234357634285
PLA2G2D,0.00026829308380421223
PLA2G2F,5.093393679428042e-05
PLA2G4A,0.0004373550810842785
PLA2G4F,0.0004052302253494907
PLAC8,0.0005442328500952276
PLAC9,0.0004600314498382463
PLAT,0.0005771487419493397
PLAU,0.0006094493834884219
PLBD1,0.0005485396023004385
PLCB2,0.0005109214401814531
PLCH2,0.00035447207435950466
PLCXD2,0.0003791260334117836
PLD1,0.0004500556054445434
PLEK,0.0005095151537470986
PLEK2,0.0004433317984302855
PLEKHB1,0.0004760719044801034
PLEKHS1,0.0003216880218586132
PLGLB2,0.0001812351642274482
PLIN2,0.0006187220846649474
PLK2,0.0005474848874746725
PLLP,0.0005275771451383404
PLN,0.00037626951409200083
PLOD2,0.0005515719074245156
PLP1,0.00011201950378655807
PMAIP1,0.0004600314498382463
PMP2,2.7905996431723958e-05
PNCK,0.0003174691625555494
PNLDC1,0.0001212043120609365
PNLIP,2.751047837206173e-05
PNLIPRP1,1.8809081059492684e-05
PNLIPRP3,3.6299768586777934e-05
PNMA5,6.561205145285648e-05
PODN,0.0005198425697493901
PODNL1,0.00043133441728719787
PODXL,0.0005273134664318988
PODXL2,0.0004592843601699954
POLB,0.000563173770507941
POMC,0.00029470490089943444
PON3,0.0004957159681099941
POSTN,0.0006318620735359481
POTEF,4.1661235617754826e-05
POU2AF1,0.00043133441728719787
POU2F3,0.0003402334242116644
POU3F2,5.5724099961300756e-05
POU3F3,1.788620558694748e-05
POU4F3,3.6211875684630774e-05
PPARG,0.0004711499019598623
PPBP,0.00027712632047000203
PPP1R14A,0.0005179968188042997
PPP1R14C,0.0004630198085112498
PPP1R14D,0.0002465835369738632
PPP1R15A,0.0006320818057913161
PPP1R1B,0.00045805385953993515
PPY,2.5664727426971327e-05
PRAC1,1.5557043680047687e-05
PRAM1,0.00039859431123738
PRAME,0.00031395344646966295
PRAP1,0.00013403667577442215
PRB3,0.00017130326628481888
PRB4,2.3906869384028084e-05
PRELP,0.000515447924642032
PREP,0.0005332462373268323
PRF1,0.0004401237075019141
PRG4,0.0002980448311810266
PRH1,9.31664762759918e-06
PRH2,8.196013125222863e-05
PRKAG3,2.8960711257489904e-05
PRKX,0.00048385042632012723
PRL,5.985506636221737e-05
PRM1,1.568888303326843e-05
PRM2,1.4458382403208162e-05
PRND,8.064173772002121e-05
PROC,0.00026148138388780716
PROCR,0.0005157116033484735
PRODH,0.0005527584616035023
PRODH2,9.580326334040666e-06
PROK1,4.390250462250746e-05
PROM1,0.0003228745760375999
PROM2,0.0004864872133845421
PROS1,0.0005141734775608981
PRPH,0.0001937599027834188
PRR15,0.0003498576969967786
PRR15L,0.0005035384364010916
PRR4,0.0004539228931390185
PRRX1,0.0005023079357710312
PRSS1,0.00019868190530365987
PRSS12,0.00037534663861945564
PRSS21,0.000376357406994148
PRSS22,0.0005194909981408014
PRSS3,0.00023862922932954504
PRSS50,0.00022487399014351416
PRSS56,1.8369616548756873e-05
PRX,0.0003983745789820121
PSAT1,0.00047888447734881255
PSCA,0.0003464738202641129
PSG1,1.656781205474005e-05
PSG4,7.198428685852574e-05
PSG5,4.5616416214377117e-05
PSG9,1.863329525519836e-05
PSORS1C2,0.00013566269446414465
PSPH,0.00046662341749928346
PTCH2,0.00019670431500534873
PTCHD2,8.965076019010532e-05
PTGDS,0.0006848614935306868
PTGES,0.0004856961772652176
PTGIS,0.0004090096201418187
PTGR1,0.0006069883822283012
PTGS2,0.0004878056069167495
PTH,9.580326334040666e-06
PTHLH,0.00042650030766910397
PTN,0.0004475067112822757
PTPLA,0.0004458367461414796
PTPN13,0.00045752650212705216
PTPN21,0.0004149863374878257
PTPRB,0.0004328285966236996
PTPRC,0.0005341251663483039
PTPRCAP,0.0004915410552580039
PTPRE,0.0005001985061194994
PTPRM,0.0005411126520690033
PTPRN,0.00019626485049461292
PTPRZ1,0.00036831520644768265
PTRF,0.0006575268009629194
PTX3,0.0003335535636484801
PVALB,0.0002556365058950209
PVRL1,0.0005120640479093663
PYDC1,5.814115477034771e-05
PYDC2,3.999127047695875e-06
PYY,4.763795296376184e-05
QPCT,0.00044715513967368703
QPRT,0.0004833670153583178
QRFPR,7.237980491818796e-05
RAB11FIP1,0.0005846635850829221
RAB17,0.0004981769693701147
RAB3IP,0.000504637097677931
RAB6B,0.00041938098259518383
RAC3,0.000478840530897739
RAET1L,0.00019393568858771311
RAI2,0.0004321693998575959
RALYL,2.461001260120538e-05
RAMP1,0.0005369816856680867
RAMP2,0.0005835649238060826
RAMP3,0.0005264784838615008
RAP1GAP,0.0004979572371147467
RAPGEFL1,0.0004628000762558819
RARRES1,0.0005252479832314406
RARRES3,0.000662404857032087
RASAL1,0.00032428086247195446
RASD1,0.0005136461201480152
RASGEF1B,0.0004656565955756647
RASGEF1C,7.172060815208426e-05
RASGRF1,0.0003462101415576714
RASGRP2,0.0004366079914160276
RASIP1,0.00045089058801494144
RASL11A,0.00046310770141339696
RASL12,0.00043511381207952585
RASSF2,0.00045009955189561696
RAX,2.03911532981416e-05
RBBP8NL,0.0002584051323126565
RBFOX3,9.263911886310883e-05
RBM46,2.5620780975897744e-05
RBP1,0.0005749953658467343
RBP2,0.00020501019425825555
RBP4,0.0003938920409725068
RBP7,0.00043489407982415793
RCAN1,0.0005501216745390874
RCAN2,0.00043902504622507455
RCN3,0.0005610203944053355
RDH10,0.000553110033212091
RDH12,0.00018510245192192334
RECQL4,0.0004694359903679926
REEP6,0.00041933703614411026
REG1A,0.0001279281190751944
REG1B,2.377503003080734e-05
REG3A,2.588445968233923e-05
REG3G,1.2700524360264919e-05
REG4,6.0382423775100344e-05
RELB,0.0005284560741598119
RELN,0.0002134918593154567
RERGL,0.0002122613586853964
RET,0.00019916531626546925
RETN,0.0003731932625168502
RETNLB,2.5664727426971327e-05
RFTN1,0.0005423870991501372
RFX4,2.8213621589239027e-05
RGCC,0.0006669313414926658
RGL3,0.00046614000653747405
RGMA,0.00040566968986022656
RGN,0.0003817628204761985
RGS1,0.0006318181270848746
RGS16,0.0005023518822221049
RGS2,0.0006194691743331983
RGS5,0.000557504678319449
RHAG,1.5117579169311878e-05
RHCG,0.0002621845271049845
RHOB,0.0007058678971438587
RHOBTB2,0.0005348283095654812
RHOF,0.0005031868647925029
RHOU,0.0005430462959162409
RHOV,0.00043603668755207105
RHOXF1,0.00011188766443333732
RHOXF2,1.8501455901977616e-05
RHOXF2B,5.581199286344792e-06
RIIAD1,0.00023282829778783234
RIMKLB,0.0005095591001981722
RMI2,0.0004672386678143136
RNASE1,0.000804220054646533
RNASE4,0.0005295547354366515
RNASE7,0.00014221071567410823
RND1,0.0004687767936018889
RNF113B,1.3008149517779988e-05
RNF128,0.0004048347072898285
RNF144B,0.0004794997276638427
RNF212,0.00037038068964814096
ROBO1,0.00047453377869252807
ROBO4,0.00045009955189561696
ROPN1L,0.000293386507367227
RORC,0.00040865804853323006
ROS1,0.0003975395964116141
RP1-170O19.20,2.3643190677586598e-05
RP11-1220K2.2,4.4561701388611174e-05
RP11-169F17.1,0.00015978929610354066
RP11-389E17.1,1.604045464185708e-05
RP11-47I22.3,0.00024130996284503348
RP11-553A10.1,0.0001399694466693556
RP11-598P20.5,0.00019182625893618123
RP11-599B13.6,0.00019731956532037886
RP11-603J24.9,3.8453144689383405e-05
RP11-664D7.4,0.00030955880136230484
RP11-685N3.1,0.0001075369657770528
RP11-77K12.1,4.4605647839684754e-05
RP11-817J15.3,5.673486833599312e-05
RPL10L,1.564493658219485e-05
RPL39L,0.0005285879135130328
RPRM,0.0001983742801461448
RPS6KA2,0.0005205017665154938
RRAD,0.0004920244662198133
RRAS2,0.0005519234790331043
RRM2,0.0005115806369475568
RSAD2,0.000417579178101167
RSPH1,0.0003552191640277555
RSPH4A,0.00023748662160163193
RSPO2,0.0002217537921172899
RSPO3,0.00029936322471323405
RSPO4,0.00027932364302368106
RTKN2,0.00040514233244734357
RTN4RL2,0.00037925787276500434
RTP1,2.5313155818382678e-05
RUNDC3A,0.00025299971883060605
RYR2,0.00024965978854901385
S100A1,0.0003281481501664296
S100A12,0.00040426340342587195
S100A2,0.0006287418755097239
S100A3,0.0003854103759153057
S100A6,0.0009493312360914976
S100A7,0.00028951921967275185
S100A7A,7.747759324272337e-05
S100A8,0.0007278411226806492
S100A9,0.0008385422329349998
S100B,0.0004285218444184887
S100P,0.0006107238305695557
S1PR1,0.0004998469345109107
SAA1,0.000532015736696772
SAA2,0.0004393766178336632
SALL1,8.341036413765681e-05
SAMHD1,0.000576709277438604
SAMSN1,0.0004700072942319492
SAP25,0.000361986917493087
SASH3,0.0004878495533678231
SBK1,0.0003398379061520022
SBK2,1.7578580429432416e-05
SBP1,1.3623399832810122e-06
SBSN,0.00024974768145116105
SC5D,0.0005713917568587007
SCARA5,0.0002735227114819684
SCARF1,0.00043304832887906754
SCEL,0.0004781813341316353
SCG2,0.0002648213141693993
SCG3,0.00011131636056938077
SCG5,0.0003633932039274416
SCGB1A1,0.0006416181856742832
SCGB1C1,2.078667135780383e-05
SCGB1D2,5.335099160332738e-05
SCGB2A1,0.00024223283831757868
SCGB2A2,2.025931394492086e-05
SCGB3A1,0.0006387616663545004
SCGB3A2,0.0006817412955044626
SCGN,5.3043366445812313e-05
SCHIP1,0.0003448038551233168
SCIN,0.00039666066739014246
SCN3A,0.00011188766443333732
SCN4B,0.00033522352878927615
SCN7A,0.00033597061845752705
SCNN1B,0.0005120640479093663
SCNN1G,0.00036075641686302674
SCTR,0.000371215672218539
SCUBE2,0.00038694850170288103
SCXA,0.00030345024466307705
SDC2,0.0005712159710544063
SDCBP2,0.00048543249855877613
SDPR,0.0005141295311098245
SDR16C5,0.0005118003692029247
SDS,0.0004126571755809259
SEC11C,0.000664294554428251
SEC14L6,0.00029694616990418705
SECISBP2L,0.00047563243996936755
SECTM1,0.0005332022908757587
SELE,0.00026359081353933905
SELENBP1,0.0006269400710157071
SELL,0.00045594442988840326
SELP,0.0004011871518507213
SELPLG,0.0005228309284223936
SELV,2.6411817095222204e-05
SEMA3A,0.00032454454117839595
SEMA3G,0.0003761376747387801
SEMA5A,0.00033935449519019277
SEMA6D,0.00033561904684893836
SEPT1,0.00021045955419137958
SEPT4,0.0004734351174156885
SERPINA1,0.0007637453732077648
SERPINA10,3.9947324025885166e-05
SERPINA11,5.9723227008996627e-05
SERPINA3,0.0005797855290137547
SERPINA4,6.530442629534142e-05
SERPINA6,6.83806778704921e-05
SERPINA7,6.460128307816412e-06
SERPINA9,7.281926942892377e-05
SERPINB1,0.0006834112606452587
SERPINB13,0.00020355996137282737
SERPINB2,0.0002642060638543692
SERPINB3,0.0003175570554576966
SERPINB4,0.00022162195276406916
SERPINB5,0.0003490666608774542
SERPINB7,0.00019380384923449237
SERPINC1,8.402561445268694e-05
SERPIND1,0.0002366076925801603
SERPINE1,0.0006113830273356594
SERPINE2,0.0005202380878090524
SERPINF2,0.0004275110760437963
SERPINI1,0.000421358572893495
SERTAD1,0.0005096469931003193
SESN3,0.0004750171896543374
SEZ6,7.673050357447249e-05
SEZ6L,6.451339017601697e-05
SEZ6L2,0.0004846854088905253
SFRP1,0.0002859156106847182
SFRP2,0.0006048789525767694
SFRP4,0.0005000227203152051
SFRP5,0.0002004837097976767
SFTA2,0.00064992406492719
SFTA3,0.0005704688813861554
SFTPC,0.0007765777369212506
SFTPD,0.0006232046226744527
SGCA,0.0003949467557982728
SGK1,0.000667854216965211
SGMS2,0.0004652610775160024
SH2D3C,0.00047238040258992255
SH3BP5,0.0005541208015867833
SH3GL3,0.00021727125410778465
SH3TC1,0.00048261992569006697
SHE,0.00039503464870041993
SHISA2,0.000344891748025464
SHISA3,0.00027686264176356054
SHROOM4,0.00037367667347865954
SIGLEC1,0.00041542580199856156
SIK1,0.0005717872749183628
SIRPA,0.000546913583610716
SIRPB1,0.0003871242875071754
SLA,0.0004890361075468098
SLAIN1,0.00040193424151897214
SLAMF7,0.00047629163673547126
SLC11A1,0.000557724410574817
SLC12A3,8.015832675821181e-05
SLC12A8,0.00046051486080005567
SLC13A2,9.439697690605207e-05
SLC13A5,0.00012942229841169615
SLC14A1,0.0002500553066086761
SLC14A2,0.00010569121483196239
SLC15A3,0.000635333843170761
SLC16A1,0.00045691125181202203
SLC16A14,0.00036000932719477583
SLC16A4,0.00041858994647585936
SLC16A5,0.000492376037828402
SLC16A9,0.0003220835399182754
SLC17A9,0.00043555327659026164
SLC18A3,5.5240688999491365e-05
SLC19A3,0.0002938259718779628
SLC1A1,0.0003889260920011922
SLC1A3,0.0004403873862083556
SLC1A6,9.000233179869396e-05
SLC1A7,0.0002630195096753825
SLC22A1,0.0001906836512082681
SLC22A16,0.00013737660605601433
SLC22A2,1.8457509450904036e-05
SLC22A3,0.0003867727158985867
SLC22A31,0.000523094607128835
SLC26A4,0.00019507829631562623
SLC26A9,0.00036211875684630777
SLC29A4,0.00037130356512068616
SLC2A1,0.0006178431556434758
SLC2A2,1.1953434692014042e-05
SLC2A3,0.0005887506050327652
SLC31A2,0.0005055160266994027
SLC34A2,0.0006998032868957044
SLC35F4,1.5952561739709916e-05
SLC38A11,0.00017604948300076564
SLC38A5,0.0005399260978900167
SLC38A8,6.95232855984052e-05
SLC39A14,0.0005065707415251687
SLC39A5,0.00012832363713485663
SLC39A8,0.0005784231890304736
SLC3A1,9.971449748595537e-05
SLC40A1,0.0006136242963404121
SLC44A4,0.0005036263293032387
SLC46A2,0.0002882887190426916
SLC47A1,0.0003772363360156196
SLC4A1,6.262369277985297e-05
SLC4A11,0.0003743358702447633
SLC4A4,0.00031997411026674354
SLC51B,0.0002259726514203537
SLC5A12,0.00012476397459789657
SLC5A5,0.0001161065237364011
SLC5A8,0.00017534633978358833
SLC6A14,0.00043019180955928475
SLC6A15,0.00017152299854018678
SLC6A3,0.00016690862117746077
SLC6A4,0.00026060245486633554
SLC6A8,0.0005472651552193047
SLC7A10,0.00014036496472901784
SLC7A11,0.0003377284765004703
SLC7A14,7.778521840023844e-06
SLC7A2,0.00039274943324459375
SLC7A3,3.981548467266442e-05
SLC7A5,0.0005532418725653117
SLC7A7,0.0005307852360667117
SLC7A8,0.0005485835487515121
SLC9A3,0.00011544732697029739
SLC9A3R1,0.000631466555476286
SLC9A3R2,0.0006680300027695053
SLC9A4,8.837631310897147e-05
SLCO1B3,0.0001562296335665806
SLCO2A1,0.0005284121277087384
SLCO2B1,0.000539574526281428
SLCO4A1,0.0004490887835209246
SLFN11,0.0005044173654225631
SLIT2,0.0004266321470223247
SLIT3,0.00042483034252830787
SLPI,0.0008168326861046507
SLURP1,9.80445323451593e-05
SMAD6,0.00043590484819885033
SMCP,3.4541910543834694e-05
SMIM18,1.617229399507782e-05
SMIM22,0.0006135364034382648
SMIM6,0.0002880250403362501
SMKR1,0.00031360187486107426
SMOC1,0.0002682051909020651
SMOC2,0.0004559004834373297
SMPDL3B,0.00047031491938946424
SNAI2,0.0004697875619765813
SNAP25,0.00026042666906204125
SNCA,0.00044434256680497787
SNCG,0.0005134263878926472
SNED1,0.00041037196012509974
SNTB1,0.00046249245109836683
SNTG1,7.866414742171005e-06
SNTN,0.00028261962685419964
SNX25,0.000475061136105411
SOCS2,0.0005215125348901862
SOCS3,0.0006533958345620028
SOD3,0.0005623827343886165
SOHLH1,9.382567304209552e-05
SOHLH2,0.0001292904590584754
SORBS1,0.00041542580199856156
SORBS2,0.000454713929258343
SOST,0.00013021333453102062
SOSTDC1,0.00035359314533803303
SOX10,6.504074758889994e-05
SOX14,3.599214342926287e-05
SOX15,0.0003576801652878761
SOX2,0.00040246159893185513
SOX21,0.00023225699392387579
SOX7,0.0004048786537409021
SP7,2.5532888073750584e-05
SPAG11A,6.855646367478642e-06
SPAG11B,9.580326334040666e-06
SPAG4,0.00047941183476169554
SPAG6,0.0002497037350000875
SPANXB1,3.3926660228804564e-05
SPANXB2,3.3926660228804564e-05
SPANXC,3.6123982782483615e-05
SPANXD,2.6543656448442947e-05
SPATA18,0.0003419033893524605
SPDEF,0.0003466056596173336
SPDYC,6.868830302800716e-05
SPHK1,0.0005016047925538539
SPI1,0.000589190069543501
SPIB,0.0003009892434029565
SPIC,4.1661235617754826e-05
SPINK1,0.00042940077343996033
SPINK13,0.00010296653486540037
SPINK4,7.87959867749308e-05
SPINK5,0.00035451602081057823
SPINK6,9.272701176525599e-05
SPINK7,9.15404575862693e-05
SPN,0.0004321693998575959
SPNS2,0.0004892558398021777
SPOCD1,0.00039055211069091467
SPOCK2,0.000532762826365023
SPOCK3,0.00019929715561869
SPON2,0.0005648437356487371
SPP1,0.0006915853005449448
SPP2,7.088562558168621e-05
SPRR1A,0.0003196664851092285
SPRR1B,0.0003889260920011922
SPRR2A,0.0003100861587751878
SPRR2B,0.00010771275158134713
SPRR2D,0.0003165462870830042
SPRR2E,0.0002227206140409087
SPRR2F,0.00017156694499126038
SPRR2G,0.00014985739816091134
SPRR3,0.0003170296980448136
SPRR4,7.084167913061264e-05
SPRY4,0.00048824507142748534
SPSB4,0.00017745576943512022
SPTLC3,0.00035451602081057823
SRD5A3,0.0005659423969255766
SRPX,0.0004610861646640122
SRPX2,0.0004727759206495848
SRXN1,0.0005850151566915107
SST,8.341036413765681e-05
SSTR1,0.00023401485196681903
SSX1,2.755442482313531e-05
SSX2,2.2588475851820653e-05
SSX2B,1.3008149517779988e-05
SSX4B,3.524505376101199e-05
SSX5,1.867724170627194e-05
ST18,0.00011144819992260151
ST3GAL5,0.0005293350031812836
ST6GAL2,0.00017341269593635077
ST6GALNAC1,0.00047822528058270885
ST6GALNAC2,0.0005095151537470986
ST8SIA3,1.098661276839526e-05
STAC,0.00032661002437885426
STAC2,0.00013992550021828202
STAR,0.00018207014679784623
STARD3,0.0006141516537532949
STARD6,5.040657938139745e-05
STATH,5.2999419994738734e-05
STC1,0.0004243469315664985
STC2,0.00042144646579564215
STEAP1,0.0005084604389213326
STEAP4,0.0005106577614750116
STK33,0.0003914310397123863
STMN2,0.00014423225242349297
STMN3,0.0005009455957877502
STMN4,4.3023575601035834e-05
STRA6,0.00032151223605431887
STX11,0.0004331362217812147
STX1A,0.00045554891182874105
STXBP5L,5.954744120470231e-05
STXBP6,0.00041661235617754825
SULF1,0.0005622948414864693
SULF2,0.0005612401266607035
SULT1A1,0.0005521871577395457
SULT1A2,0.0003639205613403246
SULT1E1,0.00020865774969736276
SULT2A1,7.20721797606729e-06
SULT2B1,0.0004513300525256772
SUN3,9.646246010651037e-05
SUSD2,0.000532543094109655
SUSD4,0.00042843395151634156
SVEP1,0.00040725176209887546
SVOP,2.4873691307646867e-05
SYBU,0.00042729134378842844
SYCE1,0.00011601863083425393
SYCN,2.4302387443690312e-05
SYNE1,0.0005194909981408014
SYNPO,0.0005626024666439845
SYNPO2,0.00036207481039523414
SYNPR,2.3906869384028084e-05
SYS1-DBNDD2,0.0002507145033747798
SYT12,0.00024900059178291015
SYT13,0.00017139115918696606
SYT15,0.00035565862853849134
SYT4,5.989901281329095e-05
SYT6,4.319936140533016e-05
SYT7,0.0004006597944378383
SYT8,0.00037455560250013116
TAAR1,1.2876310164559243e-05
TAC1,7.216007266282006e-05
TAC3,8.521216863167363e-05
TAC4,0.00011478813020419367
TACC1,0.0005839164954146713
TACC2,0.0005826420483335374
TAF7L,8.376193574624546e-05
TAGLN3,0.00015236234587210547
TAS1R1,0.00011764464952397643
TBC1D10C,0.00044944035512951326
TBX2,0.0004991437912937334
TBX3,0.0004290492018313717
TBX4,0.0003988579899438215
TCEAL2,0.0002802025720451527
TCF21,0.0003612837742759097
TCF7L1,0.0004827517650432877
TCL1A,0.000215557342515915
TCL1B,2.4478173247984638e-05
TCN1,0.00027932364302368106
TCTEX1D2,0.0004932549668498735
TDGF1,0.0001001100155456176
TDRD10,0.00031276689229067626
TDRD12,0.00010199971294178159
TEK,0.00038018074823754954
TEKT1,0.00022210536372587857
TEKT2,0.00027321508632445333
TENC1,0.0005810599760948885
TENM2,0.00018945315057820785
TESC,0.00046895257940618326
TEX101,6.275553213307372e-05
TEX19,6.007479861758528e-05
TF,0.0003171615373980343
TFAP2A,0.0003828175353019644
TFDP1,0.0006010116648822942
TFF1,0.00021481025284766412
TFF2,0.00010657014385343401
TFF3,0.0005313565399306683
TFPI,0.0006297965903354899
TFPI2,0.0004297083985974754
TFRC,0.0006424971146957548
TG,0.0002721164250476138
TGFB2,0.0003911673610059448
TGFBR2,0.0005970125378345984
TGFBR3,0.0004076033337074641
TGM1,0.00036308557876992654
TGM2,0.0007007261623682496
TGM3,0.00016805122890537388
TH,8.380588219731904e-05
THBD,0.0005321475760499928
THBS1,0.0006428486863043434
THBS2,0.0005427386707587258
THBS4,0.0003157113045126062
THEM5,0.00019551776082636204
THEMIS2,0.0005666894865938275
THY1,0.0006024618977677225
TIE1,0.0004792360489574012
TINAGL1,0.0005880914082666615
TIPARP,0.0005332901837779059
TJP3,0.0004764674225397656
TKTL1,0.00012546711781507387
TLE2,0.0005223035710095106
TLR2,0.0004857401237162912
TLR4,0.00040615310082203597
TLX1,5.502095674412346e-05
TM4SF19,0.0003550433782234612
TM4SF4,0.00019367200988127162
TM4SF5,5.6998547042434604e-05
TMC5,0.0005006819170813088
TMCO3,0.0005543405338421512
TMED6,0.00026222847355605807
TMEM100,0.00042882946957600377
TMEM108,0.0003941557196789483
TMEM114,4.6319559431554414e-05
TMEM119,0.0005012092744941918
TMEM125,0.0005644042711380013
TMEM130,0.00034106840678206244
TMEM132A,0.0005585154466941414
TMEM139,0.00037468744185335193
TMEM14A,0.0005766653309875303
TMEM14E,5.440570642909332e-05
TMEM150B,0.0003753905850705292
TMEM158,0.00034889087507315985
TMEM163,0.0004392008320293689
TMEM190,0.0002968143305509663
TMEM204,0.0005060433841122857
TMEM213,0.00017253376691487915
TMEM231,0.00042584111090300026
TMEM27,0.0002845972171525108
TMEM40,0.0003689304567627128
TMEM45A,0.0005362785424509094
TMEM45B,0.0004752808683607789
TMEM59L,0.00029483674025265516
TMEM88,0.0003900247532780317
TMPRSS11A,0.00012388504557642494
TMPRSS11D,0.00017490687527285252
TMPRSS11E,0.0002701827812003762
TMPRSS2,0.0005252479832314406
TMPRSS3,0.0003475285350898788
TMPRSS4,0.0005215564813412598
TMPRSS6,0.00021841386183569776
TMSB15A,0.00030599913882534477
TNC,0.0006025497906698696
TNFAIP2,0.0006807305271297702
TNFAIP3,0.0005608006621499676
TNFRSF10C,0.0003907718429462826
TNFRSF18,0.0004290492018313717
TNFRSF19,0.0004303236489125055
TNFRSF6B,0.0004303675953635791
TNFSF10,0.0006706667898339202
TNFSF12,0.0005680957730281821
TNFSF13,0.0005952986262427288
TNIP3,0.00028125728687091866
TNMD,3.520110730993841e-05
TNNC1,0.0004580978059910087
TNNC2,0.0002998466356750434
TNNI2,0.00037394035218510103
TNNI3,0.0003195346457560077
TNNT1,0.0004407829042680178
TNNT3,0.00025902038262768664
TNP1,1.700727656547586e-05
TNS1,0.0005682276123814028
TNS4,0.0003881790023329413
TNXB,0.000470974116155568
TOP2A,0.0005324552012075078
TOX2,0.0004490008906187775
TP53AIP1,0.00018461904096011392
TP63,0.0003993414009056309
TPCN2,0.00043467434756879
TPD52L1,0.0005690625949518009
TPH1,0.00012599447522795683
TPO,0.00012274243784851183
TPPP3,0.0005825981018824638
TPRG1,0.0004242590386643513
TPSAB1,0.0006142395466554422
TPX2,0.00046829338264007956
TREM1,0.0005896734805053103
TREM2,0.0005172497291360489
TRH,5.3482830956548125e-05
TRIB1,0.0005674365762620784
TRIB3,0.0005048128834822254
TRIM16,0.0005555710344722115
TRIM16L,0.00047563243996936755
TRIM22,0.0006045273809681807
TRIM29,0.0005407171340093411
TRIM31,0.0002282578668761799
TRIML2,3.818946598294192e-05
TRIT1,0.0005035384364010916
TRNP1,0.00044227708360451956
TROAP,0.00046249245109836683
TRPA1,0.00022355559661130673
TRPC6,0.0003826856959487437
TRPM5,5.045052583247103e-05
TRPM8,0.0001441443595213458
TRPV2,0.000533597808935421
TSC22D3,0.0007048131823180927
TSKU,0.0005578562499280377
TSLP,0.00023669558548230748
TSPAN1,0.0005880474618155879
TSPAN12,0.0004932110203988
TSPAN18,0.0004521650350960753
TSPAN19,0.00020527387296469701
TSPAN7,0.0005502095674412346
TSPAN8,0.00048332306890724424
TTR,8.18282918990079e-05
TUBA3C,2.2280850694305587e-05
TUBA3E,2.7334692567767407e-05
TUBB2B,0.0003716990831803484
TUBB3,0.0005094272608449513
TXNRD1,0.0006610864634998795
TYMS,0.0005355314527826585
UBD,0.0005470454229639368
UBE2C,0.0005560983918850945
UBXN10,0.0003006376717943679
UCHL1,0.0005619872163289543
UCN3,0.00016000902835890856
UGDH,0.0005847514779850693
UGT1A1,0.00019169441958296048
UGT1A10,0.00015908615288636336
UGT1A4,8.530006153382079e-05
UGT1A6,0.0003424307467653434
UGT1A7,0.00015587806195799193
UGT1A8,3.265221314767071e-05
UGT2A1,7.822468291097425e-05
UGT2A3,1.4897846913943972e-05
UGT2B11,2.918044351285781e-05
UGT2B4,0.0001367613557409842
UGT2B7,0.00011900698950725745
UGT3A1,4.0079163379105906e-05
UMOD,9.71216568726141e-06
UMODL1,0.000156185687115507
UNC13C,3.515716085886483e-05
UNC13D,0.0005319717902456984
UNC5D,3.304773120733294e-05
UPK1A,9.29027975695503e-05
UPK1B,0.0002379700325634413
UPK2,0.00015394441811075437
UPK3B,0.00043397120435161274
UPK3BL,0.0005923102675697252
USH1C,0.00018620111319876285
UTS2B,9.997817619239686e-05
VASN,0.0004940460029691981
VCAM1,0.00047330327806246775
VCAN,0.0005832572986485676
VCX,8.60032047509981e-05
VCX3A,8.209197060544938e-05
VCX3B,9.874767556233659e-05
VEPH1,0.0003868606088007339
VGF,0.00010714144771739057
VGLL1,0.0002922438996393139
VGLL2,1.4985739816091133e-05
VIL1,0.00029677038409989275
VILL,0.00041683208843291616
VIPR1,0.0004895634649596928
VIT,0.00013601426607273332
VMO1,0.0004275989689459435
VNN1,0.0002912331312646215
VNN2,0.0003916507719677542
VPREB3,0.00030529599560816744
VSIG1,0.0002722482644008345
VSIG10L,0.0003463419809108922
VSIG2,0.00045128610607460365
VSIG4,0.000575127205199955
VSIG8,9.545169173181802e-05
VSNL1,0.00037763185407528187
VSTM2A,1.604045464185708e-05
VSTM2L,0.0004464959429075833
VTCN1,0.0002739621759927042
VTN,0.0002227206140409087
VWA3B,0.00023665163903123388
VWA5A,0.000507054152486978
VWF,0.0005710841317011856
WDR16,0.00023836555062310355
WDR38,0.00021793045087388835
WDR66,0.0004484295867548209
WDR96,0.0002762473914485304
WFDC1,0.00040008849057388175
WFDC12,0.00015996508190783498
WFDC2,0.0007520995636732658
WFDC3,0.00038092783790580044
WFDC5,0.00017350058883849794
WHSC1L1,0.000557724410574817
WIF1,0.00038875030619689785
WISP2,0.0004760719044801034
WNK2,0.0003798291766289609
WNT1,3.269615959874429e-05
WNT11,0.0003317517591544632
WNT16,0.00012406083138071926
WNT5A,0.00043880531396970664
WT1,0.0001662054779602835
WWC2,0.0004345425082155693
XAF1,0.0005420794739926221
XAGE1A,0.00027101776377077424
XAGE1B,0.00030538388851031464
XAGE1C,0.0002811254475176979
XAGE1D,0.0002993192782621604
XAGE1E,0.0002672823154295199
YEATS4,0.000502967132537135
ZBBX,0.0002111187509574833
ZBTB16,0.0003239732373144394
ZC3H12A,0.0005160631749570622
ZCCHC12,0.0001364976770345427
ZDHHC11B,0.0003691501890180807
ZDHHC22,2.544499517160342e-05
ZEB2,0.0004984845945276297
ZFAND2A,0.0005603172511881582
ZFAT,0.00041661235617754825
ZFP36,0.0007432223805564025
ZG16,2.5488941622677e-05
ZG16B,0.00034497964092761115
ZIC1,0.00011861147144759522
ZIC2,0.00018154278938496327
ZIC3,2.3159779715777207e-05
ZMAT4,8.384982864839262e-05
ZMYND10,0.00037829105084138557
ZNF322,0.0004616574685279688
ZNF331,0.0004907500191386794
ZNF385B,0.0003566693969131837
ZNF486,0.00032845577532394465
ZNF536,5.9239816047187235e-05
ZNF703,0.00047123779486200944
ZNF710,0.0005212928026348182
ZNF812,0.00024117812349181274
ZPLD1,6.205238891589643e-05
