i_doc,doc,Topic 1
0,TCGA-43-7657-11A-01R-2125-07,1.0
1,TCGA-58-8386-11A-01R-2296-07,1.0
2,TCGA-22-5478-11A-11R-1635-07,1.0
3,TCGA-22-5472-11A-11R-1635-07,1.0
4,TCGA-43-5670-11A-01R-2125-07,1.0
5,TCGA-60-2709-11A-01R-1820-07,1.0
6,TCGA-22-5489-11A-01R-1635-07,1.0
7,TCGA-77-8007-11A-01R-2187-07,1.0
8,TCGA-22-5471-11A-01R-1635-07,1.0
9,TCGA-22-4609-11A-01R-2125-07,1.0
10,TCGA-22-5482-11A-01R-1635-07,1.0
11,TCGA-56-8082-11A-01R-2247-07,1.0
12,TCGA-22-5483-11A-11R-1820-07,1.0
13,TCGA-56-8623-11A-01R-A28V-07,1.0
14,TCGA-33-4587-11A-01R-2125-07,1.0
15,TCGA-56-7579-11A-01R-2045-07,1.0
16,TCGA-43-3394-11A-01R-1758-07,1.0
17,TCGA-34-8454-11A-01R-2326-07,1.0
18,TCGA-77-7338-11A-01R-2045-07,1.0
19,TCGA-43-6143-11A-01R-1820-07,1.0
20,TCGA-43-6773-11A-01R-1949-07,1.0
21,TCGA-51-4080-11A-01R-1758-07,1.0
22,TCGA-34-7107-11A-01R-1949-07,1.0
23,TCGA-39-5040-11A-01R-2125-07,1.0
24,TCGA-43-6771-11A-01R-1820-07,1.0
25,TCGA-92-7340-11A-01R-2045-07,1.0
26,TCGA-77-7138-11A-01R-2045-07,1.0
27,TCGA-77-7142-11A-01R-2045-07,1.0
28,TCGA-56-7823-11A-01R-2247-07,1.0
29,TCGA-22-5491-11A-01R-1858-07,1.0
30,TCGA-22-5481-11A-01R-1949-07,1.0
31,TCGA-90-7767-11A-01R-2125-07,1.0
32,TCGA-77-8008-11A-01R-2187-07,1.0
33,TCGA-56-7730-11A-01R-2125-07,1.0
34,TCGA-33-6737-11A-01R-1820-07,1.0
35,TCGA-77-7335-11A-01R-2045-07,1.0
36,TCGA-56-7582-11A-01R-2045-07,1.0
37,TCGA-56-7731-11A-01R-2125-07,1.0
38,TCGA-77-7337-11A-01R-2045-07,1.0
39,TCGA-43-7658-11A-01R-2125-07,1.0
40,TCGA-56-8201-11A-01R-2247-07,1.0
41,TCGA-85-7710-11A-01R-2125-07,1.0
42,TCGA-56-7580-11A-01R-2045-07,1.0
43,TCGA-43-6647-11A-01R-1820-07,1.0
44,TCGA-90-6837-11A-01R-1949-07,1.0
45,TCGA-56-8083-11A-01R-2247-07,1.0
46,TCGA-51-4079-11A-01R-1758-07,1.0
47,TCGA-56-7222-11A-01R-2045-07,1.0
48,TCGA-22-4593-11A-01R-1820-07,1.0
49,TCGA-51-4081-11A-01R-1758-07,1.0
50,TCGA-56-8309-11A-01R-2296-07,1.0
51,TCGA-66-2783-01A-01R-1201-07,1.0
52,TCGA-66-2744-01A-01R-0980-07,1.0
53,TCGA-66-2781-01A-01R-0851-07,1.0
54,TCGA-34-2600-01A-01R-0851-07,1.0
55,TCGA-85-7697-01A-11R-2125-07,1.0
56,TCGA-O2-A52W-01A-11R-A26W-07,1.0
57,TCGA-56-8201-01A-11R-2247-07,1.0
58,TCGA-60-2709-01A-21R-1820-07,1.0
59,TCGA-22-5491-01A-01R-1635-07,1.0
60,TCGA-22-0940-01A-01R-0692-07,1.0
61,TCGA-43-6647-01A-11R-1820-07,1.0
62,TCGA-63-7022-01A-11R-1949-07,1.0
63,TCGA-56-A5DS-01A-11R-A27Q-07,1.0
64,TCGA-85-8353-01A-21R-2296-07,1.0
65,TCGA-18-3417-01A-01R-1443-07,1.0
66,TCGA-22-5485-01A-01R-1635-07,1.0
67,TCGA-37-A5EL-01A-11R-A26W-07,1.0
68,TCGA-63-A5MU-01A-11R-A26W-07,1.0
69,TCGA-33-4566-01A-01R-1443-07,1.0
70,TCGA-77-7463-01A-11R-2045-07,1.0
71,TCGA-51-4081-01A-01R-1100-07,1.0
72,TCGA-43-A56U-01A-11R-A26W-07,1.0
73,TCGA-O2-A52Q-01A-11R-A26W-07,1.0
74,TCGA-60-2724-01A-01R-0851-07,1.0
75,TCGA-MF-A522-01A-11R-A262-07,1.0
76,TCGA-43-3920-01A-01R-0980-07,1.0
77,TCGA-96-7545-01A-21R-2045-07,1.0
78,TCGA-21-5786-01A-01R-1635-07,1.0
79,TCGA-21-1077-01A-01R-0692-07,1.0
80,TCGA-77-8128-01A-11R-2247-07,1.0
81,TCGA-60-2704-01A-11R-2045-07,1.0
82,TCGA-37-4135-01A-01R-1100-07,1.0
83,TCGA-33-4533-01A-01R-1201-07,1.0
84,TCGA-46-3769-01A-01R-0980-07,1.0
85,TCGA-33-4583-01A-01R-1443-07,1.0
86,TCGA-51-6867-01A-11R-2045-07,1.0
87,TCGA-56-7222-01A-11R-2045-07,1.0
88,TCGA-63-5128-01A-01R-1443-07,1.0
89,TCGA-18-3415-01A-01R-0980-07,1.0
90,TCGA-NC-A5HJ-01A-11R-A26W-07,1.0
91,TCGA-63-A5MN-01A-22R-A27Q-07,1.0
92,TCGA-58-8391-01A-11R-2326-07,1.0
93,TCGA-NK-A5CR-01A-11R-A26W-07,1.0
94,TCGA-22-4607-01A-01R-1201-07,1.0
95,TCGA-33-4589-01A-01R-1443-07,1.0
96,TCGA-92-8063-01A-11R-2247-07,1.0
97,TCGA-90-A4EE-01A-11R-A24Z-07,1.0
98,TCGA-63-5131-01A-01R-1443-07,1.0
99,TCGA-43-A56V-01A-11R-A26W-07,1.0
100,TCGA-63-6202-01A-11R-1820-07,1.0
101,TCGA-56-7580-01A-11R-2045-07,1.0
102,TCGA-85-A512-01A-11R-A26W-07,1.0
103,TCGA-98-A53A-01A-11R-A262-07,1.0
104,TCGA-66-2742-01A-01R-0980-07,1.0
105,TCGA-56-8503-01A-11R-2403-07,1.0
106,TCGA-LA-A446-01A-21R-A24Z-07,1.0
107,TCGA-90-7767-01A-11R-2125-07,1.0
108,TCGA-34-5239-01A-21R-1820-07,1.0
109,TCGA-85-8666-01A-11R-2403-07,1.0
110,TCGA-XC-AA0X-01A-32R-A405-07,1.0
111,TCGA-56-6546-01A-11R-1820-07,1.0
112,TCGA-66-2766-01A-01R-0851-07,1.0
113,TCGA-94-A5I4-01A-11R-A26W-07,1.0
114,TCGA-18-3410-01A-01R-0980-07,1.0
115,TCGA-43-5668-01A-01R-1635-07,1.0
116,TCGA-77-A5GB-01B-11R-A27Q-07,1.0
117,TCGA-56-5898-01A-11R-1635-07,1.0
118,TCGA-18-3421-01A-01R-0980-07,1.0
119,TCGA-60-2712-01A-01R-0851-07,1.0
120,TCGA-77-8145-01A-11R-2247-07,1.0
121,TCGA-66-2755-01A-01R-0851-07,1.0
122,TCGA-22-4609-01A-21R-2125-07,1.0
123,TCGA-37-4133-01A-01R-1100-07,1.0
124,TCGA-43-6143-01A-11R-1820-07,1.0
125,TCGA-22-5479-01A-31R-1949-07,1.0
126,TCGA-68-7755-01A-11R-2125-07,1.0
127,TCGA-37-4132-01A-01R-1100-07,1.0
128,TCGA-43-5670-01A-21R-2125-07,1.0
129,TCGA-85-8287-01A-11R-2296-07,1.0
130,TCGA-33-A5GW-01A-11R-A27Q-07,1.0
131,TCGA-L3-A4E7-01A-11R-A24Z-07,1.0
132,TCGA-18-3406-01A-01R-0980-07,1.0
133,TCGA-NC-A5HG-01A-11R-A26W-07,1.0
134,TCGA-22-1017-01A-01R-0692-07,1.0
135,TCGA-43-2578-01A-01R-0851-07,1.0
136,TCGA-22-4605-01A-21R-2125-07,1.0
137,TCGA-46-3766-01A-01R-0980-07,1.0
138,TCGA-77-7141-01A-11R-2045-07,1.0
139,TCGA-68-8251-01A-11R-2296-07,1.0
140,TCGA-39-5029-01A-01R-1443-07,1.0
141,TCGA-18-4086-01A-01R-1100-07,1.0
142,TCGA-90-7769-01A-11R-2125-07,1.0
143,TCGA-85-6561-01A-11R-1820-07,1.0
144,TCGA-77-6844-01A-11R-1949-07,1.0
145,TCGA-66-2768-01A-01R-0851-07,1.0
146,TCGA-34-5240-01A-01R-1443-07,1.0
147,TCGA-NC-A5HH-01A-11R-A26W-07,1.0
148,TCGA-39-5011-01A-01R-1443-07,1.0
149,TCGA-85-8071-01A-11R-2247-07,1.0
150,TCGA-63-A5MP-01A-11R-A26W-07,1.0
151,TCGA-22-1016-01A-01R-0692-07,1.0
152,TCGA-39-5024-01A-21R-1820-07,1.0
153,TCGA-J1-A4AH-01A-31R-A24H-07,1.0
154,TCGA-77-7338-01A-11R-2045-07,1.0
155,TCGA-60-2714-01A-01R-0851-07,1.0
156,TCGA-60-2719-01A-01R-0851-07,1.0
157,TCGA-63-A5MR-01A-31R-A27Q-07,1.0
158,TCGA-NC-A5HN-01A-11R-A26W-07,1.0
159,TCGA-77-7139-01A-11R-2045-07,1.0
160,TCGA-85-8584-01A-11R-2403-07,1.0
161,TCGA-21-5787-01A-01R-1635-07,1.0
162,TCGA-22-5471-01A-01R-1635-07,1.0
163,TCGA-37-5819-01A-01R-1635-07,1.0
164,TCGA-70-6722-01A-11R-1820-07,1.0
165,TCGA-79-5596-01A-31R-1949-07,1.0
166,TCGA-85-A4CN-01A-11R-A24H-07,1.0
167,TCGA-98-A53B-01A-11R-A262-07,1.0
168,TCGA-21-1082-01A-01R-0692-07,1.0
169,TCGA-85-7699-01A-11R-2125-07,1.0
170,TCGA-21-1072-01A-01R-0692-07,1.0
171,TCGA-43-A474-01A-11R-A24H-07,1.0
172,TCGA-90-6837-01A-11R-1949-07,1.0
173,TCGA-85-A4QR-01A-11R-A24Z-07,1.0
174,TCGA-46-3768-01A-01R-0980-07,1.0
175,TCGA-NK-A7XE-01A-12R-A405-07,1.0
176,TCGA-L3-A524-01A-11R-A262-07,1.0
177,TCGA-56-A62T-01A-11R-A405-07,1.0
178,TCGA-66-2778-01A-02R-0851-07,1.0
179,TCGA-58-A46K-01A-11R-A24H-07,1.0
180,TCGA-66-2758-01A-02R-0851-07,1.0
181,TCGA-33-4538-01A-01R-1201-07,1.0
182,TCGA-66-2782-01A-01R-0851-07,1.0
183,TCGA-43-7658-01A-11R-2125-07,1.0
184,TCGA-77-8131-01A-11R-2247-07,1.0
185,TCGA-96-8170-01A-11R-2296-07,1.0
186,TCGA-96-7544-01A-11R-2045-07,1.0
187,TCGA-58-A46J-01A-11R-A24H-07,1.0
188,TCGA-63-A5MT-01A-21R-A26W-07,1.0
189,TCGA-60-2698-01A-01R-0851-07,1.0
190,TCGA-39-5035-01A-01R-1443-07,1.0
191,TCGA-63-A5MY-01A-11R-A26W-07,1.0
192,TCGA-85-A511-01A-21R-A262-07,1.0
193,TCGA-56-1622-01A-01R-0692-07,1.0
194,TCGA-NC-A5HD-01A-11R-A26W-07,1.0
195,TCGA-34-2608-01A-02R-0851-07,1.0
196,TCGA-85-A4JB-01A-51R-A262-07,1.0
197,TCGA-63-A5M9-01A-11R-A26W-07,1.0
198,TCGA-21-5782-01A-01R-1635-07,1.0
199,TCGA-56-A5DR-01A-11R-A27Q-07,1.0
200,TCGA-92-8065-01A-11R-2247-07,1.0
201,TCGA-39-5030-01A-01R-1443-07,1.0
202,TCGA-85-8350-01A-11R-2296-07,1.0
203,TCGA-60-2707-01A-01R-0851-07,1.0
204,TCGA-56-A4ZJ-01A-11R-A262-07,1.0
205,TCGA-58-8390-01A-11R-2326-07,1.0
206,TCGA-63-A5MS-01A-11R-A26W-07,1.0
207,TCGA-85-7950-01A-11R-2187-07,1.0
208,TCGA-56-8504-01A-11R-2403-07,1.0
209,TCGA-22-5472-01A-01R-1635-07,1.0
210,TCGA-37-4129-01A-01R-1100-07,1.0
211,TCGA-33-4532-01A-01R-1201-07,1.0
212,TCGA-22-4596-01A-01R-1201-07,1.0
213,TCGA-18-3412-01A-01R-0980-07,1.0
214,TCGA-60-2703-01A-11R-2045-07,1.0
215,TCGA-22-4595-01A-01R-1201-07,1.0
216,TCGA-22-5480-01A-01R-1635-07,1.0
217,TCGA-46-6026-01A-11R-1820-07,1.0
218,TCGA-21-5783-01A-41R-2187-07,1.0
219,TCGA-66-2773-01A-01R-1201-07,1.0
220,TCGA-77-A5GA-01A-11R-A27Q-07,1.0
221,TCGA-21-1083-01A-01R-0692-07,1.0
222,TCGA-96-A4JL-01A-11R-A24Z-07,1.0
223,TCGA-77-7138-01A-41R-2045-07,1.0
224,TCGA-85-8276-01A-11R-2296-07,1.0
225,TCGA-77-A5GF-01A-21R-A27Q-07,1.0
226,TCGA-60-2696-01A-01R-0851-07,1.0
227,TCGA-39-5034-01A-01R-1443-07,1.0
228,TCGA-77-A5G8-01B-11R-A27Q-07,1.0
229,TCGA-66-2771-01A-01R-0980-07,1.0
230,TCGA-63-A5MH-01A-12R-A27Q-07,1.0
231,TCGA-21-1080-01A-01R-0692-07,1.0
232,TCGA-18-3411-01A-01R-0980-07,1.0
233,TCGA-60-2695-01A-01R-0851-07,1.0
234,TCGA-39-5031-01A-01R-1443-07,1.0
235,TCGA-21-1070-01A-01R-0692-07,1.0
236,TCGA-96-8169-01A-11R-2296-07,1.0
237,TCGA-33-6737-01A-11R-1820-07,1.0
238,TCGA-18-3407-01A-01R-0980-07,1.0
239,TCGA-94-A4VJ-01A-11R-A24Z-07,1.0
240,TCGA-90-A4ED-01A-31R-A24Z-07,1.0
241,TCGA-85-7710-01A-11R-2125-07,1.0
242,TCGA-77-8139-01A-11R-2247-07,1.0
243,TCGA-56-7731-01A-11R-2125-07,1.0
244,TCGA-39-5039-01A-01R-1443-07,1.0
245,TCGA-60-2711-01A-01R-0851-07,1.0
246,TCGA-98-A53D-01A-32R-A262-07,1.0
247,TCGA-66-2792-01A-01R-0980-07,1.0
248,TCGA-O2-A52V-01A-31R-A262-07,1.0
249,TCGA-66-2787-01A-01R-0980-07,1.0
250,TCGA-94-8490-01A-11R-2326-07,1.0
251,TCGA-66-2785-01A-01R-0851-07,1.0
252,TCGA-85-8355-01A-11R-2296-07,1.0
253,TCGA-77-8146-01A-11R-2247-07,1.0
254,TCGA-98-8023-01A-11R-2247-07,1.0
255,TCGA-58-A46N-01A-11R-A24H-07,1.0
256,TCGA-77-A5G6-01A-11R-A27Q-07,1.0
257,TCGA-56-8308-01A-11R-2296-07,1.0
258,TCGA-56-8623-01A-11R-A28V-07,1.0
259,TCGA-O2-A52N-01A-11R-A26W-07,1.0
260,TCGA-39-5021-01A-01R-1443-07,1.0
261,TCGA-34-5232-01A-21R-1820-07,1.0
262,TCGA-37-A5EM-01A-21R-A27Q-07,1.0
263,TCGA-18-4721-01A-01R-1443-07,1.0
264,TCGA-66-2780-01A-01R-0851-07,1.0
265,TCGA-85-8352-01A-31R-2326-07,1.0
266,TCGA-98-7454-01A-11R-2045-07,1.0
267,TCGA-68-A59I-01A-11R-A262-07,1.0
268,TCGA-85-A50M-01A-21R-A262-07,1.0
269,TCGA-43-8116-01A-11R-2247-07,1.0
270,TCGA-O2-A52S-01A-11R-A262-07,1.0
271,TCGA-39-5028-01A-01R-1443-07,1.0
272,TCGA-77-6842-01A-11R-1949-07,1.0
273,TCGA-22-1012-01A-01R-0692-07,1.0
274,TCGA-33-AASD-01A-11R-A405-07,1.0
275,TCGA-85-8072-01A-31R-2247-07,1.0
276,TCGA-37-A5EN-01A-21R-A26W-07,1.0
277,TCGA-85-8048-01A-11R-2247-07,1.0
278,TCGA-46-3765-01A-01R-0980-07,1.0
279,TCGA-66-2786-01A-01R-0851-07,1.0
280,TCGA-66-2800-01A-01R-1201-07,1.0
281,TCGA-66-2791-01A-01R-0980-07,1.0
282,TCGA-77-8150-01A-11R-2247-07,1.0
283,TCGA-NK-A5CT-01A-31R-A26W-07,1.0
284,TCGA-85-A4JC-01A-11R-A24Z-07,1.0
285,TCGA-85-6175-01A-11R-1820-07,1.0
286,TCGA-90-7964-01A-21R-2187-07,1.0
287,TCGA-56-7221-01A-11R-2045-07,1.0
288,TCGA-18-5592-01A-01R-1635-07,1.0
289,TCGA-85-8070-01A-11R-2247-07,1.0
290,TCGA-66-2756-01A-01R-0851-07,1.0
291,TCGA-22-5474-01A-01R-1635-07,1.0
292,TCGA-33-4547-01A-01R-1201-07,1.0
293,TCGA-66-2767-01A-01R-0851-07,1.0
294,TCGA-85-8049-01A-11R-2247-07,1.0
295,TCGA-34-A5IX-01A-12R-A27Q-07,1.0
296,TCGA-21-1081-01A-01R-0692-07,1.0
297,TCGA-58-A46L-01A-11R-A24H-07,1.0
298,TCGA-43-6770-01A-11R-1820-07,1.0
299,TCGA-90-7766-01A-21R-2125-07,1.0
300,TCGA-22-1005-01A-01R-0692-07,1.0
301,TCGA-63-7020-01A-11R-1949-07,1.0
302,TCGA-77-8133-01A-12R-2247-07,1.0
303,TCGA-66-2753-01A-01R-0980-07,1.0
304,TCGA-NC-A5HM-01A-12R-A26W-07,1.0
305,TCGA-56-8625-01A-11R-2403-07,1.0
306,TCGA-43-8118-01A-11R-2403-07,1.0
307,TCGA-98-8020-01A-11R-2247-07,1.0
308,TCGA-58-8393-01A-11R-2326-07,1.0
309,TCGA-77-8008-01A-21R-2187-07,1.0
310,TCGA-66-2765-01A-01R-0851-07,1.0
311,TCGA-22-4591-01A-01R-1201-07,1.0
312,TCGA-77-8140-01A-11R-2247-07,1.0
313,TCGA-56-7822-01A-11R-2125-07,1.0
314,TCGA-60-2697-01A-11R-2125-07,1.0
315,TCGA-56-7823-01B-11R-2247-07,1.0
316,TCGA-63-A5MB-01A-11R-A26W-07,1.0
317,TCGA-77-8144-01A-11R-2247-07,1.0
318,TCGA-60-2722-01A-01R-0851-07,1.0
319,TCGA-37-3792-01A-01R-0980-07,1.0
320,TCGA-22-4613-01A-01R-1443-07,1.0
321,TCGA-60-2723-01A-01R-0851-07,1.0
322,TCGA-39-5016-01A-01R-1443-07,1.0
323,TCGA-21-1075-01A-01R-0692-07,1.0
324,TCGA-66-2794-01A-01R-1201-07,1.0
325,TCGA-85-7696-01A-11R-2125-07,1.0
326,TCGA-34-8454-01A-11R-2326-07,1.0
327,TCGA-66-2734-01A-01R-0980-07,1.0
328,TCGA-60-2708-01A-01R-0851-07,1.0
329,TCGA-NK-A5CX-01A-11R-A26W-07,1.0
330,TCGA-56-8083-01A-11R-2247-07,1.0
331,TCGA-56-7730-01A-11R-2125-07,1.0
332,TCGA-52-7622-01A-11R-2125-07,1.0
333,TCGA-22-4593-01A-21R-1820-07,1.0
334,TCGA-58-8387-01A-11R-2296-07,1.0
335,TCGA-98-A53H-01A-12R-A262-07,1.0
336,TCGA-33-6738-01A-11R-1949-07,1.0
337,TCGA-21-5784-01A-01R-1635-07,1.0
338,TCGA-85-8479-01A-11R-2326-07,1.0
339,TCGA-NC-A5HF-01A-11R-A26W-07,1.0
340,TCGA-77-8153-01A-11R-2403-07,1.0
341,TCGA-34-8455-01A-11R-2326-07,1.0
342,TCGA-33-4582-01A-01R-1443-07,1.0
343,TCGA-96-A4JK-01A-11R-A24Z-07,1.0
344,TCGA-68-7756-01A-11R-2125-07,1.0
345,TCGA-60-2716-01A-01R-0851-07,1.0
346,TCGA-33-A4WN-01A-11R-A262-07,1.0
347,TCGA-60-2713-01A-01R-0851-07,1.0
348,TCGA-37-4133-01A-01R-1100-07-1,1.0
349,TCGA-39-5022-01A-21R-1820-07,1.0
350,TCGA-22-1002-01A-01R-0692-07,1.0
351,TCGA-77-A5FZ-01A-31R-A27Q-07,1.0
352,TCGA-77-7142-01A-11R-2045-07,1.0
353,TCGA-NC-A5HT-01A-11R-A26W-07,1.0
354,TCGA-77-A5GH-01A-11R-A27Q-07,1.0
355,TCGA-63-A5MW-01A-11R-A26W-07,1.0
356,TCGA-37-4141-01A-02R-1100-07,1.0
357,TCGA-18-5595-01A-01R-1635-07,1.0
358,TCGA-NC-A5HQ-01A-11R-A26W-07,1.0
359,TCGA-39-5036-01A-01R-1443-07,1.0
360,TCGA-LA-A7SW-01A-11R-A405-07,1.0
361,TCGA-NC-A5HP-01A-11R-A26W-07,1.0
362,TCGA-21-1079-01A-01R-0692-07,1.0
363,TCGA-85-8481-01A-11R-2326-07,1.0
364,TCGA-22-5481-01A-31R-1949-07,1.0
365,TCGA-33-AASJ-01A-11R-A405-07,1.0
366,TCGA-68-A59J-01A-21R-A26W-07,1.0
367,TCGA-33-4587-01A-11R-2125-07,1.0
368,TCGA-63-7023-01A-11R-1949-07,1.0
369,TCGA-56-8305-01A-11R-2296-07,1.0
370,TCGA-85-8354-01A-31R-2326-07,1.0
371,TCGA-77-8009-01A-11R-2187-07,1.0
372,TCGA-34-5231-01A-21R-1820-07,1.0
373,TCGA-33-AASB-01A-11R-A405-07,1.0
374,TCGA-34-2596-01A-01R-0851-07,1.0
375,TCGA-63-A5MV-01A-21R-A26W-07,1.0
376,TCGA-52-7809-01A-21R-2125-07,1.0
377,TCGA-85-8582-01A-21R-2403-07,1.0
378,TCGA-60-2715-01A-01R-0851-07,1.0
379,TCGA-66-2790-01A-01R-0980-07,1.0
380,TCGA-18-3414-01A-01R-0980-07,1.0
381,TCGA-66-2737-01A-01R-0980-07,1.0
382,TCGA-56-8624-01A-11R-2403-07,1.0
383,TCGA-22-1000-01A-01R-A32Z-07,1.0
384,TCGA-21-1078-01A-01R-0692-07,1.0
385,TCGA-92-8064-01A-11R-2247-07,1.0
386,TCGA-56-5897-01A-11R-1635-07,1.0
387,TCGA-18-3419-01A-01R-0980-07,1.0
388,TCGA-34-5234-01A-01R-1635-07,1.0
389,TCGA-56-8304-01A-11R-2326-07,1.0
390,TCGA-18-4083-01A-01R-1100-07,1.0
391,TCGA-68-8250-01A-11R-2296-07,1.0
392,TCGA-21-1076-01A-02R-0692-07,1.0
393,TCGA-52-7811-01A-11R-2125-07,1.0
394,TCGA-56-7223-01A-11R-2045-07,1.0
395,TCGA-56-A4ZK-01A-11R-A262-07,1.0
396,TCGA-66-2727-01A-01R-0980-07,1.0
397,TCGA-NC-A5HL-01A-11R-A26W-07,1.0
398,TCGA-85-8288-01A-11R-2296-07,1.0
399,TCGA-66-2788-01A-01R-0980-07,1.0
400,TCGA-34-8456-01A-21R-2326-07,1.0
401,TCGA-85-7843-01A-11R-2125-07,1.0
402,TCGA-34-5241-01A-01R-1443-07,1.0
403,TCGA-43-8115-01A-11R-2247-07,1.0
404,TCGA-77-8154-01A-11R-2247-07,1.0
405,TCGA-37-4130-01A-01R-1100-07,1.0
406,TCGA-92-7340-01A-21R-2045-07,1.0
407,TCGA-43-6771-01A-11R-1820-07,1.0
408,TCGA-60-2710-01A-01R-0851-07,1.0
409,TCGA-56-7582-01A-11R-2045-07,1.0
410,TCGA-56-6545-01A-11R-1820-07,1.0
411,TCGA-98-8022-01A-11R-2247-07,1.0
412,TCGA-56-A4BY-01A-11R-A24H-07,1.0
413,TCGA-NC-A5HR-01A-21R-A26W-07,1.0
414,TCGA-66-2770-01A-01R-0851-07,1.0
415,TCGA-94-7557-01A-11R-2125-07,1.0
416,TCGA-58-8386-01A-11R-2296-07,1.0
417,TCGA-33-4586-01A-01R-1443-07,1.0
418,TCGA-52-7810-01A-11R-2125-07,1.0
419,TCGA-58-8388-01A-11R-2326-07,1.0
420,TCGA-60-2706-01A-01R-0851-07,1.0
421,TCGA-51-4080-01A-01R-1100-07,1.0
422,TCGA-98-A53J-01A-11R-A26W-07,1.0
423,TCGA-34-7107-01A-11R-1949-07,1.0
424,TCGA-85-8351-01A-11R-2296-07,1.0
425,TCGA-34-5929-01A-11R-1820-07,1.0
426,TCGA-85-A510-01A-11R-A26W-07,1.0
427,TCGA-94-8491-01A-11R-2326-07,1.0
428,TCGA-56-8622-01A-11R-2403-07,1.0
429,TCGA-56-8626-01A-11R-2403-07,1.0
430,TCGA-34-5928-01A-11R-1820-07,1.0
431,TCGA-34-5236-01A-21R-1820-07,1.0
432,TCGA-52-7812-01A-11R-2125-07,1.0
433,TCGA-63-A5ML-01A-31R-A27Q-07,1.0
434,TCGA-66-2795-01A-02R-0980-07,1.0
435,TCGA-94-8035-01A-11R-2247-07,1.0
436,TCGA-85-7698-01A-11R-2125-07,1.0
437,TCGA-22-4601-01A-01R-1443-07,1.0
438,TCGA-66-2793-01A-01R-1201-07,1.0
439,TCGA-58-8392-01A-11R-2326-07,1.0
440,TCGA-63-7021-01A-11R-1949-07,1.0
441,TCGA-85-7844-01A-11R-2125-07,1.0
442,TCGA-63-A5MI-01A-12R-A27Q-07,1.0
443,TCGA-85-A4PA-01A-11R-A24Z-07,1.0
444,TCGA-43-2581-01A-01R-0851-07,1.0
445,TCGA-56-7579-01A-11R-2045-07,1.0
446,TCGA-77-A5G3-01A-31R-A27Q-07,1.0
447,TCGA-77-A5G1-01A-11R-A27Q-07,1.0
448,TCGA-94-A5I6-01A-21R-A27Q-07,1.0
449,TCGA-NK-A5D1-01A-11R-A26W-07,1.0
450,TCGA-33-AASI-01A-22R-A405-07,1.0
451,TCGA-77-6843-01A-11R-1949-07,1.0
452,TCGA-22-5489-01A-01R-1635-07,1.0
453,TCGA-22-A5C4-01A-12R-A27Q-07,1.0
454,TCGA-92-7341-01A-31R-2045-07,1.0
455,TCGA-21-1076-01A-01R-0692-07,1.0
456,TCGA-56-8309-01A-11R-2296-07,1.0
457,TCGA-70-6723-01A-11R-1820-07,1.0
458,TCGA-22-4594-01A-01R-1201-07,1.0
459,TCGA-56-A4BX-01A-11R-A24H-07,1.0
460,TCGA-85-A50Z-01A-21R-A262-07,1.0
461,TCGA-21-1071-01A-01R-0692-07,1.0
462,TCGA-43-7657-01A-31R-2125-07,1.0
463,TCGA-O2-A5IB-01A-11R-A27Q-07,1.0
464,TCGA-77-8130-01A-11R-2247-07,1.0
465,TCGA-NC-A5HI-01A-11R-A26W-07,1.0
466,TCGA-60-2721-01A-01R-0851-07,1.0
467,TCGA-63-A5MG-01A-12R-A27Q-07,1.0
468,TCGA-66-2769-01A-02R-0851-07,1.0
469,TCGA-94-7943-01A-11R-2187-07,1.0
470,TCGA-66-2754-01A-01R-0980-07,1.0
471,TCGA-46-3767-01A-01R-0980-07,1.0
472,TCGA-98-8021-01A-11R-2247-07,1.0
473,TCGA-22-5492-01A-01R-1635-07,1.0
474,TCGA-66-2777-01A-01R-1201-07,1.0
475,TCGA-77-8148-01A-11R-2247-07,1.0
476,TCGA-85-6560-01A-11R-1820-07,1.0
477,TCGA-22-1011-01A-01R-0692-07,1.0
478,TCGA-22-5473-01A-01R-1635-07,1.0
479,TCGA-98-A539-01A-31R-A262-07,1.0
480,TCGA-85-6798-01A-11R-1949-07,1.0
481,TCGA-77-7337-01A-21R-2045-07,1.0
482,TCGA-77-8143-01A-11R-2247-07,1.0
483,TCGA-77-8156-01A-11R-2247-07,1.0
484,TCGA-21-A5DI-01A-31R-A26W-07,1.0
485,TCGA-98-A538-01A-11R-A262-07,1.0
486,TCGA-56-A49D-01A-11R-A24H-07,1.0
487,TCGA-39-5019-01A-01R-1820-07,1.0
488,TCGA-39-5040-01A-21R-2125-07,1.0
489,TCGA-85-A53L-01A-21R-A26W-07,1.0
490,TCGA-77-A5G7-01B-11R-A27Q-07,1.0
491,TCGA-63-A5MM-01A-11R-A26W-07,1.0
492,TCGA-37-3789-01A-01R-0980-07,1.0
493,TCGA-37-3783-01A-01R-1201-07,1.0
494,TCGA-66-2763-01A-01R-0851-07,1.0
495,TCGA-63-A5MJ-01A-11R-A27Q-07,1.0
496,TCGA-68-7757-01B-11R-2296-07,1.0
497,TCGA-85-8664-01A-11R-2403-07,1.0
498,TCGA-43-A475-01A-11R-A24H-07,1.0
499,TCGA-56-8082-01A-11R-2247-07,1.0
500,TCGA-33-AAS8-01A-11R-A405-07,1.0
501,TCGA-56-8628-01A-11R-2403-07,1.0
502,TCGA-98-A53I-01A-31R-A262-07,1.0
503,TCGA-37-4132-01A-01R-1100-07-1,1.0
504,TCGA-22-5482-01A-01R-1635-07,1.0
505,TCGA-85-8052-01A-11R-2247-07,1.0
506,TCGA-NC-A5HK-01A-11R-A26W-07,1.0
507,TCGA-56-8629-01A-11R-2403-07,1.0
508,TCGA-56-A4BW-01A-11R-A24H-07,1.0
509,TCGA-66-2757-01A-01R-0851-07,1.0
510,TCGA-43-7656-01A-11R-2125-07,1.0
511,TCGA-18-3409-01A-01R-0980-07,1.0
512,TCGA-43-3394-01A-01R-0980-07,1.0
513,TCGA-85-8580-01A-31R-2403-07,1.0
514,TCGA-34-5927-01A-11R-1820-07,1.0
515,TCGA-60-2725-01A-01R-1201-07,1.0
516,TCGA-58-A46M-01A-11R-A24H-07,1.0
517,TCGA-66-2789-01A-01R-0980-07,1.0
518,TCGA-77-8136-01A-11R-2247-07,1.0
519,TCGA-56-8307-01A-11R-2296-07,1.0
520,TCGA-77-7140-01A-41R-2045-07,1.0
521,TCGA-NC-A5HE-01A-11R-A26W-07,1.0
522,TCGA-43-6773-01A-41R-1949-07,1.0
523,TCGA-77-8007-01A-11R-2187-07,1.0
524,TCGA-98-A53C-01A-11R-A262-07,1.0
525,TCGA-77-8138-01A-11R-2247-07,1.0
526,TCGA-51-4079-01A-01R-1100-07,1.0
527,TCGA-22-5483-01A-01R-1820-07,1.0
528,TCGA-85-8277-01A-11R-2296-07,1.0
529,TCGA-66-2759-01A-01R-0851-07,1.0
530,TCGA-77-6845-01A-11R-1949-07,1.0
531,TCGA-22-4604-01A-01R-1201-07,1.0
532,TCGA-46-6025-01A-11R-1820-07,1.0
533,TCGA-18-3416-01A-01R-0980-07,1.0
534,TCGA-22-5477-01A-01R-1635-07,1.0
535,TCGA-22-0944-01A-01R-0692-07,1.0
536,TCGA-85-A4QQ-01A-41R-A262-07,1.0
537,TCGA-18-3408-01A-01R-0980-07,1.0
538,TCGA-22-4599-01A-01R-1443-07,1.0
539,TCGA-22-5478-01A-01R-1635-07,1.0
540,GTEX-132NY-1226-SM-5PNVF,1.0
541,GTEX-Y5V6-0226-SM-4V6G7,1.0
542,GTEX-P4PP-0526-SM-2HMKE,1.0
543,GTEX-139TT-0726-SM-5K7XW,1.0
544,GTEX-148VI-0226-SM-5RQKA,1.0
545,GTEX-WHSB-0326-SM-5FQSD,1.0
546,GTEX-13111-0426-SM-5DUXR,1.0
547,GTEX-S32W-0326-SM-2XCBI,1.0
548,GTEX-YF7O-0626-SM-4W21R,1.0
549,GTEX-OHPK-0526-SM-2HMJB,1.0
550,GTEX-13NYS-1626-SM-5J2MU,1.0
551,GTEX-OOBK-0526-SM-2HMJJ,1.0
552,GTEX-14ABY-1126-SM-5Q5F8,1.0
553,GTEX-P44H-1126-SM-48TBU,1.0
554,GTEX-13U4I-1426-SM-5J2M3,1.0
555,GTEX-12WSG-0326-SM-5FQU3,1.0
556,GTEX-12WSI-0826-SM-5EGKD,1.0
557,GTEX-13D11-0326-SM-5LZXX,1.0
558,GTEX-145MH-0626-SM-5NQAK,1.0
559,GTEX-11DXX-0626-SM-5Q5AG,1.0
560,GTEX-13O3O-0726-SM-5J1N7,1.0
561,GTEX-1313W-0926-SM-5EQ56,1.0
562,GTEX-O5YT-0526-SM-32PK8,1.0
563,GTEX-Y5LM-0726-SM-4VBRP,1.0
564,GTEX-O5YW-0526-SM-2YUMX,1.0
565,GTEX-13OVJ-0726-SM-5KM1W,1.0
566,GTEX-Y5V5-0826-SM-4VBQD,1.0
567,GTEX-RU1J-0126-SM-2TF6Y,1.0
568,GTEX-13NZ9-0926-SM-5KM12,1.0
569,GTEX-12WSD-0826-SM-5GCNE,1.0
570,GTEX-11DXZ-0726-SM-5N9C4,1.0
571,GTEX-VUSG-0926-SM-3GIK6,1.0
572,GTEX-13CF3-0426-SM-5IJEU,1.0
573,GTEX-144GN-0426-SM-5O9AP,1.0
574,GTEX-ZZPU-0526-SM-5E44U,1.0
575,GTEX-QDVN-0726-SM-4B64L,1.0
576,GTEX-12584-1426-SM-5EGJ9,1.0
577,GTEX-11EQ9-0226-SM-5A5JX,1.0
578,GTEX-13RTJ-1126-SM-5S2UJ,1.0
579,GTEX-13FTZ-0526-SM-5IJCW,1.0
580,GTEX-U412-0826-SM-3DB9K,1.0
581,GTEX-131XF-1026-SM-5BC6A,1.0
582,GTEX-QXCU-0626-SM-2TC69,1.0
583,GTEX-T5JC-0826-SM-32PMC,1.0
584,GTEX-XV7Q-0426-SM-4BRVN,1.0
585,GTEX-TMMY-0926-SM-4TT1Z,1.0
586,GTEX-PVOW-1026-SM-2XCF9,1.0
587,GTEX-145LT-0326-SM-5LUAD,1.0
588,GTEX-YFCO-0426-SM-4W1Z7,1.0
589,GTEX-11TUW-0526-SM-5LU9A,1.0
590,GTEX-13OVH-1026-SM-5J2NP,1.0
591,GTEX-11NSD-0326-SM-5A5LS,1.0
592,GTEX-QV44-0926-SM-2S1RH,1.0
593,GTEX-S4Z8-0426-SM-3K2AH,1.0
594,GTEX-POYW-1226-SM-2XCEP,1.0
595,GTEX-U8T8-2226-SM-3DB95,1.0
596,GTEX-ZYFG-0226-SM-5GIDT,1.0
597,GTEX-XYKS-0526-SM-4BRW2,1.0
598,GTEX-YFC4-1126-SM-5RQJN,1.0
599,GTEX-X5EB-0426-SM-46MVY,1.0
600,GTEX-ZXG5-0826-SM-5GID6,1.0
601,GTEX-XBEC-1026-SM-4QASM,1.0
602,GTEX-S7SE-0926-SM-2XCD6,1.0
603,GTEX-13N11-0326-SM-5LUA3,1.0
604,GTEX-YECK-0926-SM-4W214,1.0
605,GTEX-13JUV-0526-SM-5K7XE,1.0
606,GTEX-ZYY3-0926-SM-5E454,1.0
607,GTEX-OOBJ-0526-SM-48TDK,1.0
608,GTEX-13OW5-0726-SM-5KLZK,1.0
609,GTEX-Y111-1026-SM-4TT22,1.0
610,GTEX-11P7K-0326-SM-59871,1.0
611,GTEX-OXRN-0526-SM-2I5EN,1.0
612,GTEX-P4QR-1026-SM-2I5GP,1.0
613,GTEX-147F4-0926-SM-5Q5EO,1.0
614,GTEX-P4QT-0526-SM-2I3EX,1.0
615,GTEX-U3ZM-0426-SM-3DB73,1.0
616,GTEX-WFG8-0926-SM-3GIKJ,1.0
617,GTEX-U8XE-1426-SM-3DB8Q,1.0
618,GTEX-11UD2-0726-SM-5EQ69,1.0
619,GTEX-X4XX-1026-SM-4QARO,1.0
620,GTEX-WZTO-0426-SM-3NM99,1.0
621,GTEX-ZT9X-0326-SM-51MTE,1.0
622,GTEX-ZTTD-1126-SM-51MRP,1.0
623,GTEX-S4Q7-0426-SM-3K2BJ,1.0
624,GTEX-X585-1026-SM-46MW6,1.0
625,GTEX-WWYW-0926-SM-3NB2Z,1.0
626,GTEX-111CU-0326-SM-5GZXO,1.0
627,GTEX-12WSE-0826-SM-5S2VL,1.0
628,GTEX-147JS-1226-SM-5RQK4,1.0
629,GTEX-ZLV1-0426-SM-4WWC2,1.0
630,GTEX-11PRG-0926-SM-5EGI8,1.0
631,GTEX-V1D1-0826-SM-3P5ZA,1.0
632,GTEX-SNOS-0426-SM-32PMH,1.0
633,GTEX-ZA64-0326-SM-5HL8T,1.0
634,GTEX-ZG7Y-1026-SM-4WWDG,1.0
635,GTEX-11WQC-0626-SM-5EQMF,1.0
636,GTEX-XMD2-1026-SM-4WWE8,1.0
637,GTEX-R55C-0526-SM-3GIKA,1.0
638,GTEX-13O61-0726-SM-5J2MD,1.0
639,GTEX-WFJO-0326-SM-3GIL3,1.0
640,GTEX-13O3P-1026-SM-5N9E7,1.0
641,GTEX-TML8-0326-SM-4GICN,1.0
642,GTEX-RWS6-0226-SM-2XCA9,1.0
643,GTEX-YB5E-0726-SM-4VDSH,1.0
644,GTEX-111FC-1126-SM-5GZWU,1.0
645,GTEX-P4PQ-0526-SM-2HMKR,1.0
646,GTEX-12WSJ-0226-SM-5GCP7,1.0
647,GTEX-139YR-0926-SM-5LZYB,1.0
648,GTEX-133LE-0526-SM-5N9EJ,1.0
649,GTEX-QDVJ-0926-SM-2I5FU,1.0
650,GTEX-11EI6-0826-SM-5985V,1.0
651,GTEX-X3Y1-0626-SM-3P5YS,1.0
652,GTEX-SE5C-0526-SM-2XCE1,1.0
653,GTEX-S33H-0626-SM-2XCBJ,1.0
654,GTEX-14E7W-1326-SM-5RQIV,1.0
655,GTEX-O5YV-0526-SM-2I5GE,1.0
656,GTEX-WY7C-0426-SM-3NB3C,1.0
657,GTEX-XUJ4-1426-SM-4BONT,1.0
658,GTEX-111YS-0626-SM-5GZXV,1.0
659,GTEX-ZAB4-0626-SM-5CVN3,1.0
660,GTEX-11I78-0126-SM-5HL6F,1.0
661,GTEX-13PVQ-0926-SM-5IJFD,1.0
662,GTEX-RVPV-1726-SM-5SI8C,1.0
663,GTEX-WFG7-0526-SM-3GIKI,1.0
664,GTEX-131XW-1126-SM-5EGK4,1.0
665,GTEX-RWSA-1126-SM-2XCAZ,1.0
666,GTEX-131YS-0926-SM-5IJB9,1.0
667,GTEX-117YX-1326-SM-5H125,1.0
668,GTEX-OXRO-0326-SM-33HBM,1.0
669,GTEX-13YAN-1026-SM-5O9CF,1.0
670,GTEX-12ZZY-0926-SM-5EQ6I,1.0
671,GTEX-N7MT-0126-SM-2D7VT,1.0
672,GTEX-13FTY-0126-SM-5J2NZ,1.0
673,GTEX-ZZPT-1326-SM-5E43H,1.0
674,GTEX-12WSN-0626-SM-5BC61,1.0
675,GTEX-11GSP-0726-SM-5986L,1.0
676,GTEX-WOFM-0126-SM-3MJFE,1.0
677,GTEX-13113-0426-SM-5GCOD,1.0
678,GTEX-139T6-0426-SM-5IJEM,1.0
679,GTEX-R55G-0826-SM-2TC5U,1.0
680,GTEX-12696-1026-SM-5FQUV,1.0
681,GTEX-QDT8-0926-SM-32PL2,1.0
682,GTEX-RN64-1226-SM-2TC6E,1.0
683,GTEX-U3ZN-0626-SM-3DB7U,1.0
684,GTEX-SIU7-0526-SM-3NM8I,1.0
685,GTEX-ZDXO-1326-SM-57WBS,1.0
686,GTEX-YEC3-0226-SM-5IFJO,1.0
687,GTEX-13S86-0626-SM-5Q5E7,1.0
688,GTEX-U3ZH-0526-SM-3DB75,1.0
689,GTEX-1477Z-0626-SM-5NQB7,1.0
690,GTEX-ZYW4-1526-SM-5SIBA,1.0
691,GTEX-117YW-0526-SM-5H11C,1.0
692,GTEX-11NV4-1126-SM-5HL6J,1.0
693,GTEX-12BJ1-1026-SM-5EGJA,1.0
694,GTEX-11EMC-0126-SM-5EGKV,1.0
695,GTEX-WFON-0426-SM-3GIL4,1.0
696,GTEX-144GM-0126-SM-5Q5AX,1.0
697,GTEX-13FHP-0726-SM-5K7YI,1.0
698,GTEX-11ZUS-0126-SM-5EQM5,1.0
699,GTEX-PX3G-0526-SM-2I3EM,1.0
700,GTEX-WYJK-0826-SM-3NM8Y,1.0
701,GTEX-1128S-0726-SM-5N9D6,1.0
702,GTEX-OHPL-0526-SM-3NM8U,1.0
703,GTEX-145MN-0926-SM-5NQBT,1.0
704,GTEX-13O21-3026-SM-5J2NI,1.0
705,GTEX-147F3-0726-SM-5NQ9U,1.0
706,GTEX-T6MO-0426-SM-32QOI,1.0
707,GTEX-X4EO-0926-SM-3P5Z2,1.0
708,GTEX-13QJC-0526-SM-5RQKB,1.0
709,GTEX-13FLV-0426-SM-5KLZA,1.0
710,GTEX-PLZ4-0726-SM-2TC6Q,1.0
711,GTEX-13N2G-0826-SM-5IJE6,1.0
712,GTEX-1339X-0626-SM-5IJER,1.0
713,GTEX-WHPG-1426-SM-3NMBB,1.0
714,GTEX-1497J-0326-SM-5Q5CN,1.0
715,GTEX-P4QS-0526-SM-2I3ET,1.0
716,GTEX-1122O-0126-SM-5GICA,1.0
717,GTEX-ZPU1-0926-SM-57WDO,1.0
718,GTEX-X4XY-1026-SM-46MVX,1.0
719,GTEX-13QJ3-1026-SM-5QGQU,1.0
720,GTEX-13VXT-1426-SM-5LU4B,1.0
721,GTEX-12ZZW-0926-SM-5LZUD,1.0
722,GTEX-XBEW-0226-SM-4AT6A,1.0
723,GTEX-13N1W-0726-SM-5MR57,1.0
724,GTEX-T6MN-0826-SM-32PM4,1.0
725,GTEX-ZAB5-0626-SM-5PNVB,1.0
726,GTEX-13QBU-0726-SM-5J2OA,1.0
727,GTEX-WRHU-0226-SM-3MJFV,1.0
728,GTEX-QESD-0626-SM-2I5G4,1.0
729,GTEX-ZT9W-0726-SM-4YCDC,1.0
730,GTEX-ZE7O-0826-SM-57WCP,1.0
731,GTEX-13VXU-2726-SM-5LU4N,1.0
732,GTEX-P78B-0926-SM-2I5FA,1.0
733,GTEX-132QS-0726-SM-5IJE9,1.0
734,GTEX-13O3Q-0526-SM-5KM18,1.0
735,GTEX-Q2AH-0426-SM-2I3EP,1.0
736,GTEX-ZDYS-0426-SM-5IJEQ,1.0
737,GTEX-13PL7-1726-SM-5J2NX,1.0
738,GTEX-ZUA1-1026-SM-4YCEA,1.0
739,GTEX-ZTPG-0926-SM-5O99H,1.0
740,GTEX-ZDTT-0926-SM-5J2MS,1.0
741,GTEX-PWOO-0726-SM-2I3EB,1.0
742,GTEX-11NUK-0826-SM-5HL4U,1.0
743,GTEX-13JVG-1426-SM-5MR4W,1.0
744,GTEX-XQ3S-0926-SM-4BOPI,1.0
745,GTEX-XGQ4-0826-SM-4AT4T,1.0
746,GTEX-OIZI-1026-SM-3NB1K,1.0
747,GTEX-13NZA-1426-SM-5KM4Y,1.0
748,GTEX-OXRP-0526-SM-2I3EW,1.0
749,GTEX-Q734-0626-SM-2I3EF,1.0
750,GTEX-13OW6-0826-SM-5L3GA,1.0
751,GTEX-N7MS-0926-SM-2HMIZ,1.0
752,GTEX-146FQ-0926-SM-5LUAV,1.0
753,GTEX-1399S-1726-SM-5L3DI,1.0
754,GTEX-Y3IK-0626-SM-4WWE4,1.0
755,GTEX-UPIC-0826-SM-3GADQ,1.0
756,GTEX-XPVG-1026-SM-4B64Y,1.0
757,GTEX-SN8G-0926-SM-4DM5I,1.0
758,GTEX-UJHI-0726-SM-3DB92,1.0
759,GTEX-145MF-0726-SM-5Q5BT,1.0
760,GTEX-1212Z-1026-SM-5EGJ8,1.0
761,GTEX-ZVZQ-1526-SM-5N9G6,1.0
762,GTEX-X261-1026-SM-3NMDL,1.0
763,GTEX-145MO-1326-SM-5Q5EF,1.0
764,GTEX-111VG-0726-SM-5GIDC,1.0
765,GTEX-11O72-1326-SM-5BC5A,1.0
766,GTEX-WH7G-0726-SM-3NMBM,1.0
767,GTEX-11TT1-1626-SM-5EQL7,1.0
768,GTEX-145LU-0526-SM-5O9AT,1.0
769,GTEX-ZLWG-0626-SM-4WWFR,1.0
770,GTEX-X4LF-0526-SM-3NMB6,1.0
771,GTEX-12KS4-0726-SM-5FQSX,1.0
772,GTEX-WK11-0526-SM-3NB3O,1.0
773,GTEX-S341-0326-SM-2XCAU,1.0
774,GTEX-W5X1-0526-SM-3GILH,1.0
775,GTEX-ZY6K-0326-SM-5SIBB,1.0
776,GTEX-POMQ-0526-SM-3GADD,1.0
777,GTEX-13FTX-0326-SM-5J2NG,1.0
778,GTEX-14DAR-0226-SM-5S2PR,1.0
779,GTEX-SIU8-0926-SM-5SI87,1.0
780,GTEX-PLZ6-0426-SM-5IFK2,1.0
781,GTEX-OIZH-0526-SM-2HMKV,1.0
782,GTEX-11WQK-1226-SM-5GU5Z,1.0
783,GTEX-RTLS-0926-SM-2TF5X,1.0
784,GTEX-S7SF-0426-SM-3K2B7,1.0
785,GTEX-ZYT6-0526-SM-5GIEA,1.0
786,GTEX-WYBS-1126-SM-3NMAM,1.0
787,GTEX-Q2AG-1026-SM-33HBW,1.0
788,GTEX-139UW-0226-SM-5K7WU,1.0
789,GTEX-YJ8O-1826-SM-5HL82,1.0
790,GTEX-R55D-0926-SM-3GAEU,1.0
791,GTEX-ZYVF-1726-SM-5E443,1.0
792,GTEX-XQ8I-1126-SM-4BOO2,1.0
793,GTEX-11ZTT-0626-SM-5EQLM,1.0
794,GTEX-Y8E4-0526-SM-4V6GC,1.0
795,GTEX-ZC5H-0926-SM-5CVMZ,1.0
796,GTEX-WVJS-0826-SM-4MVNR,1.0
797,GTEX-ZPIC-0626-SM-57WDY,1.0
798,GTEX-131XE-0726-SM-5HL9K,1.0
799,GTEX-13FH7-1726-SM-5IJE7,1.0
800,GTEX-ZYWO-0826-SM-5E45W,1.0
801,GTEX-UPK5-1126-SM-3GAEJ,1.0
802,GTEX-Q2AI-0526-SM-2I3EJ,1.0
803,GTEX-Y9LG-0526-SM-4VBRY,1.0
804,GTEX-11P81-0226-SM-5HL5M,1.0
805,GTEX-146FH-1226-SM-5NQB6,1.0
806,GTEX-1399U-0826-SM-5KM1P,1.0
807,GTEX-T8EM-0326-SM-3DB7F,1.0
808,GTEX-12WSK-0826-SM-5CVNP,1.0
809,GTEX-148VJ-0826-SM-5LU8V,1.0
810,GTEX-13OVL-0626-SM-5KM13,1.0
811,GTEX-1211K-0826-SM-5FQUP,1.0
812,GTEX-OXRL-0526-SM-2I3EZ,1.0
813,GTEX-XBED-0826-SM-47JYC,1.0
814,GTEX-Y8LW-0326-SM-4VBQ9,1.0
815,GTEX-NL3G-0526-SM-4RTWW,1.0
816,GTEX-OXRK-0926-SM-2HMKP,1.0
817,GTEX-VJYA-0326-SM-3GAEX,1.0
818,GTEX-145LS-1226-SM-5Q5D9,1.0
819,GTEX-T2IS-0526-SM-32QP9,1.0
820,GTEX-11DZ1-0426-SM-5H11A,1.0
821,GTEX-OIZG-0526-SM-2HMLF,1.0
822,GTEX-SUCS-0626-SM-32PM5,1.0
823,GTEX-PLZ5-0726-SM-2I5F9,1.0
824,GTEX-QEG4-0526-SM-48TZD,1.0
825,GTEX-NPJ8-0326-SM-2D7VV,1.0
826,GTEX-RUSQ-0626-SM-2TF5V,1.0
827,GTEX-XOT4-1426-SM-4B65T,1.0
828,GTEX-QMR6-1926-SM-32PL9,1.0
829,GTEX-QCQG-0326-SM-2I3ES,1.0
830,GTEX-PW2O-0526-SM-2I3DX,1.0
831,GTEX-X4EP-0526-SM-3P5YW,1.0
832,GTEX-12WSA-1026-SM-5EGHN,1.0
833,GTEX-13G51-0426-SM-5K7Z5,1.0
834,GTEX-UJMC-0726-SM-3GADX,1.0
835,GTEX-13NYB-0626-SM-5MR47,1.0
836,GTEX-11LCK-0426-SM-5A5M8,1.0
837,GTEX-NFK9-1026-SM-2HMK1,1.0
838,GTEX-13FHO-1026-SM-5KM1Q,1.0
839,GTEX-11OF3-1126-SM-5986C,1.0
840,GTEX-13OW8-1726-SM-5L3GO,1.0
841,GTEX-ZVT3-0926-SM-5GICK,1.0
842,GTEX-RM2N-0426-SM-2TF4T,1.0
843,GTEX-11ZTS-1226-SM-5EQMQ,1.0
844,GTEX-12WSL-1026-SM-5CVNJ,1.0
845,GTEX-14A6H-0526-SM-5NQAZ,1.0
846,GTEX-QMRM-0826-SM-3NB33,1.0
847,GTEX-QEG5-1126-SM-33HC2,1.0
848,GTEX-144GO-0226-SM-5LUB1,1.0
849,GTEX-OHPM-0526-SM-2YUMJ,1.0
850,GTEX-13OVG-0326-SM-5KM57,1.0
851,GTEX-WYVS-0526-SM-3NM9W,1.0
852,GTEX-131XH-0426-SM-5DUWU,1.0
853,TCGA-55-6980-11A-01R-1949-07,1.0
854,TCGA-55-6984-11A-01R-1949-07,1.0
855,TCGA-50-5936-11A-01R-1628-07,1.0
856,TCGA-91-6849-11A-01R-1949-07,1.0
857,TCGA-55-6968-11A-01R-1949-07,1.0
858,TCGA-50-5930-11A-01R-1755-07,1.0
859,TCGA-49-6745-11A-01R-1858-07,1.0
860,TCGA-50-5931-11A-01R-1858-07,1.0
861,TCGA-44-6778-11A-01R-1858-07,1.0
862,TCGA-50-5939-11A-01R-1628-07,1.0
863,TCGA-44-2655-11A-01R-1758-07,1.0
864,TCGA-91-6829-11A-01R-1858-07,1.0
865,TCGA-44-3398-11B-01R-1758-07,1.0
866,TCGA-50-5935-11A-01R-1858-07,1.0
867,TCGA-49-6761-11A-01R-1949-07,1.0
868,TCGA-49-6744-11A-01R-1858-07,1.0
869,TCGA-44-5645-11A-01R-1628-07,1.0
870,TCGA-38-4627-11A-01R-1758-07,1.0
871,TCGA-55-6972-11A-01R-1949-07,1.0
872,TCGA-91-6836-11A-01R-1858-07,1.0
873,TCGA-44-2665-11A-01R-1758-07,1.0
874,TCGA-55-6970-11A-01R-1949-07,1.0
875,TCGA-44-2657-11A-01R-1758-07,1.0
876,TCGA-55-6969-11A-01R-1949-07,1.0
877,TCGA-44-6776-11A-01R-1858-07,1.0
878,TCGA-91-6835-11A-01R-1858-07,1.0
879,TCGA-91-6847-11A-01R-1949-07,1.0
880,TCGA-44-6146-11A-01R-1858-07,1.0
881,TCGA-55-6986-11A-01R-1949-07,1.0
882,TCGA-91-6828-11A-01R-1858-07,1.0
883,TCGA-44-2668-11A-01R-1758-07,1.0
884,TCGA-55-6981-11A-01R-1949-07,1.0
885,TCGA-55-6971-11A-01R-1949-07,1.0
886,TCGA-91-6831-11A-02R-1858-07,1.0
887,TCGA-44-6144-11A-01R-1755-07,1.0
888,TCGA-73-4676-11A-01R-1755-07,1.0
889,TCGA-38-4632-11A-01R-1755-07,1.0
890,TCGA-49-6743-11A-01R-1858-07,1.0
891,TCGA-49-4512-11A-01R-1858-07,1.0
892,TCGA-55-6975-11A-01R-1949-07,1.0
893,TCGA-49-6742-11A-01R-1858-07,1.0
894,TCGA-50-5933-11A-01R-1755-07,1.0
895,TCGA-49-4490-11A-01R-1858-07,1.0
896,TCGA-50-5932-11A-01R-1755-07,1.0
897,TCGA-50-6595-11A-01R-1858-07,1.0
898,TCGA-44-6777-11A-01R-1858-07,1.0
899,TCGA-38-4625-11A-01R-1758-07,1.0
900,TCGA-44-6145-11A-01R-1858-07,1.0
901,TCGA-55-6978-11A-01R-1949-07,1.0
902,TCGA-44-6148-11A-01R-1858-07,1.0
903,TCGA-55-6979-11A-01R-1949-07,1.0
904,TCGA-55-6983-11A-01R-1949-07,1.0
905,TCGA-55-6982-11A-01R-1949-07,1.0
906,TCGA-44-2662-11A-01R-1758-07,1.0
907,TCGA-44-3396-11A-01R-1758-07,1.0
908,TCGA-44-2661-11A-01R-1758-07,1.0
909,TCGA-38-4626-11A-01R-1758-07,1.0
910,TCGA-55-6985-11A-01R-1949-07,1.0
911,TCGA-44-6147-11A-01R-1858-07,1.0
912,TCGA-05-5420-01A-01R-1628-07,1.0
913,TCGA-55-7283-01A-11R-2039-07,1.0
914,TCGA-55-8208-01A-11R-2241-07,1.0
915,TCGA-75-6205-01A-11R-1755-07,1.0
916,TCGA-44-8117-01A-11R-2241-07,1.0
917,TCGA-MP-A4TA-01A-21R-A24X-07,1.0
918,TCGA-86-8669-01A-11R-2403-07,1.0
919,TCGA-86-8668-01A-11R-2403-07,1.0
920,TCGA-44-A4SS-01A-11R-A24X-07,1.0
921,TCGA-55-7227-01A-11R-2039-07,1.0
922,TCGA-50-5936-01A-11R-1628-07,1.0
923,TCGA-55-A48Z-01A-12R-A24X-07,1.0
924,TCGA-MP-A4TF-01A-11R-A262-07,1.0
925,TCGA-97-A4M7-01A-11R-A24X-07,1.0
926,TCGA-69-7763-01A-11R-2170-07,1.0
927,TCGA-62-A46O-01A-11R-A24H-07,1.0
928,TCGA-78-7536-01A-11R-2066-07,1.0
929,TCGA-97-8172-01A-11R-2287-07,1.0
930,TCGA-93-8067-01A-11R-2287-07,1.0
931,TCGA-NJ-A4YP-01A-11R-A262-07,1.0
932,TCGA-05-4420-01A-01R-1206-07,1.0
933,TCGA-L9-A444-01A-21R-A24H-07,1.0
934,TCGA-49-6744-01A-11R-1858-07,1.0
935,TCGA-MP-A4TK-01A-11R-A24X-07,1.0
936,TCGA-53-7626-01A-12R-2066-07,1.0
937,TCGA-55-8302-01A-11R-2326-07,1.0
938,TCGA-67-3770-01A-01R-0946-07,1.0
939,TCGA-78-8648-01A-11R-2403-07,1.0
940,TCGA-49-4510-01A-01R-1206-07,1.0
941,TCGA-50-5045-01A-01R-1628-07,1.0
942,TCGA-95-8039-01A-11R-2241-07,1.0
943,TCGA-75-6206-01A-11R-1755-07,1.0
944,TCGA-MP-A4TC-01A-11R-A24X-07,1.0
945,TCGA-95-7039-01A-11R-1949-07,1.0
946,TCGA-44-7669-01A-21R-2066-07,1.0
947,TCGA-97-A4LX-01A-11R-A24X-07,1.0
948,TCGA-44-2662-01A-01R-A278-07,1.0
949,TCGA-55-8614-01A-11R-2403-07,1.0
950,TCGA-55-7815-01A-11R-2170-07,1.0
951,TCGA-73-4658-01A-01R-1755-07,1.0
952,TCGA-55-1592-01A-01R-0946-07,1.0
953,TCGA-91-6840-01A-11R-1949-07,1.0
954,TCGA-86-8585-01A-11R-2403-07,1.0
955,TCGA-44-6146-01A-11R-1755-07,1.0
956,TCGA-62-8398-01A-11R-2326-07,1.0
957,TCGA-78-7145-01A-11R-2039-07,1.0
958,TCGA-55-6543-01A-11R-1755-07,1.0
959,TCGA-86-8054-01A-11R-2241-07,1.0
960,TCGA-78-7161-01A-11R-2039-07,1.0
961,TCGA-86-A4D0-01A-11R-A24H-07,1.0
962,TCGA-38-4628-01A-01R-1206-07,1.0
963,TCGA-69-8255-01A-11R-2287-07,1.0
964,TCGA-86-A4P8-01A-11R-A24X-07,1.0
965,TCGA-44-7661-01A-11R-2066-07,1.0
966,TCGA-44-6774-01A-21R-1858-07,1.0
967,TCGA-93-A4JQ-01A-11R-A24X-07,1.0
968,TCGA-97-7547-01A-11R-2039-07,1.0
969,TCGA-MP-A4T7-01A-11R-A24X-07,1.0
970,TCGA-93-7348-01A-21R-2039-07,1.0
971,TCGA-05-4398-01A-01R-1206-07,1.0
972,TCGA-67-3773-01A-01R-0946-07,1.0
973,TCGA-50-6593-01A-11R-1755-07,1.0
974,TCGA-44-6776-01A-11R-1858-07,1.0
975,TCGA-NJ-A4YG-01A-22R-A262-07,1.0
976,TCGA-05-4389-01A-01R-1206-07,1.0
977,TCGA-44-7659-01A-11R-2066-07,1.0
978,TCGA-44-2662-01A-01R-0946-07,1.0
979,TCGA-50-8459-01A-11R-2326-07,1.0
980,TCGA-55-7573-01A-11R-2039-07,1.0
981,TCGA-95-A4VK-01A-11R-A262-07,1.0
982,TCGA-86-8674-01A-21R-2403-07,1.0
983,TCGA-69-8254-01A-11R-2287-07,1.0
984,TCGA-91-6828-01A-11R-1858-07,1.0
985,TCGA-75-7030-01A-11R-1949-07,1.0
986,TCGA-97-A4M3-01A-11R-A24X-07,1.0
987,TCGA-38-4626-01A-01R-1206-07,1.0
988,TCGA-44-6148-01A-11R-1755-07,1.0
989,TCGA-78-7159-01A-11R-2039-07,1.0
990,TCGA-MP-A4TI-01A-21R-A24X-07,1.0
991,TCGA-78-7153-01A-11R-2039-07,1.0
992,TCGA-86-A4JF-01A-11R-A24X-07,1.0
993,TCGA-50-5944-01A-11R-1755-07,1.0
994,TCGA-50-5051-01A-21R-1858-07,1.0
995,TCGA-44-2668-01A-01R-A278-07,1.0
996,TCGA-97-A4M6-01A-11R-A24X-07,1.0
997,TCGA-62-A46Y-01A-11R-A24H-07,1.0
998,TCGA-55-8510-01A-11R-2403-07,1.0
999,TCGA-75-6212-01A-11R-1755-07,1.0
1000,TCGA-53-7624-01A-11R-2066-07,1.0
1001,TCGA-49-4487-01A-21R-1858-07,1.0
1002,TCGA-50-6591-01A-11R-1755-07,1.0
1003,TCGA-97-7938-01A-11R-2170-07,1.0
1004,TCGA-64-1678-01A-01R-0946-07,1.0
1005,TCGA-86-A456-01A-11R-A24H-07,1.0
1006,TCGA-75-7031-01A-11R-1949-07,1.0
1007,TCGA-55-8203-01A-11R-2241-07,1.0
1008,TCGA-44-8120-01A-11R-2241-07,1.0
1009,TCGA-35-3615-01A-01R-0946-07,1.0
1010,TCGA-50-5942-01A-21R-1755-07,1.0
1011,TCGA-55-6642-01A-11R-1858-07,1.0
1012,TCGA-44-6777-01A-11R-1858-07,1.0
1013,TCGA-55-6971-01A-11R-1949-07,1.0
1014,TCGA-38-7271-01A-11R-2039-07,1.0
1015,TCGA-80-5611-01A-01R-1628-07,1.0
1016,TCGA-78-7150-01A-21R-2039-07,1.0
1017,TCGA-73-A9RS-01A-11R-A41B-07,1.0
1018,TCGA-MP-A4SV-01A-11R-A24X-07,1.0
1019,TCGA-91-6849-01A-11R-1949-07,1.0
1020,TCGA-05-5715-01A-01R-1628-07,1.0
1021,TCGA-91-6835-01A-11R-1858-07,1.0
1022,TCGA-75-6214-01A-41R-1949-07,1.0
1023,TCGA-55-7570-01A-11R-2039-07,1.0
1024,TCGA-55-6981-01A-11R-1949-07,1.0
1025,TCGA-50-6673-01A-11R-1949-07,1.0
1026,TCGA-55-8616-01A-11R-2403-07,1.0
1027,TCGA-99-AA5R-01A-11R-A39D-07,1.0
1028,TCGA-50-5933-01A-11R-1755-07,1.0
1029,TCGA-69-7760-01A-11R-2170-07,1.0
1030,TCGA-78-7155-01A-11R-2039-07,1.0
1031,TCGA-99-8025-01A-11R-2241-07,1.0
1032,TCGA-97-8547-01A-11R-2403-07,1.0
1033,TCGA-91-7771-01A-11R-2170-07,1.0
1034,TCGA-55-A490-01A-11R-A466-07,1.0
1035,TCGA-44-7662-01A-11R-2066-07,1.0
1036,TCGA-55-A493-01A-11R-A24H-07,1.0
1037,TCGA-55-1595-01A-01R-0946-07,1.0
1038,TCGA-69-7973-01A-11R-2187-07,1.0
1039,TCGA-55-6972-01A-11R-1949-07,1.0
1040,TCGA-44-6147-01A-11R-1755-07,1.0
1041,TCGA-67-3774-01A-01R-0946-07,1.0
1042,TCGA-44-2668-01A-01R-0946-07,1.0
1043,TCGA-55-6969-01A-11R-1949-07,1.0
1044,TCGA-67-6216-01A-11R-1755-07,1.0
1045,TCGA-MP-A5C7-01A-11R-A262-07,1.0
1046,TCGA-62-A46V-01A-11R-A24H-07,1.0
1047,TCGA-62-A46R-01A-11R-A24H-07,1.0
1048,TCGA-55-A4DG-01A-11R-A24H-07,1.0
1049,TCGA-44-7672-01A-11R-2066-07,1.0
1050,TCGA-55-7913-01B-11R-2241-07,1.0
1051,TCGA-91-8496-01A-11R-2403-07,1.0
1052,TCGA-44-3917-01A-01R-A278-07,1.0
1053,TCGA-78-7156-01A-11R-2039-07,1.0
1054,TCGA-55-6968-01A-11R-1949-07,1.0
1055,TCGA-44-2666-01A-01R-A278-07,1.0
1056,TCGA-05-4397-01A-01R-1206-07,1.0
1057,TCGA-97-A4M0-01A-11R-A24X-07,1.0
1058,TCGA-67-6217-01A-11R-1755-07,1.0
1059,TCGA-78-7146-01A-11R-2039-07,1.0
1060,TCGA-55-6978-01A-11R-1949-07,1.0
1061,TCGA-75-5126-01A-01R-1755-07,1.0
1062,TCGA-55-6986-01A-11R-1949-07,1.0
1063,TCGA-55-8507-01A-11R-2403-07,1.0
1064,TCGA-50-5939-01A-11R-1628-07,1.0
1065,TCGA-86-8359-01A-11R-2326-07,1.0
1066,TCGA-05-4244-01A-01R-1107-07,1.0
1067,TCGA-78-7147-01A-11R-2039-07,1.0
1068,TCGA-50-7109-01A-11R-2039-07,1.0
1069,TCGA-55-7726-01A-11R-2170-07,1.0
1070,TCGA-55-8096-01A-11R-2241-07,1.0
1071,TCGA-91-6831-01A-11R-1858-07,1.0
1072,TCGA-64-5781-01A-01R-1628-07,1.0
1073,TCGA-55-6979-01A-11R-1949-07,1.0
1074,TCGA-86-8281-01A-11R-2287-07,1.0
1075,TCGA-35-4123-01A-01R-1107-07,1.0
1076,TCGA-44-A47A-01A-21R-A24H-07,1.0
1077,TCGA-05-4410-01A-21R-1858-07,1.0
1078,TCGA-44-2656-01A-02R-0946-07,1.0
1079,TCGA-97-7553-01A-21R-2039-07,1.0
1080,TCGA-86-8671-01A-11R-2403-07,1.0
1081,TCGA-69-7761-01A-11R-2170-07,1.0
1082,TCGA-69-8453-01A-12R-2326-07,1.0
1083,TCGA-75-5125-01A-01R-1755-07,1.0
1084,TCGA-35-5375-01A-01R-1628-07,1.0
1085,TCGA-55-6980-01A-11R-1949-07,1.0
1086,TCGA-44-A47G-01A-21R-A24H-07,1.0
1087,TCGA-78-7542-01A-21R-2066-07,1.0
1088,TCGA-MP-A4T9-01A-11R-A24X-07,1.0
1089,TCGA-44-3919-01A-02R-1107-07,1.0
1090,TCGA-05-4433-01A-22R-1858-07,1.0
1091,TCGA-55-A48Y-01A-11R-A24H-07,1.0
1092,TCGA-55-7911-01A-11R-2170-07,1.0
1093,TCGA-55-6987-01A-11R-1949-07,1.0
1094,TCGA-MP-A4TH-01A-31R-A262-07,1.0
1095,TCGA-91-A4BC-01A-11R-A24H-07,1.0
1096,TCGA-91-6830-01A-11R-1949-07,1.0
1097,TCGA-38-4625-01A-01R-1206-07,1.0
1098,TCGA-55-7281-01A-11R-2039-07,1.0
1099,TCGA-69-7974-01A-11R-2187-07,1.0
1100,TCGA-73-4670-01A-01R-1206-07,1.0
1101,TCGA-50-5932-01A-11R-1755-07,1.0
1102,TCGA-44-6145-01A-11R-1755-07,1.0
1103,TCGA-55-8615-01A-11R-2403-07,1.0
1104,TCGA-NJ-A4YF-01A-12R-A262-07,1.0
1105,TCGA-80-5607-01A-31R-1949-07,1.0
1106,TCGA-55-6982-01A-11R-1949-07,1.0
1107,TCGA-05-4403-01A-01R-1206-07,1.0
1108,TCGA-55-7576-01A-11R-2066-07,1.0
1109,TCGA-05-4427-01A-21R-1858-07,1.0
1110,TCGA-91-6847-01A-11R-1949-07,1.0
1111,TCGA-83-5908-01A-21R-2287-07,1.0
1112,TCGA-55-8619-01A-11R-2403-07,1.0
1113,TCGA-50-6590-01A-12R-1858-07,1.0
1114,TCGA-55-8299-01A-11R-2287-07,1.0
1115,TCGA-93-A4JP-01A-11R-A24X-07,1.0
1116,TCGA-MP-A4T6-01A-32R-A262-07,1.0
1117,TCGA-86-8074-01A-11R-2241-07,1.0
1118,TCGA-86-7953-01A-11R-2187-07,1.0
1119,TCGA-49-AARN-01A-21R-A41B-07,1.0
1120,TCGA-50-5055-01A-01R-1628-07,1.0
1121,TCGA-55-7903-01A-11R-2170-07,1.0
1122,TCGA-86-8278-01A-11R-2287-07,1.0
1123,TCGA-49-6745-01A-11R-1858-07,1.0
1124,TCGA-55-8620-01A-11R-2403-07,1.0
1125,TCGA-62-8397-01A-11R-2326-07,1.0
1126,TCGA-49-AAR3-01A-11R-A41B-07,1.0
1127,TCGA-62-8402-01A-11R-2326-07,1.0
1128,TCGA-67-6215-01A-11R-1755-07,1.0
1129,TCGA-97-8177-01A-11R-2287-07,1.0
1130,TCGA-05-5429-01A-01R-1628-07,1.0
1131,TCGA-86-7701-01A-11R-2170-07,1.0
1132,TCGA-97-7554-01A-11R-2039-07,1.0
1133,TCGA-64-1679-01A-21R-2066-07,1.0
1134,TCGA-69-A59K-01A-11R-A262-07,1.0
1135,TCGA-55-6984-01A-11R-1949-07,1.0
1136,TCGA-95-A4VN-01A-11R-A262-07,1.0
1137,TCGA-55-7284-01B-11R-2241-07,1.0
1138,TCGA-55-7727-01A-11R-2170-07,1.0
1139,TCGA-97-A4M1-01A-11R-A24X-07,1.0
1140,TCGA-49-6767-01A-11R-1858-07,1.0
1141,TCGA-J2-A4AG-01A-11R-A24H-07,1.0
1142,TCGA-55-8089-01A-11R-2241-07,1.0
1143,TCGA-55-8207-01A-11R-2241-07,1.0
1144,TCGA-75-7027-01A-11R-1949-07,1.0
1145,TCGA-86-7955-01A-11R-2187-07,1.0
1146,TCGA-75-5147-01A-01R-1628-07,1.0
1147,TCGA-86-8076-01A-31R-2241-07,1.0
1148,TCGA-80-5608-01A-31R-1949-07,1.0
1149,TCGA-50-5941-01A-11R-1755-07,1.0
1150,TCGA-L9-A5IP-01A-21R-A39D-07,1.0
1151,TCGA-62-8399-01A-21R-2326-07,1.0
1152,TCGA-49-AAR9-01A-21R-A41B-07,1.0
1153,TCGA-86-8279-01A-11R-2287-07,1.0
1154,TCGA-38-4630-01A-01R-1206-07,1.0
1155,TCGA-49-6742-01A-11R-1858-07,1.0
1156,TCGA-L4-A4E6-01A-11R-A24H-07,1.0
1157,TCGA-44-A4SU-01A-11R-A24X-07,1.0
1158,TCGA-55-7574-01A-11R-2039-07,1.0
1159,TCGA-86-8280-01A-11R-2287-07,1.0
1160,TCGA-55-1594-01A-01R-0946-07,1.0
1161,TCGA-44-4112-01A-01R-1107-07,1.0
1162,TCGA-55-8085-01A-11R-2241-07,1.0
1163,TCGA-05-4395-01A-01R-1206-07,1.0
1164,TCGA-78-7162-01A-21R-2066-07,1.0
1165,TCGA-44-2659-01A-01R-0946-07,1.0
1166,TCGA-91-6848-01A-11R-1949-07,1.0
1167,TCGA-05-5425-01A-02R-1628-07,1.0
1168,TCGA-55-A491-01A-11R-A24H-07,1.0
1169,TCGA-97-8179-01A-11R-2287-07,1.0
1170,TCGA-J2-8192-01A-11R-2241-07,1.0
1171,TCGA-50-8460-01A-11R-2326-07,1.0
1172,TCGA-05-5428-01A-01R-1628-07,1.0
1173,TCGA-O1-A52J-01A-11R-A262-07,1.0
1174,TCGA-05-4396-01A-21R-1858-07,1.0
1175,TCGA-49-AAQV-01A-11R-A39D-07,1.0
1176,TCGA-44-2655-01A-01R-0946-07,1.0
1177,TCGA-05-4402-01A-01R-1206-07,1.0
1178,TCGA-MP-A4TE-01A-22R-A466-07,1.0
1179,TCGA-55-8514-01A-11R-2403-07,1.0
1180,TCGA-97-7941-01A-11R-2187-07,1.0
1181,TCGA-05-4425-01A-01R-1755-07,1.0
1182,TCGA-55-6983-01A-11R-1949-07,1.0
1183,TCGA-97-7937-01A-11R-2170-07,1.0
1184,TCGA-95-7562-01A-11R-2241-07,1.0
1185,TCGA-78-7143-01A-11R-2039-07,1.0
1186,TCGA-99-8033-01A-11R-2241-07,1.0
1187,TCGA-71-6725-01A-11R-1858-07,1.0
1188,TCGA-49-4486-01A-01R-1206-07,1.0
1189,TCGA-55-8090-01A-11R-2241-07,1.0
1190,TCGA-86-8073-01A-11R-2241-07,1.0
1191,TCGA-44-2665-01A-01R-0946-07,1.0
1192,TCGA-73-7499-01A-11R-2187-07,1.0
1193,TCGA-S2-AA1A-01A-12R-A39D-07,1.0
1194,TCGA-44-6775-01A-11R-1858-07,1.0
1195,TCGA-55-7994-01A-11R-2187-07,1.0
1196,TCGA-55-A494-01A-11R-A24X-07,1.0
1197,TCGA-75-6203-01A-11R-1755-07,1.0
1198,TCGA-50-5930-01A-11R-1755-07,1.0
1199,TCGA-67-3771-01A-01R-0946-07,1.0
1200,TCGA-38-4625-01A-01R-1206-07-1,1.0
1201,TCGA-69-7978-01A-11R-2187-07,1.0
1202,TCGA-78-7540-01A-11R-2066-07,1.0
1203,TCGA-78-7160-01A-11R-2039-07,1.0
1204,TCGA-55-8513-01A-11R-2403-07,1.0
1205,TCGA-38-4631-01A-01R-1755-07,1.0
1206,TCGA-44-5644-01A-21R-2039-07,1.0
1207,TCGA-86-8075-01A-11R-2241-07,1.0
1208,TCGA-64-5779-01A-01R-1628-07,1.0
1209,TCGA-05-5423-01A-01R-1628-07,1.0
1210,TCGA-05-4434-01A-01R-1206-07,1.0
1211,TCGA-05-4249-01A-01R-1107-07,1.0
1212,TCGA-73-4675-01A-01R-1206-07,1.0
1213,TCGA-44-3918-01A-01R-1107-07,1.0
1214,TCGA-78-8662-01A-11R-2403-07,1.0
1215,TCGA-62-8395-01A-11R-2326-07,1.0
1216,TCGA-78-7148-01A-11R-2039-07,1.0
1217,TCGA-44-3918-01A-01R-A278-07,1.0
1218,TCGA-55-7907-01A-11R-2170-07,1.0
1219,TCGA-J2-A4AD-01A-11R-A24H-07,1.0
1220,TCGA-73-4666-01A-01R-1206-07,1.0
1221,TCGA-44-6779-01A-11R-1858-07,1.0
1222,TCGA-73-4662-01A-01R-1206-07,1.0
1223,TCGA-55-7816-01A-11R-2170-07,1.0
1224,TCGA-49-AARO-01A-12R-A41B-07,1.0
1225,TCGA-50-5049-01A-01R-1628-07,1.0
1226,TCGA-55-6712-01A-11R-1858-07,1.0
1227,TCGA-05-4424-01A-22R-1858-07,1.0
1228,TCGA-44-7667-01A-31R-2066-07,1.0
1229,TCGA-99-8032-01A-11R-2241-07,1.0
1230,TCGA-38-6178-01A-11R-1755-07,1.0
1231,TCGA-44-6147-01A-11R-A278-07,1.0
1232,TCGA-NJ-A4YQ-01A-11R-A262-07,1.0
1233,TCGA-97-8171-01A-11R-2287-07,1.0
1234,TCGA-64-1681-01A-11R-2066-07,1.0
1235,TCGA-69-7979-01A-11R-2187-07,1.0
1236,TCGA-05-4426-01A-01R-1206-07,1.0
1237,TCGA-55-8092-01A-11R-2241-07,1.0
1238,TCGA-MP-A4SY-01A-21R-A24X-07,1.0
1239,TCGA-95-7948-01A-11R-2187-07,1.0
1240,TCGA-86-6851-01A-11R-1949-07,1.0
1241,TCGA-50-5931-01A-11R-1755-07,1.0
1242,TCGA-49-4506-01A-01R-1206-07,1.0
1243,TCGA-50-6592-01A-11R-1755-07,1.0
1244,TCGA-49-AAR4-01A-12R-A41B-07,1.0
1245,TCGA-75-7025-01A-12R-1949-07,1.0
1246,TCGA-49-AAR0-01A-21R-A39D-07,1.0
1247,TCGA-86-8055-01A-11R-2241-07,1.0
1248,TCGA-95-7947-01A-11R-2187-07,1.0
1249,TCGA-55-A4DF-01A-11R-A24H-07,1.0
1250,TCGA-05-4250-01A-01R-1107-07,1.0
1251,TCGA-73-4677-01A-01R-1206-07,1.0
1252,TCGA-55-7724-01A-11R-2170-07,1.0
1253,TCGA-64-5774-01A-01R-1628-07,1.0
1254,TCGA-55-6985-01A-11R-1949-07,1.0
1255,TCGA-71-8520-01A-11R-2403-07,1.0
1256,TCGA-50-5935-01A-11R-1755-07,1.0
1257,TCGA-97-7552-01A-11R-2039-07,1.0
1258,TCGA-62-A46U-01A-11R-A24H-07,1.0
1259,TCGA-55-8094-01A-11R-2241-07,1.0
1260,TCGA-MP-A4TJ-01A-51R-A262-07,1.0
1261,TCGA-50-8457-01A-11R-2326-07,1.0
1262,TCGA-95-7944-01A-11R-2187-07,1.0
1263,TCGA-55-8512-01A-11R-2403-07,1.0
1264,TCGA-55-8621-01A-11R-2403-07,1.0
1265,TCGA-73-4668-01A-01R-1206-07,1.0
1266,TCGA-L9-A50W-01A-12R-A39D-07,1.0
1267,TCGA-73-4659-01A-01R-1206-07,1.0
1268,TCGA-J2-A4AE-01A-21R-A24H-07,1.0
1269,TCGA-55-8206-01A-11R-2241-07,1.0
1270,TCGA-05-4384-01A-01R-1755-07,1.0
1271,TCGA-44-A479-01A-31R-A24H-07,1.0
1272,TCGA-44-2665-01A-01R-A278-07,1.0
1273,TCGA-97-8176-01A-11R-2403-07,1.0
1274,TCGA-55-1596-01A-01R-0946-07,1.0
1275,TCGA-49-AARR-01A-11R-A41B-07,1.0
1276,TCGA-44-6778-01A-11R-1858-07,1.0
1277,TCGA-75-5146-01A-01R-1628-07,1.0
1278,TCGA-78-8640-01A-11R-2403-07,1.0
1279,TCGA-L4-A4E5-01A-11R-A24X-07,1.0
1280,TCGA-49-4490-01A-21R-1858-07,1.0
1281,TCGA-69-7765-01A-11R-2170-07,1.0
1282,TCGA-55-8506-01A-11R-2403-07,1.0
1283,TCGA-NJ-A4YI-01A-11R-A262-07,1.0
1284,TCGA-55-5899-01A-11R-1628-07,1.0
1285,TCGA-73-7498-01A-12R-2187-07,1.0
1286,TCGA-91-8497-01A-11R-2403-07,1.0
1287,TCGA-91-8499-01A-11R-2403-07,1.0
1288,TCGA-44-3396-01A-01R-1206-07,1.0
1289,TCGA-78-7539-01A-11R-2066-07,1.0
1290,TCGA-86-7711-01A-11R-2066-07,1.0
1291,TCGA-MN-A4N4-01A-12R-A24X-07,1.0
1292,TCGA-44-8119-01A-11R-2241-07,1.0
1293,TCGA-50-6595-01A-12R-1858-07,1.0
1294,TCGA-55-7728-01A-11R-2187-07,1.0
1295,TCGA-MP-A4T8-01A-11R-A24X-07,1.0
1296,TCGA-55-6975-01A-11R-1949-07,1.0
1297,TCGA-44-7671-01A-11R-2066-07,1.0
1298,TCGA-67-4679-01B-01R-1755-07,1.0
1299,TCGA-55-7914-01A-11R-2170-07,1.0
1300,TCGA-4B-A93V-01A-11R-A39D-07,1.0
1301,TCGA-05-4432-01A-01R-1206-07,1.0
1302,TCGA-44-7660-01A-11R-2066-07,1.0
1303,TCGA-69-7980-01A-11R-2187-07,1.0
1304,TCGA-86-A4P7-01A-11R-A24X-07,1.0
1305,TCGA-75-6207-01A-11R-1755-07,1.0
1306,TCGA-73-4676-01A-01R-1755-07,1.0
1307,TCGA-44-4112-01A-01R-A278-07,1.0
1308,TCGA-78-7220-01A-11R-2039-07,1.0
1309,TCGA-78-8655-01A-11R-2403-07,1.0
1310,TCGA-78-7537-01A-11R-2066-07,1.0
1311,TCGA-50-5946-01A-11R-1755-07,1.0
1312,TCGA-97-8552-01A-11R-2403-07,1.0
1313,TCGA-86-8672-01A-21R-2403-07,1.0
1314,TCGA-49-AARE-01A-11R-A41B-07,1.0
1315,TCGA-44-2666-01A-01R-0946-07,1.0
1316,TCGA-55-8097-01A-11R-2241-07,1.0
1317,TCGA-44-2656-01A-02R-A278-07,1.0
1318,TCGA-55-8087-01A-11R-2241-07,1.0
1319,TCGA-05-4430-01A-02R-1206-07,1.0
1320,TCGA-49-4501-01A-01R-1206-07,1.0
1321,TCGA-55-7910-01A-11R-2170-07,1.0
1322,TCGA-55-8505-01A-11R-2403-07,1.0
1323,TCGA-44-6775-01A-11R-A278-07,1.0
1324,TCGA-78-7158-01A-11R-2039-07,1.0
1325,TCGA-91-6836-01A-21R-1858-07,1.0
1326,TCGA-05-4405-01A-21R-1858-07,1.0
1327,TCGA-05-4418-01A-01R-1206-07,1.0
1328,TCGA-93-A4JN-01A-11R-A24X-07,1.0
1329,TCGA-62-A472-01A-11R-A24H-07,1.0
1330,TCGA-NJ-A55R-01A-11R-A262-07,1.0
1331,TCGA-05-4417-01A-22R-1858-07,1.0
1332,TCGA-NJ-A55A-01A-11R-A262-07,1.0
1333,TCGA-97-8174-01A-11R-2287-07,1.0
1334,TCGA-35-4122-01A-01R-1107-07,1.0
1335,TCGA-44-2657-01A-01R-1107-07,1.0
1336,TCGA-MN-A4N5-01A-11R-A24X-07,1.0
1337,TCGA-05-4382-01A-01R-1206-07,1.0
1338,TCGA-53-A4EZ-01A-12R-A24X-07,1.0
1339,TCGA-55-8205-01A-11R-2241-07,1.0
1340,TCGA-MP-A4TD-01A-32R-A262-07,1.0
1341,TCGA-99-7458-01A-11R-2039-07,1.0
1342,TCGA-38-4632-01A-01R-1755-07,1.0
1343,TCGA-55-8091-01A-11R-2241-07,1.0
1344,TCGA-97-8175-01A-11R-2287-07,1.0
1345,TCGA-05-4422-01A-01R-1206-07,1.0
1346,TCGA-62-A471-01A-12R-A24H-07,1.0
1347,TCGA-55-8508-01A-11R-2403-07,1.0
1348,TCGA-93-7347-01A-11R-2187-07,1.0
1349,TCGA-L9-A7SV-01A-11R-A39D-07,1.0
1350,TCGA-L9-A8F4-01A-11R-A39D-07,1.0
1351,TCGA-44-7670-01A-11R-2066-07,1.0
1352,TCGA-93-A4JO-01A-21R-A24X-07,1.0
1353,TCGA-49-4488-01A-01R-1755-07,1.0
1354,TCGA-97-7546-01A-11R-2039-07,1.0
1355,TCGA-55-8301-01A-11R-2287-07,1.0
1356,TCGA-49-4494-01A-01R-1206-07,1.0
1357,TCGA-49-6761-01A-31R-1949-07,1.0
1358,TCGA-44-5643-01A-01R-1628-07,1.0
1359,TCGA-44-A47B-01A-11R-A24H-07,1.0
1360,TCGA-95-7043-01A-11R-1949-07,1.0
1361,TCGA-MP-A4SW-01A-21R-A24X-07,1.0
1362,TCGA-95-8494-01A-11R-2326-07,1.0
1363,TCGA-38-4629-01A-02R-1206-07,1.0
1364,TCGA-64-5775-01A-01R-1628-07,1.0
1365,TCGA-MP-A4T4-01A-11R-A262-07,1.0
1366,TCGA-NJ-A55O-01A-11R-A262-07,1.0
1367,TCGA-86-8358-01A-11R-2326-07,1.0
1368,TCGA-38-4627-01A-01R-1206-07,1.0
1369,TCGA-05-4390-01A-02R-1755-07,1.0
1370,TCGA-86-6562-01A-11R-1755-07,1.0
1371,TCGA-78-7633-01A-11R-2066-07,1.0
1372,TCGA-78-7152-01A-11R-2039-07,1.0
1373,TCGA-95-7567-01A-11R-2066-07,1.0
1374,TCGA-55-A48X-01A-11R-A24H-07,1.0
1375,TCGA-69-8253-01A-11R-2287-07,1.0
1376,TCGA-55-7725-01A-11R-2170-07,1.0
1377,TCGA-55-7995-01A-11R-2187-07,1.0
1378,TCGA-50-6594-01A-11R-1755-07,1.0
1379,TCGA-55-A57B-01A-12R-A39D-07,1.0
1380,TCGA-78-7167-01A-11R-2066-07,1.0
1381,TCGA-86-7714-01A-12R-2170-07,1.0
1382,TCGA-75-5122-01A-01R-1755-07,1.0
1383,TCGA-97-A4M5-01A-11R-A24X-07,1.0
1384,TCGA-62-8394-01A-11R-2326-07,1.0
1385,TCGA-62-A46S-01A-11R-A24H-07,1.0
1386,TCGA-50-5072-01A-21R-1858-07,1.0
1387,TCGA-78-8660-01A-11R-2403-07,1.0
1388,TCGA-J2-8194-01A-11R-2241-07,1.0
1389,TCGA-67-3772-01A-01R-0946-07,1.0
1390,TCGA-91-6829-01A-21R-1858-07,1.0
1391,TCGA-49-6743-01A-11R-1858-07,1.0
1392,TCGA-NJ-A7XG-01A-12R-A39D-07,1.0
1393,TCGA-50-5066-01A-01R-1628-07,1.0
1394,TCGA-49-4505-01A-01R-1206-07,1.0
1395,TCGA-05-4415-01A-22R-1858-07,1.0
1396,TCGA-78-7154-01A-11R-2039-07,1.0
1397,TCGA-75-6211-01A-11R-1755-07,1.0
1398,TCGA-50-5068-01A-01R-1628-07,1.0
1399,TCGA-L9-A743-01A-43R-A39D-07,1.0
1400,TCGA-97-A4M2-01A-12R-A24X-07,1.0
1401,TCGA-44-5645-01A-01R-1628-07,1.0
1402,TCGA-44-2661-01A-01R-1107-07,1.0
1403,TCGA-55-8204-01A-11R-2241-07,1.0
1404,TCGA-55-8511-01A-11R-2403-07,1.0
1405,TCGA-78-7163-01A-12R-2066-07,1.0
1406,TCGA-44-5645-01A-01R-A278-07,1.0
1407,TCGA-86-7713-01A-11R-2066-07,1.0
1408,TCGA-69-7764-01A-11R-2170-07,1.0
1409,TCGA-86-7954-01A-11R-2187-07,1.0
1410,TCGA-86-8056-01A-11R-2241-07,1.0
1411,TCGA-64-5815-01A-01R-1628-07,1.0
1412,TCGA-44-3398-01A-01R-1107-07,1.0
1413,TCGA-55-6970-01A-11R-1949-07,1.0
1414,TCGA-64-1680-01A-02R-0946-07,1.0
