,Topic 1,Topic 2,Topic 3,Topic 4,Topic 5,Topic 6
ENSG00000120049,0.0030061412139924678,0.0,0.0,0.0,0.0,0.0
ENSG00000166819,0.005231907169273573,0.0,0.0,0.0,0.0,0.0
ENSG00000079435,0.006371933634173651,0.0,0.0,0.0,0.0,0.0
ENSG00000187288,0.004017236114409799,0.0,0.0,0.0,0.0,0.0
ENSG00000153002,0.0,0.10780370072405471,0.0,0.0,0.0,0.0
ENSG00000109436,0.0,0.0,0.003266460147847483,0.0,0.0,0.0
ENSG00000180914,0.0,0.0,0.0,0.004652788983916949,0.0,0.0
ENSG00000113739,0.0,0.0,0.0032155890471842847,0.0,0.0,0.0
ENSG00000150667,0.0,0.0,0.0,0.0,0.03686244932591685,0.0
ENSG00000167676,0.005679774709055746,0.0,0.0,0.0,0.0,0.0
ENSG00000104447,0.0,0.0,0.0032637827214967883,0.0,0.0,0.0
ENSG00000171428,0.0,0.0,0.0,0.0,0.05166399547468653,0.0
ENSG00000183569,0.0,0.0,0.0,0.005789091495885106,0.0,0.0
ENSG00000157150,0.004275099243375292,0.0,0.0,0.0,0.0,0.0
ENSG00000104332,0.0,0.0,0.0,0.006885051906836641,0.0,0.0
ENSG00000160307,0.0,0.0,0.0,0.005217578398149642,0.0,0.0
ENSG00000141424,0.0,0.0,0.0032718150005488725,0.0,0.0,0.0
ENSG00000167588,0.004505818885081261,0.0,0.0,0.0,0.0,0.0
ENSG00000135218,0.006711227224917721,0.0,0.0,0.0,0.0,0.0
ENSG00000005249,0.0,0.0,0.0,0.008068420203324189,0.0,0.0
ENSG00000136457,0.0,0.0,0.0,0.0,0.043697558216272275,0.0
ENSG00000175445,0.007695178638075527,0.0,0.0,0.0,0.0,0.0
ENSG00000074527,0.00804804397244936,0.0,0.0,0.0,0.0,0.0
ENSG00000138615,0.007810538458928511,0.0,0.0,0.0,0.0,0.0
ENSG00000134352,0.0,0.0,0.0032718150005488725,0.0,0.0,0.0
ENSG00000120875,0.008081973331523768,0.0,0.0,0.0,0.0,0.0
ENSG00000170323,0.006880874020289756,0.0,0.0,0.0,0.0,0.0
ENSG00000159763,0.0,0.0,0.0,0.0,0.04864711982652965,0.0
ENSG00000158186,0.0,0.0,0.00321291162083359,0.0,0.0,0.0
ENSG00000157303,0.0,0.0,0.0,0.0,0.055482228716885074,0.0
ENSG00000106823,0.007620534048111831,0.0,0.0,0.0,0.0,0.0
ENSG00000144218,0.0,0.0,0.0,0.0,0.04652587913641935,0.0
ENSG00000157404,0.0,0.0,0.0,0.006864880856328331,0.0,0.0
ENSG00000156968,0.006975876225698096,0.0,0.0,0.0,0.0,0.0
ENSG00000188996,0.0,0.015486725663716814,0.0,0.0,0.0,0.0
ENSG00000162444,0.0,0.0,0.003218266473534979,0.0,0.0,0.0
ENSG00000139629,0.0,0.0,0.0031861373573266434,0.0,0.0,0.0
ENSG00000162746,0.0,0.06174577634754626,0.0,0.0,0.0,0.0
ENSG00000179456,0.007668035150816001,0.0,0.0,0.0,0.0,0.0
ENSG00000163710,0.0,0.0,0.0,0.003153407562799204,0.0,0.0
ENSG00000129437,0.0,0.06295253419147225,0.0,0.0,0.0,0.0
ENSG00000179388,0.006677297865843314,0.0,0.0,0.0,0.0,0.0
ENSG00000104490,0.0,0.0,0.002883588179698147,0.0,0.0,0.0
ENSG00000095739,0.008007328741560071,0.0,0.0,0.0,0.0,0.0
ENSG00000069702,0.006935160994808808,0.0,0.0,0.0,0.0,0.0
ENSG00000076555,0.005734061683574797,0.0,0.0,0.0,0.0,0.0
ENSG00000131771,0.0,0.0,0.0,0.0,0.0,0.058207858979067204
ENSG00000196549,0.0,0.0,0.0,0.006058038835995912,0.0,0.0
ENSG00000139211,0.0,0.0,0.0,0.007886880748749395,0.0,0.0
ENSG00000139970,0.005632273606351576,0.0,0.0,0.0,0.0,0.0
ENSG00000145423,0.0,0.0,0.0032477181633926203,0.0,0.0,0.0
ENSG00000135447,0.0,0.0,0.0,0.004444354795331074,0.0,0.0
ENSG00000006210,0.0,0.0,0.0,0.008007907051799257,0.0,0.0
ENSG00000179862,0.0,0.0,0.0,0.008054972836318649,0.0,0.0
ENSG00000145824,0.0,0.0,0.0032075567681322005,0.0,0.0,0.0
ENSG00000137501,0.0,0.0,0.0,0.0,0.0543037616668238,0.0
ENSG00000163072,0.007070878431106436,0.0,0.0,0.0,0.0,0.0
ENSG00000074410,0.0,0.0,0.0,0.0,0.0545865937588385,0.0
ENSG00000119927,0.0077223221253350524,0.0,0.0,0.0,0.0,0.0
ENSG00000164530,0.004281885115190174,0.0,0.0,0.0,0.0,0.0
ENSG00000159200,0.0,0.0,0.0,0.008175999139368511,0.0,0.0
ENSG00000166250,0.0,0.0,0.003140621109364834,0.0,0.0,0.0
ENSG00000062282,0.0,0.0,0.0,0.006764025603786778,0.0,0.0
ENSG00000163040,0.0,0.0,0.0,0.0,0.051899688884698786,0.0
ENSG00000109814,0.0,0.0,0.0032718150005488725,0.0,0.0,0.0
ENSG00000143387,0.0,0.0,0.0032718150005488725,0.0,0.0,0.0
ENSG00000108176,0.0,0.0,0.0,0.0,0.0507212218346375,0.0
ENSG00000140545,0.0,0.0,0.0,0.008216341240385132,0.0,0.0
ENSG00000173267,0.0,0.0,0.0,0.00767172287666075,0.0,0.0
ENSG00000131471,0.00800054286974519,0.0,0.0,0.0,0.0,0.0
ENSG00000189129,0.0067926576866962985,0.0,0.0,0.0,0.0,0.0
ENSG00000186340,0.0,0.0,0.003266460147847483,0.0,0.0,0.0
ENSG00000174827,0.0,0.12972646822204345,0.0,0.0,0.0,0.0
ENSG00000168350,0.0,0.0,0.0,0.0,0.049919864240595836,0.0
ENSG00000159212,0.0,0.0,0.0,0.0,0.0,0.048414738646101116
ENSG00000038427,0.0,0.0,0.0032396858843405365,0.0,0.0,0.0
ENSG00000124785,0.0,0.0,0.003175427651923865,0.0,0.0,0.0
ENSG00000123095,0.0,0.0,0.0032262987525870633,0.0,0.0,0.0
ENSG00000115380,0.0,0.0,0.0,0.00810876230434081,0.0,0.0
ENSG00000099194,0.0,0.0,0.0032718150005488725,0.0,0.0,0.0
ENSG00000112796,0.00785803956163268,0.0,0.0,0.0,0.0,0.0
ENSG00000198300,0.0,0.0,0.0,0.0,0.0,0.03715265026319011
ENSG00000106631,0.0009975231567875683,0.0,0.0,0.0,0.0,0.0
ENSG00000091986,0.008122688562413057,0.0,0.0,0.0,0.0,0.0
ENSG00000099953,0.0,0.0,0.0,0.007564143940616427,0.0,0.0
ENSG00000107562,0.008265191870525566,0.0,0.0,0.0,0.0,0.0
ENSG00000143196,0.00804804397244936,0.0,0.0,0.0,0.0,0.0
ENSG00000134202,0.0,0.0,0.0031914922100280325,0.0,0.0,0.0
ENSG00000132170,0.005964781325280766,0.0,0.0,0.0,0.0,0.0
ENSG00000197614,0.007919112407966614,0.0,0.0,0.0,0.0,0.0
ENSG00000106484,0.0,0.0,0.0031379436830141394,0.0,0.0,0.0
ENSG00000242265,0.006779085943066535,0.0,0.0,0.0,0.0,0.0
ENSG00000123689,0.007749465612594578,0.0,0.0,0.0,0.0,0.0
ENSG00000135437,0.001092525362195908,0.0,0.0,0.0,0.0,0.0
ENSG00000164932,0.0,0.0,0.00325307301609401,0.0,0.0,0.0
ENSG00000075886,0.0,0.0,0.0,0.0032542628153407562,0.0,0.0
ENSG00000112964,0.006161571607912327,0.0,0.0,0.0,0.0,0.0
ENSG00000134121,0.0,0.0,0.0,0.00214485503738368,0.0,0.0
ENSG00000143248,0.008265191870525566,0.0,0.0,0.0,0.0,0.0
ENSG00000173432,0.0,0.0,0.0,0.00769861761067183,0.0,0.0
ENSG00000163536,0.007966613510670783,0.0,0.0,0.0,0.0,0.0
ENSG00000136960,0.0074780307399993215,0.0,0.0,0.0,0.0,0.0
ENSG00000110799,0.00828554948597021,0.0,0.0,0.0,0.0,0.0
ENSG00000135549,0.007891968920707088,0.0,0.0,0.0,0.0,0.0
ENSG00000101230,0.0,0.0,0.0028005879628266125,0.0,0.0,0.0
ENSG00000174807,0.0,0.0,0.003266460147847483,0.0,0.0,0.0
ENSG00000170989,0.008183761408746989,0.0,0.0,0.0,0.0,0.0
ENSG00000122877,0.007763037356224341,0.0,0.0,0.0,0.0,0.0
ENSG00000111799,0.0,0.0,0.003266460147847483,0.0,0.0,0.0
ENSG00000106809,0.0,0.0,0.0,0.006185788822548545,0.0,0.0
ENSG00000149260,0.0,0.0,0.0024471676845349176,0.0,0.0,0.0
ENSG00000119699,0.0,0.0,0.0032637827214967883,0.0,0.0,0.0
ENSG00000137959,0.0,0.0,0.0028487816371391165,0.0,0.0,0.0
ENSG00000143578,0.0,0.0,0.0032718150005488725,0.0,0.0,0.0
ENSG00000161634,0.0,0.04505229283990346,0.0,0.0,0.0,0.0
ENSG00000119917,0.0,0.0,0.0032718150005488725,0.0,0.0,0.0
ENSG00000196616,0.0048858277067146206,0.0,0.0,0.0,0.0,0.0
ENSG00000148344,0.0,0.0,0.0032477181633926203,0.0,0.0,0.0
ENSG00000143320,0.0,0.0,0.0032718150005488725,0.0,0.0,0.0
ENSG00000078401,0.0,0.0,0.0,0.0073489860685277825,0.0,0.0
ENSG00000127920,0.008278763614155329,0.0,0.0,0.0,0.0,0.0
ENSG00000196177,0.0,0.0,0.0,0.0,0.05699066654096351,0.0
ENSG00000104368,0.008163403793302345,0.0,0.0,0.0,0.0,0.0
ENSG00000126878,0.0,0.0,0.0,0.007913775482760475,0.0,0.0
ENSG00000128606,0.0,0.0,0.0027631039939168874,0.0,0.0,0.0
ENSG00000169418,0.005835849760798019,0.0,0.0,0.0,0.0,0.0
ENSG00000132329,0.007539103586333254,0.0,0.0,0.0,0.0,0.0
ENSG00000103876,0.008278763614155329,0.0,0.0,0.0,0.0,0.0
ENSG00000109107,0.0,0.0,0.0,0.00724140713248346,0.0,0.0
ENSG00000141736,0.0,0.0,0.003269137574198178,0.0,0.0,0.0
ENSG00000197766,0.008081973331523768,0.0,0.0,0.0,0.0,0.0
ENSG00000137857,0.0,0.0,0.0012235838422674588,0.0,0.0,0.0
ENSG00000125740,0.00665694025039867,0.0,0.0,0.0,0.0,0.0
ENSG00000134321,0.0,0.0,0.003062975745194689,0.0,0.0,0.0
ENSG00000100628,0.0005903708478946833,0.0,0.0,0.0,0.0,0.0
ENSG00000183696,0.0,0.0,0.0028541364898405056,0.0,0.0,0.0
ENSG00000108823,0.0,0.0,0.0,0.0,0.0,0.003672420124862284
ENSG00000125775,0.0,0.0,0.0,0.004767091603464042,0.0,0.0
ENSG00000128298,0.0,0.0,0.0,0.0017817761282340919,0.0,0.0
ENSG00000137094,0.0,0.0,0.002530167901406452,0.0,0.0,0.0
ENSG00000129007,0.0,0.0,0.0002570329296666872,0.0,0.0,0.0
ENSG00000143546,0.0,0.0,0.0,0.006279920391587327,0.0,0.0
ENSG00000176153,0.0,0.0,0.0,0.00297859179172718,0.0,0.0
ENSG00000152463,0.0,0.0,0.0,0.00037652627615512884,0.0,0.0
ENSG00000102554,0.0,0.0,0.0,0.007375880802538863,0.0,0.0
ENSG00000117115,0.0,0.0,0.0,0.0076112097251358184,0.0,0.0
ENSG00000101194,0.003779730600888949,0.0,0.0,0.0,0.0,0.0
ENSG00000125144,0.0,0.0,0.0026988457615002154,0.0,0.0,0.0
ENSG00000176920,0.0,0.0,0.0023855868784689407,0.0,0.0,0.0
ENSG00000175287,0.006568723916805212,0.0,0.0,0.0,0.0,0.0
ENSG00000134201,0.0,0.0,0.0,0.0016809208756925393,0.0,0.0
ENSG00000183036,0.0,0.0,0.0,0.0012035393469958583,0.0,0.0
ENSG00000181649,0.007959827638855901,0.0,0.0,0.0,0.0,0.0
ENSG00000197380,0.0,0.0,0.001440455376673726,0.0,0.0,0.0
ENSG00000144485,0.006718013096732603,0.0,0.0,0.0,0.0,0.0
ENSG00000205420,0.0,0.0,0.0,0.002091065569361519,0.0,0.0
ENSG00000064886,0.0,0.0,0.0,0.006313538809101178,0.0,0.0
ENSG00000132688,0.0,0.0,0.0,0.008209617556882362,0.0,0.0
ENSG00000158270,0.0,0.0,0.0,0.007476736055080415,0.0,0.0
ENSG00000185567,0.0,0.0,0.002522135622354368,0.0,0.0,0.0
ENSG00000167617,0.0,0.0,0.0029880078073752387,0.0,0.0,0.0
ENSG00000167600,0.0,0.0,0.0020964248325939174,0.0,0.0,0.0
ENSG00000100003,0.007810538458928511,0.0,0.0,0.0,0.0,0.0
ENSG00000106772,0.00162860923557154,0.0,0.0,0.0,0.0,0.0
ENSG00000106258,0.0,0.0,0.0,0.00021515787208864503,0.0,0.0
ENSG00000149150,0.007790180843483867,0.0,0.0,0.0,0.0,0.0
ENSG00000142627,0.0,0.0,0.003162040520170391,0.0,0.0,0.0
ENSG00000178826,0.0,0.0,0.0022704575453890703,0.0,0.0,0.0
ENSG00000240891,0.0,0.0036202735317779565,0.0,0.0,0.0,0.0
ENSG00000168477,0.0031282869066603333,0.0,0.0,0.0,0.0,0.0
ENSG00000128591,0.004689037424083059,0.0,0.0,0.0,0.0,0.0
ENSG00000068650,0.0,0.0,0.002805942815528002,0.0,0.0,0.0
ENSG00000163347,0.0,0.0,0.0,0.007201065031466839,0.0,0.0
ENSG00000019549,0.0,0.0,0.003237008457989842,0.0,0.0,0.0
ENSG00000003989,0.0,0.0,0.0,0.0,0.04845856509851985,0.0
ENSG00000081181,0.0,0.0,0.0,0.0,0.0,0.03513281919451585
ENSG00000103485,0.00747124486818444,0.0,0.0,0.0,0.0,0.0
ENSG00000166831,0.0,0.0,0.002273134971739765,0.0,0.0,0.0
ENSG00000115590,0.0,0.0,0.0,0.0006253025657576247,0.0,0.0
ENSG00000129194,0.0,0.0,0.0,0.002333118175461245,0.0,0.0
ENSG00000064300,0.0,0.0,0.0,0.00554031520628261,0.0,0.0
ENSG00000125845,0.0,0.0,0.0,0.0016876445591953095,0.0,0.0
ENSG00000100918,0.004329386217894344,0.0,0.0,0.0,0.0,0.0
ENSG00000095303,0.0,0.0,0.0031379436830141394,0.0,0.0,0.0
ENSG00000108352,0.0065958674040647374,0.0,0.0,0.0,0.0,0.0
ENSG00000171401,0.0,0.0,0.0,0.0007799472863213383,0.0,0.0
ENSG00000197249,0.008244834255080921,0.0,0.0,0.0,0.0,0.0
ENSG00000114378,0.0,0.0,0.0,0.0023129471249529344,0.0,0.0
ENSG00000052802,0.0,0.0,0.0032718150005488725,0.0,0.0,0.0
ENSG00000136059,0.005333695246496794,0.0,0.0,0.0,0.0,0.0
ENSG00000060558,0.0,0.0,0.003127233977611361,0.0,0.0,0.0
ENSG00000188761,6.785871814881417e-05,0.0,0.0,0.0,0.0,0.0
ENSG00000124102,0.0,0.0,0.0,0.00298531547522995,0.0,0.0
ENSG00000064989,0.0,0.0,0.003140621109364834,0.0,0.0,0.0
ENSG00000101447,0.0,0.0,0.0028461042107884218,0.0,0.0,0.0
ENSG00000171557,0.0,0.0,0.0,0.0,0.0,0.005325009181050312
ENSG00000103316,0.0014182472093102162,0.0,0.0,0.0,0.0,0.0
ENSG00000101670,0.0,0.0,0.0,0.0005042762627077618,0.0,0.0
ENSG00000169469,0.0,0.0,0.0,0.0007059867677908665,0.0,0.0
ENSG00000099864,0.007708750381705289,0.0,0.0,0.0,0.0,0.0
ENSG00000162772,0.008020900485189835,0.0,0.0,0.0,0.0,0.0
ENSG00000042832,0.0,0.0,0.0,4.7065784519391105e-05,0.0,0.0
ENSG00000059915,0.0,0.039420756234915526,0.0,0.0,0.0,0.0
ENSG00000176894,0.0,0.0,0.003266460147847483,0.0,0.0,0.0
ENSG00000196083,0.0,0.0,0.0,0.0027970523371523854,0.0,0.0
ENSG00000229314,0.0,0.0,0.0,0.0,0.0,0.01995348267841841
ENSG00000153234,0.007803752587113629,0.0,0.0,0.0,0.0,0.0
ENSG00000198523,0.005625487734536695,0.0,0.0,0.0,0.0,0.0
ENSG00000105894,0.0,0.0,0.0,0.0076582755096552095,0.0,0.0
ENSG00000184232,0.0,0.0,0.0032637827214967883,0.0,0.0,0.0
ENSG00000076864,0.0,0.0,0.0030843951560002463,0.0,0.0,0.0
ENSG00000204323,0.0,0.0,0.0,0.0,0.0,0.0030603501040519037
ENSG00000121690,0.0,0.0,0.0,0.0009951051584099833,0.0,0.0
ENSG00000171560,0.0,0.0,0.0,0.0,0.0,0.0020810380707552943
ENSG00000158874,0.0,0.002614641995172969,0.0,0.0,0.0,0.0
ENSG00000164266,0.0,0.019509251810136765,0.0,0.0,0.0,0.0
ENSG00000169474,0.0,0.0,0.0,0.0011026840944543057,0.0,0.0
ENSG00000014914,0.0,0.0,0.0031058145668058034,0.0,0.0,0.0
ENSG00000106404,0.0,0.0,0.002899652737802315,0.0,0.0,0.0
ENSG00000125618,0.0,0.0,0.0006024209289062981,0.0,0.0,0.0
ENSG00000137198,0.0,0.0,0.003103137140455109,0.0,0.0,0.0
ENSG00000154330,0.00320971736843891,0.0,0.0,0.0,0.0,0.0
ENSG00000144354,0.0,0.0,0.0,0.004323328492281211,0.0,0.0
ENSG00000152766,0.006813015302140943,0.0,0.0,0.0,0.0,0.0
ENSG00000146205,0.0,0.019509251810136765,0.0,0.0,0.0,0.0
ENSG00000096088,0.0,0.0,0.0,0.0006521972997687053,0.0,0.0
ENSG00000126522,0.0,0.0,0.0032557504424447045,0.0,0.0,0.0
ENSG00000110245,0.0,0.0018101367658889783,0.0,0.0,0.0,0.0
ENSG00000241794,0.0,0.0,0.0,0.0004639341616911409,0.0,0.0
ENSG00000171564,0.0,0.0,0.0,0.0,0.0,0.00887501530175052
ENSG00000171476,0.0,0.0,0.001887585577239734,0.0,0.0,0.0
ENSG00000106927,0.0,0.05088495575221239,0.0,0.0,0.0,0.0
ENSG00000092607,0.0,0.0,0.0023962965838717192,0.0,0.0,0.0
ENSG00000118137,0.0,0.015285599356395816,0.0,0.0,0.0,0.0
ENSG00000163545,0.0,0.0,0.002859491342541895,0.0,0.0,0.0
ENSG00000136002,0.0,0.0,0.0,0.0017952234952396322,0.0,0.0
ENSG00000137726,0.0,0.0,0.0,0.007301920284008391,0.0,0.0
ENSG00000109072,0.0,0.018905872888173775,0.0,0.0,0.0,0.0
ENSG00000091583,0.0,0.0018101367658889783,0.0,0.0,0.0,0.0
ENSG00000169031,0.0,0.0,6.693565876736646e-05,0.0,0.0,0.0
ENSG00000160191,0.0,0.0,0.0,0.004471249529342155,0.0,0.0
ENSG00000150782,0.0,0.0,0.003001394939128712,0.0,0.0,0.0
ENSG00000073605,0.0,0.0,0.002262425266336986,0.0,0.0,0.0
ENSG00000068078,0.006161571607912327,0.0,0.0,0.0,0.0,0.0
ENSG00000160867,0.0,0.0,0.0,0.004605723199397558,0.0,0.0
ENSG00000160200,0.0,0.0,0.0,0.00011430261954709268,0.0,0.0
ENSG00000186352,0.0,0.0,0.002530167901406452,0.0,0.0,0.0
ENSG00000140807,0.0,0.0,0.0,0.0,0.0,0.004835353164402007
ENSG00000113296,0.0,0.0,0.0,0.007288472917002851,0.0,0.0
ENSG00000165272,0.0,0.0,0.0,0.007463288688074875,0.0,0.0
ENSG00000160213,0.0,0.0,0.0032718150005488725,0.0,0.0,0.0
ENSG00000171747,0.0001560750517422726,0.0,0.0,0.0,0.0,0.0
ENSG00000132561,0.0,0.0,0.002717587745955078,0.0,0.0,0.0
ENSG00000137880,0.0,0.0,0.002631910102732849,0.0,0.0,0.0
ENSG00000059728,0.0,0.0,0.0032557504424447045,0.0,0.0,0.0
ENSG00000160886,0.0,0.0,0.0010361639977188328,0.0,0.0,0.0
ENSG00000148803,0.0,0.0,0.0,0.007362433435533323,0.0,0.0
ENSG00000161267,0.0,0.0,0.0031058145668058034,0.0,0.0,0.0
ENSG00000158825,0.0,0.0,0.0024016514365731083,0.0,0.0,0.0
ENSG00000077943,0.0,0.0,0.0012209064159167643,0.0,0.0,0.0
ENSG00000113070,0.0,0.0,0.0031379436830141394,0.0,0.0,0.0
ENSG00000186907,0.0,0.0,0.0022865221034932383,0.0,0.0,0.0
ENSG00000121552,0.0,0.0,0.0,0.0073086439675111615,0.0,0.0
ENSG00000117472,0.0,0.0,0.0,0.0,0.05303101725275761,0.0
ENSG00000205517,0.0,0.0,0.002332038351455047,0.0,0.0,0.0
ENSG00000080493,0.0,0.0,0.0,0.0,0.0,0.009242257314236748
ENSG00000119630,0.0,0.0,0.0024551999635870018,0.0,0.0,0.0
ENSG00000103257,0.0,0.0,0.0032209438998856738,0.0,0.0,0.0
ENSG00000105717,0.0,0.0,0.0,0.0010152762089182938,0.0,0.0
ENSG00000168878,0.0,0.008246178600160902,0.0,0.0,0.0,0.0
ENSG00000124920,0.0,0.0,0.0001927746972500154,0.0,0.0,0.0
ENSG00000163631,0.0,0.05953338696701529,0.0,0.0,0.0,0.0
ENSG00000115525,0.0,0.0,0.0029558786911669027,0.0,0.0,0.0
ENSG00000125257,0.0,0.0,0.0,0.004108170620192566,0.0,0.0
ENSG00000163884,0.0025650595460251758,0.0,0.0,0.0,0.0,0.0
ENSG00000152804,0.007505174227258847,0.0,0.0,0.0,0.0,0.0
ENSG00000142494,0.0,0.0,0.0005006787275799011,0.0,0.0,0.0
ENSG00000075073,0.0,0.0,0.0002436457979132139,0.0,0.0,0.0
ENSG00000197142,0.0,0.0,0.0031513308147676127,0.0,0.0,0.0
ENSG00000253368,0.0,0.0,0.0028353945053856433,0.0,0.0,0.0
ENSG00000019102,0.0,0.0,0.0,0.004061104835673175,0.0,0.0
ENSG00000158467,0.0,0.0,0.00325307301609401,0.0,0.0,0.0
ENSG00000088836,0.0,0.0,0.0,0.004652788983916949,0.0,0.0
ENSG00000169715,0.0,0.0,0.0032557504424447045,0.0,0.0,0.0
ENSG00000151726,0.0,0.0,0.0032584278687953993,0.0,0.0,0.0
ENSG00000253958,0.0,0.0,0.0,0.007322091334516702,0.0,0.0
ENSG00000135744,0.0,0.0,0.0,0.006286644075090097,0.0,0.0
ENSG00000118271,0.0,0.0,0.0,6.723683502770157e-05,0.0,0.0
ENSG00000065320,0.0,0.0,0.0026506520871877118,0.0,0.0,0.0
ENSG00000117394,0.0,0.0,0.003269137574198178,0.0,0.0,0.0
ENSG00000213398,0.0,0.0,0.0,0.00554031520628261,0.0,0.0
ENSG00000021355,0.0,0.0,0.0032718150005488725,0.0,0.0,0.0
ENSG00000108187,0.0,0.0,0.0027952331101252234,0.0,0.0,0.0
ENSG00000139410,0.0,0.0,0.0032236213262363685,0.0,0.0,0.0
ENSG00000113924,0.0,0.0,0.0,0.004410736377817223,0.0,0.0
ENSG00000197165,0.0,0.0,0.0,0.0,0.015885735834826057,0.0
ENSG00000178934,0.0,0.0,0.0,0.0012909472325318702,0.0,0.0
ENSG00000185633,0.0,0.0,0.0,0.008068420203324189,0.0,0.0
ENSG00000198848,0.0,0.0,0.0,0.005614275724813081,0.0,0.0
ENSG00000006453,0.0,0.0,0.00325307301609401,0.0,0.0,0.0
ENSG00000102934,0.0036711566518508464,0.0,0.0,0.0,0.0,0.0
ENSG00000120306,0.0,0.0,0.0032718150005488725,0.0,0.0,0.0
ENSG00000136371,0.0,0.0,0.003038878908038437,0.0,0.0,0.0
ENSG00000136872,0.0,0.0022123893805309734,0.0,0.0,0.0,0.0
ENSG00000131015,0.0,0.0,0.0,0.0018153945457479426,0.0,0.0
ENSG00000171346,0.0,0.0,0.0,0.0069052229573449515,0.0,0.0
ENSG00000130513,0.006806229430326061,0.0,0.0,0.0,0.0,0.0
ENSG00000130649,0.0,0.004022526146419952,0.0,0.0,0.0,0.0
ENSG00000002933,0.0,0.0,0.00321291162083359,0.0,0.0,0.0
ENSG00000072042,0.0,0.0,0.0032718150005488725,0.0,0.0,0.0
ENSG00000198417,0.007763037356224341,0.0,0.0,0.0,0.0,0.0
ENSG00000124839,0.0,0.0,0.0030683305978960783,0.0,0.0,0.0
ENSG00000176919,0.0,0.0,0.0,0.0010892367274487654,0.0,0.0
ENSG00000167656,0.0,0.0,0.0,0.0018019471787424023,0.0,0.0
ENSG00000168237,0.003990092627150273,0.0,0.0,0.0,0.0,0.0
ENSG00000101213,0.007545889458148136,0.0,0.0,0.0,0.0,0.0
ENSG00000130208,0.0,0.0,0.0032718150005488725,0.0,0.0,0.0
ENSG00000166278,0.0,0.0,0.0030576208924933,0.0,0.0,0.0
ENSG00000114270,0.0,0.0,0.001975940646812658,0.0,0.0,0.0
ENSG00000149596,0.0024157703660977843,0.0,0.0,0.0,0.0,0.0
ENSG00000169583,0.0,0.0,0.0,0.006098380937012533,0.0,0.0
ENSG00000140519,0.0,0.0,0.0,0.0011699209294820075,0.0,0.0
ENSG00000158715,0.0,0.0,0.002696168335149521,0.0,0.0,0.0
ENSG00000112972,0.0,0.0,0.0032718150005488725,0.0,0.0,0.0
ENSG00000110169,0.0,0.0,0.0,0.005506696788768759,0.0,0.0
ENSG00000163734,0.0,0.0,0.0,0.0005647894142326933,0.0,0.0
ENSG00000106565,0.0,0.0,0.003266460147847483,0.0,0.0,0.0
ENSG00000188015,0.0,0.0,0.0,0.002245710289925233,0.0,0.0
ENSG00000204388,0.0,0.0,0.0032718150005488725,0.0,0.0,0.0
ENSG00000203785,0.0,0.0,0.0,0.000342907858641278,0.0,0.0
ENSG00000110076,0.0,0.0,0.00025435550331599256,0.0,0.0,0.0
ENSG00000126218,0.0030332847012519933,0.0,0.0,0.0,0.0,0.0
ENSG00000017427,0.0011671699521596038,0.0,0.0,0.0,0.0,0.0
ENSG00000148600,0.0,0.0,0.0,0.00012102630304986284,0.0,0.0
ENSG00000178363,0.0,0.0,0.0,0.0037181969770318972,0.0,0.0
ENSG00000100031,0.0,0.0,0.0,0.0067304071862729275,0.0,0.0
ENSG00000139540,0.0,0.00020112630732099757,0.0,0.0,0.0,0.0
ENSG00000174564,0.0,0.0,0.0,0.000598407831746544,0.0,0.0
ENSG00000141505,0.0,0.0,0.0,0.00013447367005540314,0.0,0.0
ENSG00000179761,0.0,0.0,0.0,0.00026222365660803613,0.0,0.0
ENSG00000087250,0.0,0.0,0.0,0.0001748157710720241,0.0,0.0
ENSG00000095637,0.007810538458928511,0.0,0.0,0.0,0.0,0.0
ENSG00000130529,0.0,0.0,0.0032584278687953993,0.0,0.0,0.0
ENSG00000023330,0.0,0.0,0.0032718150005488725,0.0,0.0,0.0
ENSG00000105427,0.0,0.0,0.0031379436830141394,0.0,0.0,0.0
ENSG00000120756,0.0,0.0,0.002749716862163414,0.0,0.0,0.0
ENSG00000103710,0.0,0.0,0.0,0.0075708676241191975,0.0,0.0
ENSG00000135929,0.0,0.0,0.003266460147847483,0.0,0.0,0.0
ENSG00000167653,0.0,0.0,0.0,0.0039938680006454735,0.0,0.0
ENSG00000132693,0.0,0.0006033789219629927,0.0,0.0,0.0,0.0
ENSG00000159674,0.0,0.0,0.0031941696363787272,0.0,0.0,0.0
ENSG00000023839,0.0,0.0,0.0,0.0004975525792049916,0.0,0.0
ENSG00000167711,0.005204763682014047,0.0,0.0,0.0,0.0,0.0
ENSG00000172346,0.0,0.0,0.0008085827579097868,0.0,0.0,0.0
ENSG00000025423,0.0,0.0,0.0,0.006300091442095638,0.0,0.0
ENSG00000123453,0.0,0.0,0.0016251977948716575,0.0,0.0,0.0
ENSG00000185303,0.0,0.0,0.0,0.000981657791404443,0.0,0.0
ENSG00000130222,0.008027686357004717,0.0,0.0,0.0,0.0,0.0
ENSG00000075618,0.0,0.0,0.0,0.008216341240385132,0.0,0.0
ENSG00000158104,0.0,0.0,0.0,0.00037652627615512884,0.0,0.0
ENSG00000181885,0.0,0.0,0.003234331031639147,0.0,0.0,0.0
ENSG00000175592,0.0,0.0,0.0,0.0038056048625679092,0.0,0.0
ENSG00000197119,0.0,0.0,0.00325307301609401,0.0,0.0,0.0
ENSG00000163431,0.0,0.0,0.003095104861403025,0.0,0.0,0.0
ENSG00000162267,0.0,0.004827031375703942,0.0,0.0,0.0,0.0
ENSG00000111859,0.008054829844264241,0.0,0.0,0.0,0.0,0.0
ENSG00000081277,0.0,0.0,0.0,0.005257920499166263,0.0,0.0
ENSG00000168484,0.0,0.0008045052292839903,0.0,0.0,0.0,0.0
ENSG00000108950,0.0,0.0,0.0024230708473786658,0.0,0.0,0.0
ENSG00000136689,0.0,0.0,0.00282200737363217,0.0,0.0,0.0
ENSG00000104154,0.0,0.0,0.0024659096689897803,0.0,0.0,0.0
ENSG00000148926,0.0,0.0,0.0,0.006804367704803399,0.0,0.0
ENSG00000169245,0.0,0.0,0.0031995244890801167,0.0,0.0,0.0
ENSG00000139433,0.0,0.0,0.0032718150005488725,0.0,0.0,0.0
ENSG00000073849,0.0,0.0,0.0,0.0,0.0,0.07369323050556983
ENSG00000213903,0.0,0.0,0.0028942978851009254,0.0,0.0,0.0
ENSG00000166592,0.002999355342177586,0.0,0.0,0.0,0.0,0.0
ENSG00000165474,0.0,0.0,0.0,0.007160722930450218,0.0,0.0
ENSG00000243955,0.0,0.0,0.0,0.00213140767037814,0.0,0.0
ENSG00000160097,0.0014386048247548603,0.0,0.0,0.0,0.0,0.0
ENSG00000122852,0.0,0.0,0.0,0.00020171050508310473,0.0,0.0
ENSG00000167799,0.0,0.0,0.0,0.00683126243881448,0.0,0.0
ENSG00000115705,0.0007193024123774302,0.0,0.0,0.0,0.0,0.0
ENSG00000197580,0.0001560750517422726,0.0,0.0,0.0,0.0,0.0
ENSG00000138030,0.0,0.0,0.002615845544628681,0.0,0.0,0.0
ENSG00000131095,0.0,0.0,0.0,0.0005782367812382336,0.0,0.0
ENSG00000050767,0.0,0.0,0.0,0.0010623419934376848,0.0,0.0
ENSG00000105825,0.0,0.0,0.0,0.0,0.0,0.03947851634226956
ENSG00000128965,0.0,0.0,0.0,0.0036375127749986554,0.0,0.0
ENSG00000106804,0.0,0.0,0.0020187794684237725,0.0,0.0,0.0
ENSG00000104783,0.0,0.0,0.0,0.007429670270561024,0.0,0.0
ENSG00000196329,0.0,0.0,0.00013922617023612223,0.0,0.0,0.0
ENSG00000173531,0.003331863061106776,0.0,0.0,0.0,0.0,0.0
ENSG00000161249,0.0,0.0,0.0,0.0,0.0,0.05784061696658098
ENSG00000072274,0.0,0.0,0.0032718150005488725,0.0,0.0,0.0
ENSG00000114200,0.0,0.03238133547868061,0.0,0.0,0.0,0.0
ENSG00000157613,0.008176975536932108,0.0,0.0,0.0,0.0,0.0
ENSG00000106366,0.0,0.0,0.003250395589743315,0.0,0.0,0.0
ENSG00000108602,0.0,0.0,0.0,0.0004370394276800602,0.0,0.0
ENSG00000121577,0.0,0.0,0.002484651653444643,0.0,0.0,0.0
ENSG00000145287,0.0,0.0,0.0,0.0013850788015706524,0.0,0.0
ENSG00000170545,0.0,0.0,0.003148653388416918,0.0,0.0,0.0
ENSG00000183018,0.0,0.0,0.0,0.007254854499489,0.0,0.0
ENSG00000115386,0.0,0.0,0.0,8.068420203324189e-05,0.0,0.0
ENSG00000242110,0.0,0.0,0.0016198429421702683,0.0,0.0,0.0
ENSG00000162614,0.0,0.0,0.0028541364898405056,0.0,0.0,0.0
ENSG00000132821,0.003467580497404404,0.0,0.0,0.0,0.0,0.0
ENSG00000018280,0.0,0.0,0.0009370992227431304,0.0,0.0,0.0
ENSG00000167641,0.0,0.0,0.0,0.00512344682911086,0.0,0.0
ENSG00000172828,0.0,0.0,0.0,0.002091065569361519,0.0,0.0
ENSG00000136842,0.0,0.0,0.0,0.0017683287612285515,0.0,0.0
ENSG00000105270,0.0,0.0,0.003218266473534979,0.0,0.0,0.0
ENSG00000163221,0.0,0.0,0.0,0.0005177236297133021,0.0,0.0
ENSG00000131094,0.0,0.0,0.0,0.0020305524178365875,0.0,0.0
ENSG00000106327,0.0,0.0,0.0006747114403750538,0.0,0.0,0.0
ENSG00000140961,0.005537271400943236,0.0,0.0,0.0,0.0,0.0
ENSG00000173175,0.00421402639704136,0.0,0.0,0.0,0.0,0.0
ENSG00000118849,0.0,0.0,0.0,0.00768517024366629,0.0,0.0
ENSG00000145506,0.0,0.0,0.0024498451108856123,0.0,0.0,0.0
ENSG00000161281,0.008054829844264241,0.0,0.0,0.0,0.0,0.0
ENSG00000120915,0.008054829844264241,0.0,0.0,0.0,0.0,0.0
ENSG00000184363,0.0,0.0,0.003218266473534979,0.0,0.0,0.0
ENSG00000162882,0.0,0.0,0.0,0.005452907320746598,0.0,0.0
ENSG00000157315,0.0,0.0,0.0,0.00014119735355817332,0.0,0.0
ENSG00000154146,0.0,0.0,0.0028889430323995363,0.0,0.0,0.0
ENSG00000167034,0.006338004275099243,0.0,0.0,0.0,0.0,0.0
ENSG00000131400,0.0,0.006838294448913918,0.0,0.0,0.0,0.0
ENSG00000162654,0.0,0.0,0.003180782504625254,0.0,0.0,0.0
ENSG00000006534,0.0,0.0,0.002945168985764124,0.0,0.0,0.0
ENSG00000171766,0.0,0.0,0.002891620458750231,0.0,0.0,0.0
ENSG00000173156,0.0,0.0,0.0032584278687953993,0.0,0.0,0.0
ENSG00000134463,0.0,0.0,0.003218266473534979,0.0,0.0,0.0
ENSG00000106853,0.008271977742340448,0.0,0.0,0.0,0.0,0.0
ENSG00000162878,0.0,0.0,0.0,0.0057151309773546335,0.0,0.0
ENSG00000083807,0.0,0.0,0.0011566481835000924,0.0,0.0,0.0
ENSG00000160883,0.0,0.0,0.0013467454543994132,0.0,0.0,0.0
ENSG00000112936,0.0,0.0,0.0,0.004928460007530526,0.0,0.0
ENSG00000155666,0.0,0.0,0.002297231808896017,0.0,0.0,0.0
ENSG00000082196,0.0,0.0,0.002878233326996758,0.0,0.0,0.0
ENSG00000204444,0.0,0.0,0.002294554382545322,0.0,0.0,0.0
ENSG00000172201,0.0,0.0,0.0,0.007295196600505621,0.0,0.0
ENSG00000009724,0.000325721847114308,0.0,0.0,0.0,0.0,0.0
ENSG00000124466,0.0,0.0,0.0032236213262363685,0.0,0.0,0.0
ENSG00000169136,0.0,0.0,0.0032718150005488725,0.0,0.0,0.0
ENSG00000137563,0.0,0.0,0.0031834599309759487,0.0,0.0,0.0
ENSG00000113790,0.0,0.0,0.00289697531145162,0.0,0.0,0.0
ENSG00000163472,0.0,0.0,0.0032611052951460936,0.0,0.0,0.0
ENSG00000196502,0.0,0.0,0.002773813699319666,0.0,0.0,0.0
ENSG00000143536,0.0,0.0,0.0,4.0342101016620945e-05,0.0,0.0
ENSG00000089199,0.0,0.01830249396621078,0.0,0.0,0.0,0.0
ENSG00000229859,0.0,0.00020112630732099757,0.0,0.0,0.0,0.0
ENSG00000154556,0.0,0.0,0.0025917487074724292,0.0,0.0,0.0
ENSG00000172005,0.0,0.0,0.0,0.001835565596256253,0.0,0.0
ENSG00000142748,0.0,0.0,0.0,0.0014792103706094348,0.0,0.0
ENSG00000159231,0.0,0.0,0.0032316536052884527,0.0,0.0,0.0
ENSG00000077157,0.0,0.0,0.003022814349934269,0.0,0.0,0.0
ENSG00000144476,0.0,0.0,0.0,0.008209617556882362,0.0,0.0
ENSG00000118514,0.00034607946255895225,0.0,0.0,0.0,0.0,0.0
ENSG00000101577,0.0,0.0,0.0032611052951460936,0.0,0.0,0.0
ENSG00000186832,0.0,0.0,0.0,0.00466623635092249,0.0,0.0
ENSG00000172236,0.0069894479693278595,0.0,0.0,0.0,0.0,0.0
ENSG00000107742,0.0,0.0,0.0028166525209307805,0.0,0.0,0.0
ENSG00000108551,0.007898754792521969,0.0,0.0,0.0,0.0,0.0
ENSG00000215252,0.0,0.0,0.0019464889569550167,0.0,0.0,0.0
ENSG00000183773,0.0,0.0,0.00018474241819793142,0.0,0.0,0.0
ENSG00000147408,0.0,0.0,0.0027604265675661927,0.0,0.0,0.0
ENSG00000047457,0.0,0.0,0.0,0.0,0.0,0.0443750765087526
ENSG00000102743,0.0,0.0,0.0032262987525870633,0.0,0.0,0.0
ENSG00000188906,0.0,0.0,0.0012316161213195428,0.0,0.0,0.0
ENSG00000166816,0.006344790146914124,0.0,0.0,0.0,0.0,0.0
ENSG00000114115,0.0,0.0,0.003001394939128712,0.0,0.0,0.0
ENSG00000000971,0.0,0.0,0.0031834599309759487,0.0,0.0,0.0
ENSG00000134020,0.002117192006243002,0.0,0.0,0.0,0.0,0.0
ENSG00000053747,0.006229430326061141,0.0,0.0,0.0,0.0,0.0
ENSG00000066230,0.0,0.0,0.0,0.000255499973105266,0.0,0.0
ENSG00000163993,0.0,0.0,0.0,0.006602657199720295,0.0,0.0
ENSG00000103034,0.0,0.0,0.0,0.0022120918724113816,0.0,0.0
ENSG00000010438,0.0,0.0,0.0,0.0004235920606745199,0.0,0.0
ENSG00000138115,0.0005767991042649204,0.0,0.0,0.0,0.0,0.0
ENSG00000079385,0.0,0.0,0.0,0.0,0.0,0.06873546333700575
ENSG00000178372,0.0,0.0,0.0,0.0059706309504599,0.0,0.0
ENSG00000166920,0.0,0.0,0.0031540082411183074,0.0,0.0,0.0
ENSG00000204305,0.0,0.0,0.001834037050225841,0.0,0.0,0.0
ENSG00000139914,0.0,0.0,0.0,0.0,0.0,0.0014077610478638756
ENSG00000021826,0.0,0.0,0.0004739044640729545,0.0,0.0,0.0
ENSG00000174236,0.0,0.0,0.0,3.3618417513850785e-05,0.0,0.0
ENSG00000118520,0.0,0.0022123893805309734,0.0,0.0,0.0,0.0
ENSG00000102967,0.0,0.0,0.0029344592803613456,0.0,0.0,0.0
ENSG00000087237,0.0,0.0,0.0,0.0017010919262008498,0.0,0.0
ENSG00000173898,0.0,0.0,0.0030281692026356585,0.0,0.0,0.0
ENSG00000175003,0.0,0.0,0.0,5.378946802216126e-05,0.0,0.0
ENSG00000168389,0.004967258168493197,0.0,0.0,0.0,0.0,0.0
ENSG00000125780,0.0,0.0,0.0,0.0,0.0068822475723578766,0.0
ENSG00000161653,0.0,0.0,0.0,0.0,0.03309135476572075,0.0
ENSG00000123342,0.0,0.0,0.002883588179698147,0.0,0.0,0.0
ENSG00000162896,0.0,0.0,0.0,0.004820881071486203,0.0,0.0
ENSG00000125551,0.0,0.0,0.0,0.0,0.0,0.0
ENSG00000188508,0.0,0.0,0.0,0.0006790920337797859,0.0,0.0
ENSG00000143556,0.0,0.0,0.0,0.003193749663815825,0.0,0.0
ENSG00000172403,0.00675194245580701,0.0,0.0,0.0,0.0,0.0
ENSG00000182902,0.0009568079258982798,0.0,0.0,0.0,0.0,0.0
ENSG00000105697,0.0,0.0,0.0,0.000894249905868431,0.0,0.0
ENSG00000110042,0.0,0.0,0.002953201264816208,0.0,0.0,0.0
ENSG00000164949,0.0,0.0,0.0032396858843405365,0.0,0.0,0.0
ENSG00000163661,0.0,0.0,0.0,0.003065999677263192,0.0,0.0
ENSG00000182333,0.0,0.0,0.0,0.0,0.0,0.000856898029134533
ENSG00000163739,0.0,0.0,0.0,0.0027029207681136033,0.0,0.0
ENSG00000105519,0.0,0.0,0.0032075567681322005,0.0,0.0,0.0
ENSG00000169129,0.0,0.0,0.0,0.007786025496207842,0.0,0.0
ENSG00000091513,0.0,0.0,0.0,0.003106341778279813,0.0,0.0
ENSG00000116774,0.0,0.0,0.0032718150005488725,0.0,0.0,0.0
ENSG00000186998,0.0,0.0,0.002021456894774467,0.0,0.0,0.0
ENSG00000160282,0.0,0.0,0.0,0.000255499973105266,0.0,0.0
ENSG00000176387,0.0,0.0,0.003038878908038437,0.0,0.0,0.0
ENSG00000092295,0.0,0.0,0.0,0.0007194341347964069,0.0,0.0
ENSG00000186480,0.0,0.0,0.0032718150005488725,0.0,0.0,0.0
ENSG00000143412,0.0,0.0,0.0032477181633926203,0.0,0.0,0.0
ENSG00000118402,0.0,0.0,0.0,0.001875907697272874,0.0,0.0
ENSG00000197696,0.0,0.0,0.0,0.007900328115754935,0.0,0.0
ENSG00000176974,0.0,0.0,0.0032637827214967883,0.0,0.0,0.0
ENSG00000167549,0.0,0.0,0.0,0.0,0.0,0.02123882972212021
ENSG00000166923,0.0,0.0,0.0,0.006306815125598408,0.0,0.0
ENSG00000102886,0.0,0.0,0.0,0.006031144101984832,0.0,0.0
ENSG00000163959,0.0,0.0,0.0,0.0015598945726426766,0.0,0.0
ENSG00000131037,0.0,0.0,0.0031004597141044143,0.0,0.0,0.0
ENSG00000132837,0.0005157262579309876,0.0,0.0,0.0,0.0,0.0
ENSG00000159423,0.008231262511451159,0.0,0.0,0.0,0.0,0.0
ENSG00000008853,0.0,0.0,0.003162040520170391,0.0,0.0,0.0
ENSG00000134716,0.0,0.0,0.002752394288514109,0.0,0.0,0.0
ENSG00000205364,0.0,0.0,0.0,0.00429643375827013,0.0,0.0
ENSG00000090339,0.0,0.0,0.003245040737041926,0.0,0.0,0.0
ENSG00000131781,0.005869779119872426,0.0,0.0,0.0,0.0,0.0
ENSG00000124253,0.001350388491161402,0.0,0.0,0.0,0.0,0.0
ENSG00000168743,0.0,0.0,0.0031914922100280325,0.0,0.0,0.0
ENSG00000139194,0.0,0.0,0.0,0.007187617664461299,0.0,0.0
ENSG00000135423,0.0,0.0014078841512469831,0.0,0.0,0.0,0.0
ENSG00000183044,0.006887659892104638,0.0,0.0,0.0,0.0,0.0
ENSG00000164406,0.0,0.0,0.00042838821611114534,0.0,0.0,0.0
ENSG00000175063,0.0,0.0,0.0031352662566634447,0.0,0.0,0.0
ENSG00000104267,0.0,0.0,0.0,0.008075143886826959,0.0,0.0
ENSG00000163032,0.0,0.0,0.0,0.0036375127749986554,0.0,0.0
ENSG00000135318,0.0,0.0,0.003054943466142605,0.0,0.0,0.0
ENSG00000135094,0.0,0.0,0.002757749141215498,0.0,0.0,0.0
ENSG00000122971,0.008075187459708887,0.0,0.0,0.0,0.0,0.0
ENSG00000241935,0.0,0.0,0.00014458102293751155,0.0,0.0,0.0
ENSG00000137699,0.0,0.0,0.0,0.005506696788768759,0.0,0.0
ENSG00000133710,0.0,0.0,0.0,0.0007059867677908665,0.0,0.0
ENSG00000107537,0.0,0.0,0.0032718150005488725,0.0,0.0,0.0
ENSG00000171236,0.0,0.0,0.0,0.006427841428648271,0.0,0.0
ENSG00000169509,0.0,0.0,0.0,0.00010757893604432252,0.0,0.0
ENSG00000243566,0.0,0.0,0.0,0.0005311709967188424,0.0,0.0
ENSG00000126233,0.0,0.0,0.0,0.0013850788015706524,0.0,0.0
ENSG00000112299,0.0,0.0,0.0,0.0012035393469958583,0.0,0.0
ENSG00000117594,0.0,0.0,0.0,0.004565381098380937,0.0,0.0
ENSG00000100889,0.0,0.0,0.003269137574198178,0.0,0.0,0.0
ENSG00000100285,0.0,0.0,0.0,0.0029046312731967083,0.0,0.0
ENSG00000169605,0.0,0.0006033789219629927,0.0,0.0,0.0,0.0
ENSG00000100473,0.0,0.0,0.0,0.0015464472056371363,0.0,0.0
ENSG00000135678,0.0,0.0,0.003140621109364834,0.0,0.0,0.0
ENSG00000105088,0.0,0.0,0.0,0.007812920230218923,0.0,0.0
ENSG00000100197,0.0,0.0,0.00022222638710765665,0.0,0.0,0.0
ENSG00000103569,0.0,0.0,0.0010709705402778633,0.0,0.0,0.0
ENSG00000118898,0.0,0.0,0.0032477181633926203,0.0,0.0,0.0
ENSG00000167701,0.0,0.0,0.0016948108799897186,0.0,0.0,0.0
ENSG00000154277,0.0,0.0,0.0,0.00723468344898069,0.0,0.0
ENSG00000092758,0.0,0.0,0.0,0.002608789199074821,0.0,0.0
ENSG00000173338,0.0,0.0,0.0,0.00015464472056371363,0.0,0.0
ENSG00000085563,0.0,0.0,0.0,0.0027903286536496152,0.0,0.0
ENSG00000130635,0.0,0.0,0.0032718150005488725,0.0,0.0,0.0
ENSG00000048740,0.0,0.0,0.0029023301641530096,0.0,0.0,0.0
ENSG00000105173,0.0,0.0,0.0,0.004962078425044376,0.0,0.0
ENSG00000241644,0.003806874088148475,0.0,0.0,0.0,0.0,0.0
ENSG00000006016,0.0,0.0,0.0,0.004155236404711957,0.0,0.0
ENSG00000219607,0.0,0.0,0.0,0.00013447367005540314,0.0,0.0
ENSG00000102837,0.0,0.0,0.0,0.003240815448335216,0.0,0.0
ENSG00000010282,0.0,0.0,0.0,0.0,0.0,0.0009793120332966092
ENSG00000172456,0.0,0.0,0.0027122328932536886,0.0,0.0,0.0
ENSG00000088002,0.0065958674040647374,0.0,0.0,0.0,0.0,0.0
ENSG00000153395,0.0,0.0,0.003266460147847483,0.0,0.0,0.0
ENSG00000138356,0.004668679808638415,0.0,0.0,0.0,0.0,0.0
ENSG00000136943,0.0,0.0,0.0,0.0037383680275402077,0.0,0.0
ENSG00000185133,0.0,0.0,0.0,0.0,0.04930706137456397,0.0
ENSG00000010610,0.0,0.0,0.0032718150005488725,0.0,0.0,0.0
ENSG00000148795,0.0,0.0,0.0,3.3618417513850785e-05,0.0,0.0
ENSG00000157601,0.0,0.0,0.00325307301609401,0.0,0.0,0.0
ENSG00000138100,0.0,0.0,0.0,0.0,0.0,0.0010405190353776472
ENSG00000165887,0.0,0.0,0.0,0.0,0.0,0.00189741706451218
ENSG00000159640,0.0,0.0,0.0029987175127780172,0.0,0.0,0.0
ENSG00000128944,0.0,0.0,0.0032718150005488725,0.0,0.0,0.0
ENSG00000018625,0.0018457571336477454,0.0,0.0,0.0,0.0,0.0
ENSG00000124713,0.0,0.0,0.0,0.004249367973750739,0.0,0.0
ENSG00000175315,0.005489770298239066,0.0,0.0,0.0,0.0,0.0
ENSG00000114854,0.0,0.0,0.0,0.0,0.0,0.010099155343371281
ENSG00000115226,0.0,0.0,0.002883588179698147,0.0,0.0,0.0
ENSG00000186806,0.0,0.0,0.0,0.0020708945188532084,0.0,0.0
ENSG00000181458,0.0,0.0,0.0,0.007806196546716153,0.0,0.0
ENSG00000179593,0.0,0.0,0.0,0.005002420526060997,0.0,0.0
ENSG00000125538,0.0,0.0,0.001716230290795276,0.0,0.0,0.0
ENSG00000164776,0.0,0.0,0.0,0.001667473508686999,0.0,0.0
ENSG00000182253,0.0,0.0,0.0,0.006952288741864343,0.0,0.0
ENSG00000142959,0.0,0.0,0.0001552907283402902,0.0,0.0,0.0
ENSG00000178726,0.0,0.0,0.003245040737041926,0.0,0.0,0.0
ENSG00000170509,0.0006378719505988531,0.0,0.0,0.0,0.0,0.0
ENSG00000124731,0.0,0.0,0.0007630665099479776,0.0,0.0,0.0
ENSG00000132002,0.0,0.0,0.0032718150005488725,0.0,0.0,0.0
ENSG00000183281,0.0,0.0,0.0,0.0,0.0,0.0
ENSG00000100985,0.0,0.0,0.003164717946521086,0.0,0.0,0.0
ENSG00000120729,0.0,0.0,0.0,0.0,0.0,0.0012241400416207614
ENSG00000164761,0.004689037424083059,0.0,0.0,0.0,0.0,0.0
ENSG00000157911,0.0,0.0,0.0032718150005488725,0.0,0.0,0.0
ENSG00000075239,0.0,0.0,0.0032718150005488725,0.0,0.0,0.0
ENSG00000172016,0.0,0.0,0.0,6.723683502770157e-06,0.0,0.0
ENSG00000143882,0.0,0.0,0.0,0.003059275993760422,0.0,0.0
ENSG00000133878,0.0,0.0,0.0,0.0,0.0,0.0016525890561880279
ENSG00000183682,0.0,0.0,0.0008353570214167334,0.0,0.0,0.0
ENSG00000159251,0.0,0.0,0.0,0.0,0.0,0.0014077610478638756
ENSG00000101405,0.00018321853900179827,0.0,0.0,0.0,0.0,0.0
ENSG00000108515,0.0,0.0,0.0,0.0,0.0,0.030297466030113844
ENSG00000198865,0.00167611033827571,0.0,0.0,0.0,0.0,0.0
ENSG00000182853,0.0,0.0,0.0,0.005748749394868485,0.0,0.0
ENSG00000188505,0.0,0.0,0.0,0.003933354849120542,0.0,0.0
ENSG00000107159,0.0,0.0,0.0,0.002104512936367059,0.0,0.0
ENSG00000000938,0.0,0.0,0.0028541364898405056,0.0,0.0,0.0
ENSG00000172382,0.0,0.0,0.0006318726187639394,0.0,0.0,0.0
ENSG00000172348,0.0,0.0,0.003140621109364834,0.0,0.0,0.0
ENSG00000170909,0.0,0.0,0.00266671664529188,0.0,0.0,0.0
ENSG00000115138,0.0,0.0,0.0,0.0007530525523102577,0.0,0.0
ENSG00000077009,0.0,0.0,0.0,0.0,0.0,0.0002448280083241523
ENSG00000162174,0.0,0.0,0.0,0.0,0.0,0.04198800342759212
ENSG00000160801,0.0024021986224680215,0.0,0.0,0.0,0.0,0.0
ENSG00000219073,0.0,0.0,0.0,6.723683502770157e-06,0.0,0.0
ENSG00000152620,0.0,0.0,0.0032718150005488725,0.0,0.0,0.0
ENSG00000172179,0.0,0.0,0.0,3.3618417513850785e-05,0.0,0.0
ENSG00000167315,0.0,0.0,0.0032637827214967883,0.0,0.0,0.0
ENSG00000118729,0.0022054083398364605,0.0,0.0,0.0,0.0,0.0
ENSG00000139344,0.0,0.0,0.00043374306881253466,0.0,0.0,0.0
ENSG00000151503,0.0,0.0,0.00325307301609401,0.0,0.0,0.0
ENSG00000186395,0.0,0.0,0.0032718150005488725,0.0,0.0,0.0
ENSG00000003436,0.0,0.0,0.001992005204916826,0.0,0.0,0.0
ENSG00000001084,0.0,0.0,0.003266460147847483,0.0,0.0,0.0
ENSG00000155850,0.0,0.0,0.0032075567681322005,0.0,0.0,0.0
ENSG00000166123,0.0,0.0,0.0,0.00810203862083804,0.0,0.0
ENSG00000186847,0.0,0.0,0.0,0.006710236135764617,0.0,0.0
ENSG00000034971,0.0,0.021118262268704748,0.0,0.0,0.0,0.0
ENSG00000184730,0.0,0.0,0.0029398141330627347,0.0,0.0,0.0
ENSG00000143369,0.008265191870525566,0.0,0.0,0.0,0.0,0.0
ENSG00000122367,0.0,0.0,0.0,0.0,0.0,0.002509487085322561
ENSG00000214456,0.0,0.0,0.0,0.0042157495562368886,0.0,0.0
ENSG00000154065,0.002653275879618634,0.0,0.0,0.0,0.0,0.0
ENSG00000162482,0.0,0.0,0.0,0.0,0.0448288865843311,0.0
ENSG00000168530,0.0,0.0,0.0,0.0,0.0,0.0004896560166483046
ENSG00000118004,0.0,0.0,0.0,0.0004908288957022215,0.0,0.0
ENSG00000104435,0.0,0.0,0.0,0.002521381313538809,0.0,0.0
ENSG00000119508,0.00249041495606148,0.0,0.0,0.0,0.0,0.0
ENSG00000172399,0.0,0.0,0.0,0.0,0.0,0.0007344840249724568
ENSG00000143632,0.0,0.0,0.0,0.0,0.0,0.025462112865711838
ENSG00000205362,0.0,0.0,0.0,0.004370394276800602,0.0,0.0
ENSG00000167768,0.0,0.0,0.0,0.0002218815555914152,0.0,0.0
ENSG00000064655,0.0072812404573677604,0.0,0.0,0.0,0.0,0.0
ENSG00000168309,0.0,0.0,0.0,0.003455973320423861,0.0,0.0
ENSG00000117399,0.0,0.0,0.003148653388416918,0.0,0.0,0.0
ENSG00000166741,0.0,0.0,0.003266460147847483,0.0,0.0,0.0
ENSG00000124116,0.0,0.0,0.00019009727089932074,0.0,0.0,0.0
ENSG00000135069,0.0,0.0,0.0,0.005042762627077618,0.0,0.0
ENSG00000105290,0.0,0.13636363636363635,0.0,0.0,0.0,0.0
ENSG00000156113,0.005082617989346182,0.0,0.0,0.0,0.0,0.0
ENSG00000152377,0.0,0.0,0.0030094272181807958,0.0,0.0,0.0
ENSG00000184500,0.0,0.0,0.0031540082411183074,0.0,0.0,0.0
ENSG00000101470,0.0,0.0,0.0,0.0,0.0,0.015056922511935366
ENSG00000170890,0.0,0.0,0.0,5.378946802216126e-05,0.0,0.0
ENSG00000135919,0.0,0.0,0.0030656531715453836,0.0,0.0,0.0
ENSG00000172602,0.007070878431106436,0.0,0.0,0.0,0.0,0.0
ENSG00000180209,0.0,0.0,0.0,0.0,0.0,0.002631901089484637
ENSG00000166823,0.0,0.0,0.0015957461050140162,0.0,0.0,0.0
ENSG00000266964,0.0010721677467512639,0.0,0.0,0.0,0.0,0.0
ENSG00000188783,0.0,0.0,0.0,0.007705341294174601,0.0,0.0
ENSG00000185615,0.0,0.0,0.0,0.0002218815555914152,0.0,0.0
ENSG00000125787,0.0,0.0,0.0,0.0,0.0,0.0004284490145672665
ENSG00000106688,0.0063040749160248365,0.0,0.0,0.0,0.0,0.0
ENSG00000116761,0.0,0.0,0.002508748490600895,0.0,0.0,0.0
ENSG00000126861,0.00014928917992739117,0.0,0.0,0.0,0.0,0.0
ENSG00000145012,0.0,0.0,0.003250395589743315,0.0,0.0,0.0
ENSG00000108839,0.0,0.0,0.0,0.0007530525523102577,0.0,0.0
ENSG00000104879,0.0,0.0,0.0,0.0,0.0,0.0012853470437017994
ENSG00000072832,0.0,0.0,0.0028139750945800858,0.0,0.0,0.0
ENSG00000115687,0.0,0.0,0.002664039218941185,0.0,0.0,0.0
ENSG00000154175,0.0053676246055712005,0.0,0.0,0.0,0.0,0.0
ENSG00000242220,0.0,0.0,3.480654255903056e-05,0.0,0.0,0.0
ENSG00000164647,0.0,0.0,0.0031058145668058034,0.0,0.0,0.0
ENSG00000117525,0.007973399382485665,0.0,0.0,0.0,0.0,0.0
ENSG00000125730,0.0,0.0,0.003266460147847483,0.0,0.0,0.0
ENSG00000100577,0.0,0.0,0.003140621109364834,0.0,0.0,0.0
ENSG00000204632,0.0,0.0,0.0,0.005594104674304771,0.0,0.0
ENSG00000162511,0.0,0.0,0.0032718150005488725,0.0,0.0,0.0
ENSG00000059804,0.0,0.0,0.0032022019154308115,0.0,0.0,0.0
ENSG00000085265,0.0,0.0,0.0007791310680521456,0.0,0.0,0.0
ENSG00000100604,0.0,0.013877715205148834,0.0,0.0,0.0,0.0
ENSG00000187688,0.0,0.0,0.0031781050782745592,0.0,0.0,0.0
ENSG00000035664,0.0,0.0,0.0017804885232119477,0.0,0.0,0.0
ENSG00000196218,0.0,0.0,0.0,0.0,0.0,0.009242257314236748
ENSG00000166922,0.0,0.0,0.002540877606809231,0.0,0.0,0.0
ENSG00000154040,0.0,0.0,0.002749716862163414,0.0,0.0,0.0
ENSG00000248485,0.0,0.0,0.0,0.002292776074444624,0.0,0.0
ENSG00000112562,0.008278763614155329,0.0,0.0,0.0,0.0,0.0
ENSG00000118194,0.0,0.0,0.0,0.0,0.0,0.003427592116538132
ENSG00000162551,0.0,0.0,0.0,0.007752407078693992,0.0,0.0
ENSG00000134755,0.0,0.0,0.0,0.007530525523102577,0.0,0.0
ENSG00000109063,0.00038679469344824076,0.0,0.0,0.0,0.0,0.0
ENSG00000013588,0.0,0.0,0.0032316536052884527,0.0,0.0,0.0
ENSG00000154553,0.007335527431886812,0.0,0.0,0.0,0.0,0.0
ENSG00000159173,0.0,0.0,0.0,0.0,0.0,0.0022646590769984085
ENSG00000144810,0.0,0.0,0.0031459759620662236,0.0,0.0,0.0
ENSG00000154856,0.0,0.0,0.0029050075905037043,0.0,0.0,0.0
ENSG00000198336,0.0,0.0,0.0,2.689473401108063e-05,0.0,0.0
ENSG00000100292,0.0,0.0,0.0032718150005488725,0.0,0.0,0.0
ENSG00000185482,0.006439792352322464,0.0,0.0,0.0,0.0,0.0
ENSG00000124701,0.0,0.0,0.0,0.0,0.0,0.0012853470437017994
ENSG00000073756,0.0,0.0,0.0,0.0020238287343338174,0.0,0.0
ENSG00000163132,0.0,0.0,0.0023454254832085204,0.0,0.0,0.0
ENSG00000204983,0.0,0.011866452131938857,0.0,0.0,0.0,0.0
ENSG00000130528,0.0,0.0,0.0,0.0,0.0,0.010343983351695434
ENSG00000244617,0.0,0.0,0.0008353570214167334,0.0,0.0,0.0
ENSG00000135245,0.0,0.0,0.003269137574198178,0.0,0.0,0.0
ENSG00000041982,0.0,0.0,0.0032396858843405365,0.0,0.0,0.0
ENSG00000170458,0.0,0.0,0.0032718150005488725,0.0,0.0,0.0
ENSG00000244734,0.006765514199436773,0.0,0.0,0.0,0.0,0.0
ENSG00000137077,0.0,0.0,0.0,0.006374051960626109,0.0,0.0
ENSG00000135114,0.0,0.0,0.0027068780405522996,0.0,0.0,0.0
ENSG00000164879,0.0,0.0,0.0,0.0,0.0,0.022034520749173704
ENSG00000103044,0.0,0.0,0.0,0.002776881286644075,0.0,0.0
ENSG00000137285,0.003806874088148475,0.0,0.0,0.0,0.0,0.0
ENSG00000167972,0.008224476639636278,0.0,0.0,0.0,0.0,0.0
ENSG00000004838,0.0,0.0,0.0022356510028300395,0.0,0.0,0.0
ENSG00000197616,0.0,0.0,0.0,0.0,0.0,0.00012241400416207614
ENSG00000196407,0.0,0.0,0.0025328453277571467,0.0,0.0,0.0
ENSG00000178860,0.0,0.0,0.0029210721486078724,0.0,0.0,0.0
ENSG00000049089,0.007335527431886812,0.0,0.0,0.0,0.0,0.0
ENSG00000164309,0.005849421504427781,0.0,0.0,0.0,0.0,0.0
ENSG00000186628,0.0,0.0,0.0,0.0,0.0,0.0002448280083241523
ENSG00000138061,0.0,0.0,0.0032102341944828952,0.0,0.0,0.0
ENSG00000077522,0.0,0.0,0.0,0.0,0.0,0.006549149222671073
ENSG00000023445,0.0,0.0,0.002878233326996758,0.0,0.0,0.0
ENSG00000183091,0.0,0.0,0.0,0.0,0.0,0.0009793120332966092
ENSG00000085662,0.0,0.0,0.003266460147847483,0.0,0.0,0.0
ENSG00000116701,0.0,0.0,0.0032236213262363685,0.0,0.0,0.0
ENSG00000213927,0.0,0.0,0.0,0.0,0.0,0.0
ENSG00000171033,0.003487938112849048,0.0,0.0,0.0,0.0,0.0
ENSG00000227507,0.0,0.0,0.0,0.0060714862030014525,0.0,0.0
ENSG00000178531,0.0,0.0,0.0031941696363787272,0.0,0.0,0.0
ENSG00000129521,0.0,0.0,0.002966588396569681,0.0,0.0,0.0
ENSG00000204421,0.0028839955213246023,0.0,0.0,0.0,0.0,0.0
ENSG00000142583,0.0,0.0,0.0009130023855868785,0.0,0.0,0.0
ENSG00000130598,0.0,0.0,0.0,0.0,0.0,0.02191210674501163
ENSG00000138821,0.008224476639636278,0.0,0.0,0.0,0.0,0.0
ENSG00000172867,0.0,0.0,0.0,5.378946802216126e-05,0.0,0.0
ENSG00000158516,0.0,0.0,0.0,3.3618417513850785e-05,0.0,0.0
ENSG00000066336,0.0,0.0,0.003269137574198178,0.0,0.0,0.0
ENSG00000164816,0.0,0.0,0.0,6.723683502770157e-06,0.0,0.0
ENSG00000116194,0.0,0.0,0.0,0.002897907589693938,0.0,0.0
ENSG00000099958,0.0,0.0,0.0,0.007315367651013932,0.0,0.0
ENSG00000088325,0.0,0.0,0.0031861373573266434,0.0,0.0,0.0
ENSG00000060982,0.0,0.0,0.002192812181218925,0.0,0.0,0.0
ENSG00000156885,0.0,0.0,0.0,0.0,0.0,0.003427592116538132
ENSG00000111245,0.0,0.0,0.0,0.0,0.0,0.0005508630187293427
ENSG00000156427,0.002083262647168595,0.0,0.0,0.0,0.0,0.0
ENSG00000176890,0.0,0.0,0.003245040737041926,0.0,0.0,0.0
ENSG00000130595,0.0,0.0,0.0,0.0,0.0,0.015424164524421594
ENSG00000170290,0.0,0.0,0.0,0.0,0.0,0.002754315093646713
ENSG00000141574,0.0,0.0,0.00321291162083359,0.0,0.0,0.0
ENSG00000131730,0.0,0.0,0.0,0.0,0.0,0.014689680499449137
ENSG00000078814,0.00013571743629762833,0.0,0.0,0.0,0.0,0.0
ENSG00000108342,0.00031893597529942657,0.0,0.0,0.0,0.0,0.0
ENSG00000146453,0.0,0.0,0.0,0.0,0.0,0.004957767168564084
ENSG00000138207,0.005096189732975944,0.0,0.0,0.0,0.0,0.0
ENSG00000138131,0.0,0.0,0.0,0.0043905653273089125,0.0,0.0
ENSG00000019169,0.0,0.0,0.0,0.0033147759668656876,0.0,0.0
ENSG00000145248,0.0,0.0,0.0,9.413156903878221e-05,0.0,0.0
ENSG00000187097,0.0,0.0,0.0,0.0,0.056330724992929196,0.0
ENSG00000064692,0.0,0.0,0.0005970660762049087,0.0,0.0,0.0
ENSG00000101000,0.008292335357785091,0.0,0.0,0.0,0.0,0.0
ENSG00000136048,0.0,0.0,0.0032637827214967883,0.0,0.0,0.0
ENSG00000160808,0.0,0.0,0.0,0.0,0.0,0.004223283143591627
ENSG00000099994,0.0,0.0,0.0031165242722085824,0.0,0.0,0.0
ENSG00000181652,0.0,0.0,0.0,0.0010018288419127535,0.0,0.0
ENSG00000120158,0.0,0.0,0.003266460147847483,0.0,0.0,0.0
ENSG00000143226,0.0,0.0,0.003237008457989842,0.0,0.0,0.0
ENSG00000239474,0.0,0.0,0.0,0.0,0.0,0.0006732770228914188
ENSG00000204248,0.0,0.0,0.0,0.0005849604647410037,0.0,0.0
ENSG00000143333,0.0,0.0,0.0032584278687953993,0.0,0.0,0.0
ENSG00000147889,0.0,0.0,0.0,0.005883223064923888,0.0,0.0
ENSG00000104833,0.0,0.0,0.0,0.0007059867677908665,0.0,0.0
ENSG00000125414,0.0,0.0,0.0,0.0,0.0,0.0007956910270534949
ENSG00000127863,0.0072812404573677604,0.0,0.0,0.0,0.0,0.0
ENSG00000187134,0.0,0.0,0.0,0.0023600129094723254,0.0,0.0
ENSG00000107984,0.0,0.0,0.0,0.0,0.0,0.02068796670339087
ENSG00000068976,0.0,0.0,0.0,0.0,0.0,0.004774146162320969
ENSG00000162493,0.0,0.0,0.003108491993156498,0.0,0.0,0.0
ENSG00000173991,0.0,0.0,0.0,0.0,0.0,0.010894846370424777
ENSG00000133048,0.0,0.0,0.0,0.007490183422085956,0.0,0.0
ENSG00000196878,0.0,0.0,0.0,0.007765854445699532,0.0,0.0
ENSG00000155657,0.0,0.0,0.0,0.0,0.0,0.0010405190353776472
ENSG00000167964,0.0,0.0,0.0,0.0,0.04256622984821344,0.0
ENSG00000142789,0.0,0.0,0.0,6.723683502770157e-06,0.0,0.0
ENSG00000096696,0.0,0.0,0.003218266473534979,0.0,0.0,0.0
ENSG00000148677,0.0,0.0,0.0,0.0,0.0,0.0048965601664830456
ENSG00000173391,0.0,0.0,0.0030147820708821852,0.0,0.0,0.0
ENSG00000139508,0.0,0.0,0.00321291162083359,0.0,0.0,0.0
ENSG00000173641,0.0026804193668781597,0.0,0.0,0.0,0.0,0.0
ENSG00000163157,0.0,0.0,0.0,0.0,0.0,0.0
ENSG00000182676,0.0,0.0,0.0,0.0,0.0,0.0004896560166483046
ENSG00000127951,0.0,0.0,0.003175427651923865,0.0,0.0,0.0
ENSG00000172023,0.0,0.0,0.0,1.3447367005540315e-05,0.0,0.0
ENSG00000171840,0.0,0.0,0.002969265822920376,0.0,0.0,0.0
ENSG00000092054,0.0,0.0,0.0,0.0,0.0,0.0005508630187293427
ENSG00000157017,0.0,0.0,0.0,0.0,0.0,0.004712939160239932
ENSG00000198732,0.0,0.0,0.0,0.002776881286644075,0.0,0.0
ENSG00000111206,0.0,0.0,0.002985330381024544,0.0,0.0,0.0
ENSG00000169347,0.0,0.0,0.0,0.004551933731375397,0.0,0.0
ENSG00000105369,0.0,0.0,0.0,0.0057621967618740255,0.0,0.0
ENSG00000205413,0.0,0.0,0.003164717946521086,0.0,0.0,0.0
ENSG00000110446,0.0,0.0,0.0032262987525870633,0.0,0.0,0.0
ENSG00000187608,0.0,0.0,0.003266460147847483,0.0,0.0,0.0
ENSG00000101605,0.0,0.0,0.0,0.0,0.0,0.012241400416207615
ENSG00000115255,0.0,0.0,0.003022814349934269,0.0,0.0,0.0
ENSG00000197893,0.0,0.0,0.0,0.0,0.0,0.00030603501040519035
ENSG00000105048,0.00574763342720456,0.0,0.0,0.0,0.0,0.0
ENSG00000006128,0.0007396600278220745,0.0,0.0,0.0,0.0,0.0
ENSG00000179344,0.0,0.0,0.003269137574198178,0.0,0.0,0.0
ENSG00000182636,0.0,0.0,0.0031914922100280325,0.0,0.0,0.0
ENSG00000120937,0.0,0.0,0.0,3.3618417513850785e-05,0.0,0.0
ENSG00000198682,0.0,0.0,0.0032102341944828952,0.0,0.0,0.0
ENSG00000104140,0.0,0.0,0.003188814783677338,0.0,0.0,0.0
ENSG00000196296,0.0,0.0,0.0,0.0,0.0,0.0029379360998898272
ENSG00000160882,0.0,0.0,0.0,0.0,0.0,0.0
ENSG00000105655,0.0,0.0,0.003266460147847483,0.0,0.0,0.0
ENSG00000163126,0.0,0.0,0.0,0.0,0.0,0.001836210062431142
ENSG00000081041,0.0,0.0,0.0,0.0035097627884460225,0.0,0.0
ENSG00000167772,0.0,0.0,0.0,0.007039696627400355,0.0,0.0
ENSG00000115523,0.0,0.0,0.001590391252312627,0.0,0.0,0.0
ENSG00000158022,0.0,0.0,0.0,0.0,0.0,0.0005508630187293427
ENSG00000140465,0.000244291385335731,0.0,0.0,0.0,0.0,0.0
ENSG00000128594,0.0,0.0,0.0006907759984792219,0.0,0.0,0.0
ENSG00000168386,0.0,0.0,0.003188814783677338,0.0,0.0,0.0
ENSG00000134184,0.003956163268075866,0.0,0.0,0.0,0.0,0.0
ENSG00000140379,0.0,0.0,0.0,0.006138723038029154,0.0,0.0
ENSG00000117586,0.0,0.0,0.0,0.005600828357807541,0.0,0.0
ENSG00000177791,0.0,0.0,0.0,0.0,0.0,0.017811237605582078
ENSG00000119862,0.0,0.0,0.003250395589743315,0.0,0.0,0.0
ENSG00000187260,0.0,0.0,0.0,0.002481039212522188,0.0,0.0
ENSG00000215704,0.0,0.0,0.0,2.689473401108063e-05,0.0,0.0
ENSG00000019991,0.0,0.0,0.0,0.002245710289925233,0.0,0.0
ENSG00000167394,0.0,0.0,0.002575684149368261,0.0,0.0,0.0
ENSG00000116990,0.0,0.0,0.002176747623114757,0.0,0.0,0.0
ENSG00000129170,0.0,0.0,0.0,0.0,0.0,0.0003672420124862284
ENSG00000168234,0.0,0.0,0.0032236213262363685,0.0,0.0,0.0
ENSG00000159197,0.0,0.0,9.103249592361838e-05,0.0,0.0,0.0
ENSG00000198125,0.007939470023411258,0.0,0.0,0.0,0.0,0.0
ENSG00000171195,0.0005767991042649204,0.0,0.0,0.0,0.0,0.0
ENSG00000099984,0.0,0.0,0.0,8.740788553601204e-05,0.0,0.0
ENSG00000160255,0.0,0.0,0.0032637827214967883,0.0,0.0,0.0
ENSG00000185559,0.0,0.0,0.0,0.0,0.0,0.006732770228914188
ENSG00000198502,0.0,0.0,0.0032718150005488725,0.0,0.0,0.0
ENSG00000101307,0.0,0.0,0.00022222638710765665,0.0,0.0,0.0
ENSG00000137752,0.0,0.0,0.0031700727992224754,0.0,0.0,0.0
ENSG00000124225,0.0,0.0,0.003269137574198178,0.0,0.0,0.0
ENSG00000132965,0.0,0.0,0.00325307301609401,0.0,0.0,0.0
ENSG00000100033,0.0,0.0,0.0,0.001970039266311656,0.0,0.0
ENSG00000147883,0.0,0.0,0.0031941696363787272,0.0,0.0,0.0
ENSG00000119535,0.006568723916805212,0.0,0.0,0.0,0.0,0.0
ENSG00000086967,0.0,0.0,0.0,0.0,0.0,0.0014077610478638756
ENSG00000178222,0.0,0.0,0.0006827437194271379,0.0,0.0,0.0
ENSG00000169991,0.0,0.0,0.0032102341944828952,0.0,0.0,0.0
ENSG00000106333,0.0,0.0,0.003269137574198178,0.0,0.0,0.0
ENSG00000169252,0.0027822074441013808,0.0,0.0,0.0,0.0,0.0
ENSG00000154262,0.0015132494147185559,0.0,0.0,0.0,0.0,0.0
ENSG00000143119,0.0,0.0,0.0032718150005488725,0.0,0.0,0.0
ENSG00000254709,0.0,0.0,0.0,0.006710236135764617,0.0,0.0
ENSG00000119711,0.008278763614155329,0.0,0.0,0.0,0.0,0.0
ENSG00000206172,0.00027143487259525666,0.0,0.0,0.0,0.0,0.0
ENSG00000135346,0.0,0.04062751407884151,0.0,0.0,0.0,0.0
ENSG00000173110,0.0,0.0,0.0,0.0,0.0,0.0572285469457706
ENSG00000134824,0.0,0.0,0.0031004597141044143,0.0,0.0,0.0
ENSG00000169282,0.0,0.0,0.0,0.0017817761282340919,0.0,0.0
ENSG00000146122,0.0,0.0,0.002725620025007162,0.0,0.0,0.0
ENSG00000143318,0.0,0.0,0.0,0.0,0.0,0.014689680499449137
ENSG00000164237,0.0,0.0,0.003188814783677338,0.0,0.0,0.0
ENSG00000147872,0.0,0.0,0.0,0.008216341240385132,0.0,0.0
ENSG00000164284,0.0,0.0,0.0032718150005488725,0.0,0.0,0.0
ENSG00000109061,0.0,0.0,0.0,0.0,0.0,0.0016525890561880279
ENSG00000168928,0.0,0.0,0.0,6.723683502770157e-06,0.0,0.0
ENSG00000184292,0.0,0.0,0.0032477181633926203,0.0,0.0,0.0
ENSG00000137392,0.0,0.0,0.0005863563708021301,0.0,0.0,0.0
ENSG00000168925,0.0,0.0,0.0,2.0171050508310473e-05,0.0,0.0
ENSG00000115425,0.0,0.0,0.003148653388416918,0.0,0.0,0.0
ENSG00000160188,0.0,0.0,0.0023400706305071314,0.0,0.0,0.0
ENSG00000172724,0.0,0.0,0.0,0.006891775590339411,0.0,0.0
ENSG00000175535,0.0,0.0,0.0,3.3618417513850785e-05,0.0,0.0
ENSG00000196091,0.0,0.0,0.0,0.0,0.0,0.023013832782470316
ENSG00000182272,0.0,0.0,0.003108491993156498,0.0,0.0,0.0
ENSG00000101210,0.0,0.0,0.0,0.0,0.04831714905251249,0.0
ENSG00000152154,0.0,0.0,0.0,0.0022860523909418538,0.0,0.0
ENSG00000088882,0.0,0.0,0.0031781050782745592,0.0,0.0,0.0
ENSG00000169442,0.0,0.0,0.0,0.00812220967134635,0.0,0.0
ENSG00000125650,0.0,0.0,0.0014243908185695583,0.0,0.0,0.0
ENSG00000091704,0.00018321853900179827,0.0,0.0,0.0,0.0,0.0
ENSG00000102575,0.0,0.0,0.0032637827214967883,0.0,0.0,0.0
ENSG00000105679,0.0,0.0,0.0,2.689473401108063e-05,0.0,0.0
ENSG00000105374,0.0,0.0,0.0,0.007254854499489,0.0,0.0
ENSG00000049759,0.0,0.0,0.0032396858843405365,0.0,0.0,0.0
ENSG00000166825,0.008054829844264241,0.0,0.0,0.0,0.0,0.0
ENSG00000242574,0.0,0.0,0.0032396858843405365,0.0,0.0,0.0
ENSG00000143110,0.0,0.0,0.0032262987525870633,0.0,0.0,0.0
ENSG00000178104,0.0,0.0,0.0031995244890801167,0.0,0.0,0.0
ENSG00000169885,0.0004275099243375293,0.0,0.0,0.0,0.0,0.0
ENSG00000179751,0.0,0.0,0.0,2.0171050508310473e-05,0.0,0.0
ENSG00000142615,0.0,0.0,0.0,1.3447367005540315e-05,0.0,0.0
ENSG00000163141,0.00747124486818444,0.0,0.0,0.0,0.0,0.0
ENSG00000183486,0.0,0.0,0.0026292326763821543,0.0,0.0,0.0
ENSG00000183628,0.0,0.0,0.0008540990058715959,0.0,0.0,0.0
ENSG00000162078,0.0,0.0,0.0030656531715453836,0.0,0.0,0.0
ENSG00000243480,0.0,0.0014078841512469831,0.0,0.0,0.0,0.0
ENSG00000121769,0.008271977742340448,0.0,0.0,0.0,0.0,0.0
ENSG00000134317,0.0,0.0,0.003148653388416918,0.0,0.0,0.0
ENSG00000136244,0.002748278085026974,0.0,0.0,0.0,0.0,0.0
ENSG00000129596,0.004580463475044956,0.0,0.0,0.0,0.0,0.0
ENSG00000134339,0.0,0.0,0.0,0.004336775859286751,0.0,0.0
ENSG00000134531,0.0,0.0,0.0032718150005488725,0.0,0.0,0.0
ENSG00000110852,0.0,0.0,0.003159363093819697,0.0,0.0,0.0
ENSG00000053438,0.0,0.0,0.0,0.0032206443978269055,0.0,0.0
ENSG00000133985,0.0,0.0,0.00317275022557317,0.0,0.0,0.0
ENSG00000004776,0.006690869609473077,0.0,0.0,0.0,0.0,0.0
ENSG00000187699,0.0,0.0,0.0,0.0016741971921897692,0.0,0.0
ENSG00000109220,0.0,0.0,0.0032718150005488725,0.0,0.0,0.0
ENSG00000079337,0.004906185322159264,0.0,0.0,0.0,0.0,0.0
ENSG00000184254,0.0,0.0,0.0,0.006461459846162121,0.0,0.0
ENSG00000116678,0.0034947239846639297,0.0,0.0,0.0,0.0,0.0
ENSG00000135052,0.0,0.0,0.0032718150005488725,0.0,0.0,0.0
ENSG00000271043,0.0,0.0,0.0,0.0,0.0,0.0022646590769984085
ENSG00000177575,0.0,0.0,0.0031861373573266434,0.0,0.0,0.0
ENSG00000184113,0.00598513894072541,0.0,0.0,0.0,0.0,0.0
ENSG00000161055,0.0,0.0,0.0,0.004007315367651014,0.0,0.0
ENSG00000106483,0.008034472228819598,0.0,0.0,0.0,0.0,0.0
ENSG00000128045,0.0,0.0,0.0026426198081356276,0.0,0.0,0.0
ENSG00000036448,0.0,0.0,0.0,0.0002891183906191168,0.0,0.0
ENSG00000118785,0.0,0.0,0.003269137574198178,0.0,0.0,0.0
ENSG00000115919,0.0,0.0,0.0,0.0019364208487978054,0.0,0.0
ENSG00000170835,0.0,0.0,0.0,0.0009547630573933624,0.0,0.0
ENSG00000038945,0.0,0.0,0.0031673953728717807,0.0,0.0,0.0
ENSG00000241399,0.0,0.0,0.0026586843662397956,0.0,0.0,0.0
ENSG00000122694,0.0,0.0,0.0,0.008175999139368511,0.0,0.0
ENSG00000140479,0.0,0.0,0.002281167250791849,0.0,0.0,0.0
ENSG00000136160,0.006039425915244461,0.0,0.0,0.0,0.0,0.0
ENSG00000115107,0.0,0.0,0.0032637827214967883,0.0,0.0,0.0
ENSG00000173599,0.0,0.0,0.0032557504424447045,0.0,0.0,0.0
ENSG00000122861,0.0,0.0,0.0032718150005488725,0.0,0.0,0.0
ENSG00000145358,0.0021239778780578833,0.0,0.0,0.0,0.0,0.0
ENSG00000160111,0.0,0.0,0.001362810012503581,0.0,0.0,0.0
ENSG00000196565,6.785871814881417e-06,0.0,0.0,0.0,0.0,0.0
ENSG00000129167,0.0,0.02091713596138375,0.0,0.0,0.0,0.0
ENSG00000073060,0.0,0.0,0.003269137574198178,0.0,0.0,0.0
ENSG00000011600,0.0,0.0,0.0032718150005488725,0.0,0.0,0.0
ENSG00000204482,0.0,0.0,0.0030602983188439945,0.0,0.0,0.0
ENSG00000107821,0.0,0.0,0.002752394288514109,0.0,0.0,0.0
ENSG00000132530,0.0,0.0,0.0021740701967640627,0.0,0.0,0.0
ENSG00000119938,0.007179452380144539,0.0,0.0,0.0,0.0,0.0
ENSG00000198576,0.0,0.0,0.0008728409903264586,0.0,0.0,0.0
ENSG00000136826,0.008122688562413057,0.0,0.0,0.0,0.0,0.0
ENSG00000122641,0.0,0.0,0.0,0.007557420257113657,0.0,0.0
ENSG00000029534,0.0,0.015285599356395816,0.0,0.0,0.0,0.0
ENSG00000162706,0.0025379160587656498,0.0,0.0,0.0,0.0,0.0
ENSG00000104894,0.0,0.0,0.0031540082411183074,0.0,0.0,0.0
ENSG00000111247,0.0,0.0,0.003006749791830101,0.0,0.0,0.0
ENSG00000102760,0.0,0.0,0.0032718150005488725,0.0,0.0,0.0
ENSG00000168994,0.0,0.0,0.0,0.008202893873379592,0.0,0.0
ENSG00000181856,0.0013775319784209276,0.0,0.0,0.0,0.0,0.0
ENSG00000141741,0.0,0.0,0.0032718150005488725,0.0,0.0,0.0
ENSG00000158869,0.0,0.0,0.0032718150005488725,0.0,0.0,0.0
